# Export from Prisma3D 3.1.0
mtllib 立方体.mtl
o 球体
v -0.02512024 -0.3622223 0.5894967
v 0 -0.3622223 0.5917014
v 0 -0.3750001 0.5269967
v -0.02512024 -0.3622223 0.5894967
v -0.04852857 -0.3247596 0.6477374
v 0 -0.3247596 0.6519967
v 0 -0.3622223 0.5917014
v -0.04852857 -0.3247596 0.6477374
v -0.06862976 -0.2651651 0.6977499
v 0 -0.2651651 0.7037734
v 0 -0.3247596 0.6519967
v -0.06862976 -0.2651651 0.6977499
v -0.08405396 -0.1875 0.7361258
v 0 -0.1875 0.743503
v 0 -0.2651651 0.7037734
v -0.08405396 -0.1875 0.7361258
v -0.09375 -0.09705721 0.7602499
v 0 -0.09705721 0.7684782
v 0 -0.1875 0.743503
v -0.09375 -0.09705721 0.7602499
v -0.09705714 -4.643112E-08 0.7684782
v 0 -4.643112E-08 0.7769967
v 0 -0.09705721 0.7684782
v -0.09705714 -4.643112E-08 0.7684782
v -0.09375 0.09705713 0.7602499
v 0 0.09705713 0.7684782
v 0 -4.643112E-08 0.7769967
v -0.09375 0.09705713 0.7602499
v -0.08405395 0.1875 0.7361257
v 0 0.1875 0.743503
v 0 0.09705713 0.7684782
v -0.08405395 0.1875 0.7361257
v -0.06862976 0.265165 0.6977499
v 0 0.265165 0.7037734
v 0 0.1875 0.743503
v -0.06862976 0.265165 0.6977499
v -0.04852857 0.3247595 0.6477374
v 0 0.3247595 0.6519967
v 0 0.265165 0.7037734
v -0.04852857 0.3247595 0.6477374
v -0.02512022 0.3622221 0.5894966
v 0 0.3622221 0.5917014
v 0 0.3247595 0.6519967
v -0.02512022 0.3622221 0.5894966
v 8.485005E-09 0.3749999 0.5269967
v 0 0.3622221 0.5917014
v -0.04852857 -0.3622223 0.5830326
v -0.02512024 -0.3622223 0.5894967
v 0 -0.3750001 0.5269967
v -0.04852857 -0.3622223 0.5830326
v -0.09375 -0.3247596 0.6352499
v -0.04852857 -0.3247596 0.6477374
v -0.02512024 -0.3622223 0.5894967
v -0.09375 -0.3247596 0.6352499
v -0.1325825 -0.2651651 0.6800898
v -0.06862976 -0.2651651 0.6977499
v -0.04852857 -0.3247596 0.6477374
v -0.1325825 -0.2651651 0.6800898
v -0.1623798 -0.1875 0.7144967
v -0.08405396 -0.1875 0.7361258
v -0.06862976 -0.2651651 0.6977499
v -0.1623798 -0.1875 0.7144967
v -0.1811111 -0.09705721 0.7361257
v -0.09375 -0.09705721 0.7602499
v -0.08405396 -0.1875 0.7361258
v -0.1811111 -0.09705721 0.7361257
v -0.1875 -4.643112E-08 0.743503
v -0.09705714 -4.643112E-08 0.7684782
v -0.09375 -0.09705721 0.7602499
v -0.1875 -4.643112E-08 0.743503
v -0.1811111 0.09705713 0.7361257
v -0.09375 0.09705713 0.7602499
v -0.09705714 -4.643112E-08 0.7684782
v -0.1811111 0.09705713 0.7361257
v -0.1623798 0.1875 0.7144967
v -0.08405395 0.1875 0.7361257
v -0.09375 0.09705713 0.7602499
v -0.1623798 0.1875 0.7144967
v -0.1325825 0.265165 0.6800898
v -0.06862976 0.265165 0.6977499
v -0.08405395 0.1875 0.7361257
v -0.1325825 0.265165 0.6800898
v -0.09375002 0.3247595 0.6352499
v -0.04852857 0.3247595 0.6477374
v -0.06862976 0.265165 0.6977499
v -0.09375002 0.3247595 0.6352499
v -0.04852855 0.3622221 0.5830326
v -0.02512022 0.3622221 0.5894966
v -0.04852857 0.3247595 0.6477374
v -0.04852855 0.3622221 0.5830326
v 8.485005E-09 0.3749999 0.5269967
v -0.02512022 0.3622221 0.5894966
v -0.06862976 -0.3622223 0.5727499
v -0.04852857 -0.3622223 0.5830326
v 0 -0.3750001 0.5269967
v -0.06862976 -0.3622223 0.5727499
v -0.1325825 -0.3247596 0.615385
v -0.09375 -0.3247596 0.6352499
v -0.04852857 -0.3622223 0.5830326
v -0.1325825 -0.3247596 0.615385
v -0.1875 -0.2651651 0.6519967
v -0.1325825 -0.2651651 0.6800898
v -0.09375 -0.3247596 0.6352499
v -0.1875 -0.2651651 0.6519967
v -0.2296397 -0.1875 0.6800898
v -0.1623798 -0.1875 0.7144967
v -0.1325825 -0.2651651 0.6800898
v -0.2296397 -0.1875 0.6800898
v -0.2561297 -0.09705721 0.6977499
v -0.1811111 -0.09705721 0.7361257
v -0.1623798 -0.1875 0.7144967
v -0.2561297 -0.09705721 0.6977499
v -0.265165 -4.643112E-08 0.7037734
v -0.1875 -4.643112E-08 0.743503
v -0.1811111 -0.09705721 0.7361257
v -0.265165 -4.643112E-08 0.7037734
v -0.2561297 0.09705713 0.6977499
v -0.1811111 0.09705713 0.7361257
v -0.1875 -4.643112E-08 0.743503
v -0.2561297 0.09705713 0.6977499
v -0.2296396 0.1875 0.6800898
v -0.1623798 0.1875 0.7144967
v -0.1811111 0.09705713 0.7361257
v -0.2296396 0.1875 0.6800898
v -0.1875 0.265165 0.6519967
v -0.1325825 0.265165 0.6800898
v -0.1623798 0.1875 0.7144967
v -0.1875 0.265165 0.6519967
v -0.1325825 0.3247595 0.6153851
v -0.09375002 0.3247595 0.6352499
v -0.1325825 0.265165 0.6800898
v -0.1325825 0.3247595 0.6153851
v -0.06862974 0.3622221 0.5727499
v -0.04852855 0.3622221 0.5830326
v -0.09375002 0.3247595 0.6352499
v -0.06862974 0.3622221 0.5727499
v 8.485005E-09 0.3749999 0.5269967
v -0.04852855 0.3622221 0.5830326
v -0.08405396 -0.3622223 0.5593491
v -0.06862976 -0.3622223 0.5727499
v 0 -0.3750001 0.5269967
v -0.08405396 -0.3622223 0.5593491
v -0.1623798 -0.3247596 0.5894967
v -0.1325825 -0.3247596 0.615385
v -0.06862976 -0.3622223 0.5727499
v -0.1623798 -0.3247596 0.5894967
v -0.2296397 -0.2651651 0.615385
v -0.1875 -0.2651651 0.6519967
v -0.1325825 -0.3247596 0.615385
v -0.2296397 -0.2651651 0.615385
v -0.2812501 -0.1875 0.6352499
v -0.2296397 -0.1875 0.6800898
v -0.1875 -0.2651651 0.6519967
v -0.2812501 -0.1875 0.6352499
v -0.3136936 -0.09705721 0.6477374
v -0.2561297 -0.09705721 0.6977499
v -0.2296397 -0.1875 0.6800898
v -0.3136936 -0.09705721 0.6477374
v -0.3247595 -4.643112E-08 0.6519967
v -0.265165 -4.643112E-08 0.7037734
v -0.2561297 -0.09705721 0.6977499
v -0.3247595 -4.643112E-08 0.6519967
v -0.3136936 0.09705713 0.6477374
v -0.2561297 0.09705713 0.6977499
v -0.265165 -4.643112E-08 0.7037734
v -0.3136936 0.09705713 0.6477374
v -0.28125 0.1875 0.6352499
v -0.2296396 0.1875 0.6800898
v -0.2561297 0.09705713 0.6977499
v -0.28125 0.1875 0.6352499
v -0.2296397 0.265165 0.615385
v -0.1875 0.265165 0.6519967
v -0.2296396 0.1875 0.6800898
v -0.2296397 0.265165 0.615385
v -0.1623798 0.3247595 0.5894967
v -0.1325825 0.3247595 0.6153851
v -0.1875 0.265165 0.6519967
v -0.1623798 0.3247595 0.5894967
v -0.08405392 0.3622221 0.5593491
v -0.06862974 0.3622221 0.5727499
v -0.1325825 0.3247595 0.6153851
v -0.08405392 0.3622221 0.5593491
v 8.485005E-09 0.3749999 0.5269967
v -0.06862974 0.3622221 0.5727499
v -0.09375 -0.3622223 0.5437435
v -0.08405396 -0.3622223 0.5593491
v 0 -0.3750001 0.5269967
v -0.09375 -0.3622223 0.5437435
v -0.1811111 -0.3247596 0.5593491
v -0.1623798 -0.3247596 0.5894967
v -0.08405396 -0.3622223 0.5593491
v -0.1811111 -0.3247596 0.5593491
v -0.2561297 -0.2651651 0.5727499
v -0.2296397 -0.2651651 0.615385
v -0.1623798 -0.3247596 0.5894967
v -0.2561297 -0.2651651 0.5727499
v -0.3136936 -0.1875 0.5830327
v -0.2812501 -0.1875 0.6352499
v -0.2296397 -0.2651651 0.615385
v -0.3136936 -0.1875 0.5830327
v -0.3498797 -0.09705721 0.5894967
v -0.3136936 -0.09705721 0.6477374
v -0.2812501 -0.1875 0.6352499
v -0.3498797 -0.09705721 0.5894967
v -0.3622222 -4.643112E-08 0.5917014
v -0.3247595 -4.643112E-08 0.6519967
v -0.3136936 -0.09705721 0.6477374
v -0.3622222 -4.643112E-08 0.5917014
v -0.3498797 0.09705713 0.5894967
v -0.3136936 0.09705713 0.6477374
v -0.3247595 -4.643112E-08 0.6519967
v -0.3498797 0.09705713 0.5894967
v -0.3136936 0.1875 0.5830327
v -0.28125 0.1875 0.6352499
v -0.3136936 0.09705713 0.6477374
v -0.3136936 0.1875 0.5830327
v -0.2561297 0.265165 0.5727499
v -0.2296397 0.265165 0.615385
v -0.28125 0.1875 0.6352499
v -0.2561297 0.265165 0.5727499
v -0.1811111 0.3247595 0.5593491
v -0.1623798 0.3247595 0.5894967
v -0.2296397 0.265165 0.615385
v -0.1811111 0.3247595 0.5593491
v -0.09374996 0.3622221 0.5437435
v -0.08405392 0.3622221 0.5593491
v -0.1623798 0.3247595 0.5894967
v -0.09374996 0.3622221 0.5437435
v 8.485005E-09 0.3749999 0.5269967
v -0.08405392 0.3622221 0.5593491
v -0.09705714 -0.3622223 0.5269967
v -0.09375 -0.3622223 0.5437435
v 0 -0.3750001 0.5269967
v -0.09705714 -0.3622223 0.5269967
v -0.1875 -0.3247596 0.5269967
v -0.1811111 -0.3247596 0.5593491
v -0.09375 -0.3622223 0.5437435
v -0.1875 -0.3247596 0.5269967
v -0.265165 -0.2651651 0.5269967
v -0.2561297 -0.2651651 0.5727499
v -0.1811111 -0.3247596 0.5593491
v -0.265165 -0.2651651 0.5269967
v -0.3247595 -0.1875 0.5269967
v -0.3136936 -0.1875 0.5830327
v -0.2561297 -0.2651651 0.5727499
v -0.3247595 -0.1875 0.5269967
v -0.3622222 -0.09705721 0.5269967
v -0.3498797 -0.09705721 0.5894967
v -0.3136936 -0.1875 0.5830327
v -0.3622222 -0.09705721 0.5269967
v -0.375 -4.643112E-08 0.5269967
v -0.3622222 -4.643112E-08 0.5917014
v -0.3498797 -0.09705721 0.5894967
v -0.375 -4.643112E-08 0.5269967
v -0.3622222 0.09705713 0.5269967
v -0.3498797 0.09705713 0.5894967
v -0.3622222 -4.643112E-08 0.5917014
v -0.3622222 0.09705713 0.5269967
v -0.3247595 0.1875 0.5269967
v -0.3136936 0.1875 0.5830327
v -0.3498797 0.09705713 0.5894967
v -0.3247595 0.1875 0.5269967
v -0.265165 0.265165 0.5269967
v -0.2561297 0.265165 0.5727499
v -0.3136936 0.1875 0.5830327
v -0.265165 0.265165 0.5269967
v -0.1875 0.3247595 0.5269967
v -0.1811111 0.3247595 0.5593491
v -0.2561297 0.265165 0.5727499
v -0.1875 0.3247595 0.5269967
v -0.0970571 0.3622221 0.5269967
v -0.09374996 0.3622221 0.5437435
v -0.1811111 0.3247595 0.5593491
v -0.0970571 0.3622221 0.5269967
v 8.485005E-09 0.3749999 0.5269967
v -0.09374996 0.3622221 0.5437435
v -0.09375 -0.3622223 0.5102499
v -0.09705714 -0.3622223 0.5269967
v 0 -0.3750001 0.5269967
v -0.09375 -0.3622223 0.5102499
v -0.1811111 -0.3247596 0.4946443
v -0.1875 -0.3247596 0.5269967
v -0.09705714 -0.3622223 0.5269967
v -0.1811111 -0.3247596 0.4946443
v -0.2561297 -0.2651651 0.4812435
v -0.265165 -0.2651651 0.5269967
v -0.1875 -0.3247596 0.5269967
v -0.2561297 -0.2651651 0.4812435
v -0.3136936 -0.1875 0.4709607
v -0.3247595 -0.1875 0.5269967
v -0.265165 -0.2651651 0.5269967
v -0.3136936 -0.1875 0.4709607
v -0.3498797 -0.09705721 0.4644966
v -0.3622222 -0.09705721 0.5269967
v -0.3247595 -0.1875 0.5269967
v -0.3498797 -0.09705721 0.4644966
v -0.3622222 -4.643112E-08 0.4622919
v -0.375 -4.643112E-08 0.5269967
v -0.3622222 -0.09705721 0.5269967
v -0.3622222 -4.643112E-08 0.4622919
v -0.3498797 0.09705713 0.4644966
v -0.3622222 0.09705713 0.5269967
v -0.375 -4.643112E-08 0.5269967
v -0.3498797 0.09705713 0.4644966
v -0.3136936 0.1875 0.4709607
v -0.3247595 0.1875 0.5269967
v -0.3622222 0.09705713 0.5269967
v -0.3136936 0.1875 0.4709607
v -0.2561297 0.265165 0.4812435
v -0.265165 0.265165 0.5269967
v -0.3247595 0.1875 0.5269967
v -0.2561297 0.265165 0.4812435
v -0.1811111 0.3247595 0.4946443
v -0.1875 0.3247595 0.5269967
v -0.265165 0.265165 0.5269967
v -0.1811111 0.3247595 0.4946443
v -0.09374996 0.3622221 0.5102499
v -0.0970571 0.3622221 0.5269967
v -0.1875 0.3247595 0.5269967
v -0.09374996 0.3622221 0.5102499
v 8.485005E-09 0.3749999 0.5269967
v -0.0970571 0.3622221 0.5269967
v -0.08405395 -0.3622223 0.4946443
v -0.09375 -0.3622223 0.5102499
v 0 -0.3750001 0.5269967
v -0.08405395 -0.3622223 0.4946443
v -0.1623798 -0.3247596 0.4644967
v -0.1811111 -0.3247596 0.4946443
v -0.09375 -0.3622223 0.5102499
v -0.1623798 -0.3247596 0.4644967
v -0.2296396 -0.2651651 0.4386083
v -0.2561297 -0.2651651 0.4812435
v -0.1811111 -0.3247596 0.4946443
v -0.2296396 -0.2651651 0.4386083
v -0.28125 -0.1875 0.4187435
v -0.3136936 -0.1875 0.4709607
v -0.2561297 -0.2651651 0.4812435
v -0.28125 -0.1875 0.4187435
v -0.3136936 -0.09705721 0.4062559
v -0.3498797 -0.09705721 0.4644966
v -0.3136936 -0.1875 0.4709607
v -0.3136936 -0.09705721 0.4062559
v -0.3247595 -4.643112E-08 0.4019966
v -0.3622222 -4.643112E-08 0.4622919
v -0.3498797 -0.09705721 0.4644966
v -0.3247595 -4.643112E-08 0.4019966
v -0.3136936 0.09705713 0.4062559
v -0.3498797 0.09705713 0.4644966
v -0.3622222 -4.643112E-08 0.4622919
v -0.3136936 0.09705713 0.4062559
v -0.28125 0.1875 0.4187435
v -0.3136936 0.1875 0.4709607
v -0.3498797 0.09705713 0.4644966
v -0.28125 0.1875 0.4187435
v -0.2296396 0.265165 0.4386083
v -0.2561297 0.265165 0.4812435
v -0.3136936 0.1875 0.4709607
v -0.2296396 0.265165 0.4386083
v -0.1623798 0.3247595 0.4644967
v -0.1811111 0.3247595 0.4946443
v -0.2561297 0.265165 0.4812435
v -0.1623798 0.3247595 0.4644967
v -0.08405392 0.3622221 0.4946443
v -0.09374996 0.3622221 0.5102499
v -0.1811111 0.3247595 0.4946443
v -0.08405392 0.3622221 0.4946443
v 8.485005E-09 0.3749999 0.5269967
v -0.09374996 0.3622221 0.5102499
v -0.06862976 -0.3622223 0.4812435
v -0.08405395 -0.3622223 0.4946443
v 0 -0.3750001 0.5269967
v -0.06862976 -0.3622223 0.4812435
v -0.1325825 -0.3247596 0.4386083
v -0.1623798 -0.3247596 0.4644967
v -0.08405395 -0.3622223 0.4946443
v -0.1325825 -0.3247596 0.4386083
v -0.1875 -0.2651651 0.4019967
v -0.2296396 -0.2651651 0.4386083
v -0.1623798 -0.3247596 0.4644967
v -0.1875 -0.2651651 0.4019967
v -0.2296397 -0.1875 0.3739035
v -0.28125 -0.1875 0.4187435
v -0.2296396 -0.2651651 0.4386083
v -0.2296397 -0.1875 0.3739035
v -0.2561297 -0.09705721 0.3562435
v -0.3136936 -0.09705721 0.4062559
v -0.28125 -0.1875 0.4187435
v -0.2561297 -0.09705721 0.3562435
v -0.265165 -4.643112E-08 0.35022
v -0.3247595 -4.643112E-08 0.4019966
v -0.3136936 -0.09705721 0.4062559
v -0.265165 -4.643112E-08 0.35022
v -0.2561297 0.09705713 0.3562435
v -0.3136936 0.09705713 0.4062559
v -0.3247595 -4.643112E-08 0.4019966
v -0.2561297 0.09705713 0.3562435
v -0.2296396 0.1875 0.3739036
v -0.28125 0.1875 0.4187435
v -0.3136936 0.09705713 0.4062559
v -0.2296396 0.1875 0.3739036
v -0.1875 0.265165 0.4019967
v -0.2296396 0.265165 0.4386083
v -0.28125 0.1875 0.4187435
v -0.1875 0.265165 0.4019967
v -0.1325825 0.3247595 0.4386083
v -0.1623798 0.3247595 0.4644967
v -0.2296396 0.265165 0.4386083
v -0.1325825 0.3247595 0.4386083
v -0.06862974 0.3622221 0.4812435
v -0.08405392 0.3622221 0.4946443
v -0.1623798 0.3247595 0.4644967
v -0.06862974 0.3622221 0.4812435
v 8.485005E-09 0.3749999 0.5269967
v -0.08405392 0.3622221 0.4946443
v -0.04852857 -0.3622223 0.4709607
v -0.06862976 -0.3622223 0.4812435
v 0 -0.3750001 0.5269967
v -0.04852857 -0.3622223 0.4709607
v -0.09375002 -0.3247596 0.4187435
v -0.1325825 -0.3247596 0.4386083
v -0.06862976 -0.3622223 0.4812435
v -0.09375002 -0.3247596 0.4187435
v -0.1325825 -0.2651651 0.3739036
v -0.1875 -0.2651651 0.4019967
v -0.1325825 -0.3247596 0.4386083
v -0.1325825 -0.2651651 0.3739036
v -0.1623798 -0.1875 0.3394967
v -0.2296397 -0.1875 0.3739035
v -0.1875 -0.2651651 0.4019967
v -0.1623798 -0.1875 0.3394967
v -0.1811111 -0.09705721 0.3178676
v -0.2561297 -0.09705721 0.3562435
v -0.2296397 -0.1875 0.3739035
v -0.1811111 -0.09705721 0.3178676
v -0.1875 -4.643112E-08 0.3104903
v -0.265165 -4.643112E-08 0.35022
v -0.2561297 -0.09705721 0.3562435
v -0.1875 -4.643112E-08 0.3104903
v -0.1811111 0.09705713 0.3178676
v -0.2561297 0.09705713 0.3562435
v -0.265165 -4.643112E-08 0.35022
v -0.1811111 0.09705713 0.3178676
v -0.1623798 0.1875 0.3394967
v -0.2296396 0.1875 0.3739036
v -0.2561297 0.09705713 0.3562435
v -0.1623798 0.1875 0.3394967
v -0.1325825 0.265165 0.3739036
v -0.1875 0.265165 0.4019967
v -0.2296396 0.1875 0.3739036
v -0.1325825 0.265165 0.3739036
v -0.09375002 0.3247595 0.4187435
v -0.1325825 0.3247595 0.4386083
v -0.1875 0.265165 0.4019967
v -0.09375002 0.3247595 0.4187435
v -0.04852855 0.3622221 0.4709607
v -0.06862974 0.3622221 0.4812435
v -0.1325825 0.3247595 0.4386083
v -0.04852855 0.3622221 0.4709607
v 8.485005E-09 0.3749999 0.5269967
v -0.06862974 0.3622221 0.4812435
v -0.02512022 -0.3622223 0.4644967
v -0.04852857 -0.3622223 0.4709607
v 0 -0.3750001 0.5269967
v -0.02512022 -0.3622223 0.4644967
v -0.04852855 -0.3247596 0.4062559
v -0.09375002 -0.3247596 0.4187435
v -0.04852857 -0.3622223 0.4709607
v -0.04852855 -0.3247596 0.4062559
v -0.06862974 -0.2651651 0.3562435
v -0.1325825 -0.2651651 0.3739036
v -0.09375002 -0.3247596 0.4187435
v -0.06862974 -0.2651651 0.3562435
v -0.08405392 -0.1875 0.3178676
v -0.1623798 -0.1875 0.3394967
v -0.1325825 -0.2651651 0.3739036
v -0.08405392 -0.1875 0.3178676
v -0.09374996 -0.09705721 0.2937435
v -0.1811111 -0.09705721 0.3178676
v -0.1623798 -0.1875 0.3394967
v -0.09374996 -0.09705721 0.2937435
v -0.0970571 -4.643112E-08 0.2855152
v -0.1875 -4.643112E-08 0.3104903
v -0.1811111 -0.09705721 0.3178676
v -0.0970571 -4.643112E-08 0.2855152
v -0.09374996 0.09705713 0.2937435
v -0.1811111 0.09705713 0.3178676
v -0.1875 -4.643112E-08 0.3104903
v -0.09374996 0.09705713 0.2937435
v -0.08405392 0.1875 0.3178676
v -0.1623798 0.1875 0.3394967
v -0.1811111 0.09705713 0.3178676
v -0.08405392 0.1875 0.3178676
v -0.06862974 0.265165 0.3562435
v -0.1325825 0.265165 0.3739036
v -0.1623798 0.1875 0.3394967
v -0.06862974 0.265165 0.3562435
v -0.04852855 0.3247595 0.4062559
v -0.09375002 0.3247595 0.4187435
v -0.1325825 0.265165 0.3739036
v -0.04852855 0.3247595 0.4062559
v -0.02512021 0.3622221 0.4644967
v -0.04852855 0.3622221 0.4709607
v -0.09375002 0.3247595 0.4187435
v -0.02512021 0.3622221 0.4644967
v 8.485005E-09 0.3749999 0.5269967
v -0.04852855 0.3622221 0.4709607
v 8.485005E-09 -0.3622223 0.4622919
v -0.02512022 -0.3622223 0.4644967
v 0 -0.3750001 0.5269967
v 8.485005E-09 -0.3622223 0.4622919
v 1.639177E-08 -0.3247596 0.4019967
v -0.04852855 -0.3247596 0.4062559
v -0.02512022 -0.3622223 0.4644967
v 1.639177E-08 -0.3247596 0.4019967
v 2.318146E-08 -0.2651651 0.35022
v -0.06862974 -0.2651651 0.3562435
v -0.04852855 -0.3247596 0.4062559
v 2.318146E-08 -0.2651651 0.35022
v 2.839138E-08 -0.1875 0.3104903
v -0.08405392 -0.1875 0.3178676
v -0.06862974 -0.2651651 0.3562435
v 2.839138E-08 -0.1875 0.3104903
v 3.166647E-08 -0.09705721 0.2855152
v -0.09374996 -0.09705721 0.2937435
v -0.08405392 -0.1875 0.3178676
v 3.166647E-08 -0.09705721 0.2855152
v 3.278354E-08 -4.643112E-08 0.2769967
v -0.0970571 -4.643112E-08 0.2855152
v -0.09374996 -0.09705721 0.2937435
v 3.278354E-08 -4.643112E-08 0.2769967
v 3.166647E-08 0.09705713 0.2855152
v -0.09374996 0.09705713 0.2937435
v -0.0970571 -4.643112E-08 0.2855152
v 3.166647E-08 0.09705713 0.2855152
v 2.839138E-08 0.1875 0.3104903
v -0.08405392 0.1875 0.3178676
v -0.09374996 0.09705713 0.2937435
v 2.839138E-08 0.1875 0.3104903
v 2.318146E-08 0.265165 0.35022
v -0.06862974 0.265165 0.3562435
v -0.08405392 0.1875 0.3178676
v 2.318146E-08 0.265165 0.35022
v 1.639177E-08 0.3247595 0.4019966
v -0.04852855 0.3247595 0.4062559
v -0.06862974 0.265165 0.3562435
v 1.639177E-08 0.3247595 0.4019966
v 8.485001E-09 0.3622221 0.462292
v -0.02512021 0.3622221 0.4644967
v -0.04852855 0.3247595 0.4062559
v 8.485001E-09 0.3622221 0.462292
v 8.485005E-09 0.3749999 0.5269967
v -0.02512021 0.3622221 0.4644967
v 0.02512024 -0.3622223 0.4644967
v 8.485005E-09 -0.3622223 0.4622919
v 0 -0.3750001 0.5269967
v 0.02512024 -0.3622223 0.4644967
v 0.04852857 -0.3247596 0.4062559
v 1.639177E-08 -0.3247596 0.4019967
v 8.485005E-09 -0.3622223 0.4622919
v 0.04852857 -0.3247596 0.4062559
v 0.06862977 -0.2651651 0.3562435
v 2.318146E-08 -0.2651651 0.35022
v 1.639177E-08 -0.3247596 0.4019967
v 0.06862977 -0.2651651 0.3562435
v 0.08405396 -0.1875 0.3178676
v 2.839138E-08 -0.1875 0.3104903
v 2.318146E-08 -0.2651651 0.35022
v 0.08405396 -0.1875 0.3178676
v 0.09375002 -0.09705721 0.2937435
v 3.166647E-08 -0.09705721 0.2855152
v 2.839138E-08 -0.1875 0.3104903
v 0.09375002 -0.09705721 0.2937435
v 0.09705715 -4.643112E-08 0.2855152
v 3.278354E-08 -4.643112E-08 0.2769967
v 3.166647E-08 -0.09705721 0.2855152
v 0.09705715 -4.643112E-08 0.2855152
v 0.09375002 0.09705713 0.2937435
v 3.166647E-08 0.09705713 0.2855152
v 3.278354E-08 -4.643112E-08 0.2769967
v 0.09375002 0.09705713 0.2937435
v 0.08405396 0.1875 0.3178676
v 2.839138E-08 0.1875 0.3104903
v 3.166647E-08 0.09705713 0.2855152
v 0.08405396 0.1875 0.3178676
v 0.06862977 0.265165 0.3562435
v 2.318146E-08 0.265165 0.35022
v 2.839138E-08 0.1875 0.3104903
v 0.06862977 0.265165 0.3562435
v 0.04852858 0.3247595 0.4062559
v 1.639177E-08 0.3247595 0.4019966
v 2.318146E-08 0.265165 0.35022
v 0.04852858 0.3247595 0.4062559
v 0.02512023 0.3622221 0.4644967
v 8.485001E-09 0.3622221 0.462292
v 1.639177E-08 0.3247595 0.4019966
v 0.02512023 0.3622221 0.4644967
v 8.485005E-09 0.3749999 0.5269967
v 8.485001E-09 0.3622221 0.462292
v 0.04852859 -0.3622223 0.4709607
v 0.02512024 -0.3622223 0.4644967
v 0 -0.3750001 0.5269967
v 0.04852859 -0.3622223 0.4709607
v 0.09375003 -0.3247596 0.4187435
v 0.04852857 -0.3247596 0.4062559
v 0.02512024 -0.3622223 0.4644967
v 0.09375003 -0.3247596 0.4187435
v 0.1325826 -0.2651651 0.3739036
v 0.06862977 -0.2651651 0.3562435
v 0.04852857 -0.3247596 0.4062559
v 0.1325826 -0.2651651 0.3739036
v 0.1623798 -0.1875 0.3394967
v 0.08405396 -0.1875 0.3178676
v 0.06862977 -0.2651651 0.3562435
v 0.1623798 -0.1875 0.3394967
v 0.1811112 -0.09705721 0.3178676
v 0.09375002 -0.09705721 0.2937435
v 0.08405396 -0.1875 0.3178676
v 0.1811112 -0.09705721 0.3178676
v 0.1875001 -4.643112E-08 0.3104903
v 0.09705715 -4.643112E-08 0.2855152
v 0.09375002 -0.09705721 0.2937435
v 0.1875001 -4.643112E-08 0.3104903
v 0.1811112 0.09705713 0.3178676
v 0.09375002 0.09705713 0.2937435
v 0.09705715 -4.643112E-08 0.2855152
v 0.1811112 0.09705713 0.3178676
v 0.1623798 0.1875 0.3394967
v 0.08405396 0.1875 0.3178676
v 0.09375002 0.09705713 0.2937435
v 0.1623798 0.1875 0.3394967
v 0.1325826 0.265165 0.3739036
v 0.06862977 0.265165 0.3562435
v 0.08405396 0.1875 0.3178676
v 0.1325826 0.265165 0.3739036
v 0.09375004 0.3247595 0.4187435
v 0.04852858 0.3247595 0.4062559
v 0.06862977 0.265165 0.3562435
v 0.09375004 0.3247595 0.4187435
v 0.04852857 0.3622221 0.4709607
v 0.02512023 0.3622221 0.4644967
v 0.04852858 0.3247595 0.4062559
v 0.04852857 0.3622221 0.4709607
v 8.485005E-09 0.3749999 0.5269967
v 0.02512023 0.3622221 0.4644967
v 0.06862977 -0.3622223 0.4812435
v 0.04852859 -0.3622223 0.4709607
v 0 -0.3750001 0.5269967
v 0.06862977 -0.3622223 0.4812435
v 0.1325825 -0.3247596 0.4386083
v 0.09375003 -0.3247596 0.4187435
v 0.04852859 -0.3622223 0.4709607
v 0.1325825 -0.3247596 0.4386083
v 0.1875 -0.2651651 0.4019967
v 0.1325826 -0.2651651 0.3739036
v 0.09375003 -0.3247596 0.4187435
v 0.1875 -0.2651651 0.4019967
v 0.2296397 -0.1875 0.3739036
v 0.1623798 -0.1875 0.3394967
v 0.1325826 -0.2651651 0.3739036
v 0.2296397 -0.1875 0.3739036
v 0.2561298 -0.09705721 0.3562435
v 0.1811112 -0.09705721 0.3178676
v 0.1623798 -0.1875 0.3394967
v 0.2561298 -0.09705721 0.3562435
v 0.2651651 -4.643112E-08 0.35022
v 0.1875001 -4.643112E-08 0.3104903
v 0.1811112 -0.09705721 0.3178676
v 0.2651651 -4.643112E-08 0.35022
v 0.2561298 0.09705713 0.3562435
v 0.1811112 0.09705713 0.3178676
v 0.1875001 -4.643112E-08 0.3104903
v 0.2561298 0.09705713 0.3562435
v 0.2296397 0.1875 0.3739036
v 0.1623798 0.1875 0.3394967
v 0.1811112 0.09705713 0.3178676
v 0.2296397 0.1875 0.3739036
v 0.1875 0.265165 0.4019967
v 0.1325826 0.265165 0.3739036
v 0.1623798 0.1875 0.3394967
v 0.1875 0.265165 0.4019967
v 0.1325825 0.3247595 0.4386083
v 0.09375004 0.3247595 0.4187435
v 0.1325826 0.265165 0.3739036
v 0.1325825 0.3247595 0.4386083
v 0.06862974 0.3622221 0.4812435
v 0.04852857 0.3622221 0.4709607
v 0.09375004 0.3247595 0.4187435
v 0.06862974 0.3622221 0.4812435
v 8.485005E-09 0.3749999 0.5269967
v 0.04852857 0.3622221 0.4709607
v 0.08405396 -0.3622223 0.4946443
v 0.06862977 -0.3622223 0.4812435
v 0 -0.3750001 0.5269967
v 0.08405396 -0.3622223 0.4946443
v 0.1623798 -0.3247596 0.4644967
v 0.1325825 -0.3247596 0.4386083
v 0.06862977 -0.3622223 0.4812435
v 0.1623798 -0.3247596 0.4644967
v 0.2296397 -0.2651651 0.4386083
v 0.1875 -0.2651651 0.4019967
v 0.1325825 -0.3247596 0.4386083
v 0.2296397 -0.2651651 0.4386083
v 0.2812501 -0.1875 0.4187435
v 0.2296397 -0.1875 0.3739036
v 0.1875 -0.2651651 0.4019967
v 0.2812501 -0.1875 0.4187435
v 0.3136936 -0.09705721 0.406256
v 0.2561298 -0.09705721 0.3562435
v 0.2296397 -0.1875 0.3739036
v 0.3136936 -0.09705721 0.406256
v 0.3247595 -4.643112E-08 0.4019967
v 0.2651651 -4.643112E-08 0.35022
v 0.2561298 -0.09705721 0.3562435
v 0.3247595 -4.643112E-08 0.4019967
v 0.3136936 0.09705713 0.406256
v 0.2561298 0.09705713 0.3562435
v 0.2651651 -4.643112E-08 0.35022
v 0.3136936 0.09705713 0.406256
v 0.28125 0.1875 0.4187435
v 0.2296397 0.1875 0.3739036
v 0.2561298 0.09705713 0.3562435
v 0.28125 0.1875 0.4187435
v 0.2296397 0.265165 0.4386083
v 0.1875 0.265165 0.4019967
v 0.2296397 0.1875 0.3739036
v 0.2296397 0.265165 0.4386083
v 0.1623798 0.3247595 0.4644967
v 0.1325825 0.3247595 0.4386083
v 0.1875 0.265165 0.4019967
v 0.1623798 0.3247595 0.4644967
v 0.08405392 0.3622221 0.4946443
v 0.06862974 0.3622221 0.4812435
v 0.1325825 0.3247595 0.4386083
v 0.08405392 0.3622221 0.4946443
v 8.485005E-09 0.3749999 0.5269967
v 0.06862974 0.3622221 0.4812435
v 0.09375 -0.3622223 0.5102499
v 0.08405396 -0.3622223 0.4946443
v 0 -0.3750001 0.5269967
v 0.09375 -0.3622223 0.5102499
v 0.1811111 -0.3247596 0.4946443
v 0.1623798 -0.3247596 0.4644967
v 0.08405396 -0.3622223 0.4946443
v 0.1811111 -0.3247596 0.4946443
v 0.2561298 -0.2651651 0.4812435
v 0.2296397 -0.2651651 0.4386083
v 0.1623798 -0.3247596 0.4644967
v 0.2561298 -0.2651651 0.4812435
v 0.3136936 -0.1875 0.4709607
v 0.2812501 -0.1875 0.4187435
v 0.2296397 -0.2651651 0.4386083
v 0.3136936 -0.1875 0.4709607
v 0.3498798 -0.09705721 0.4644967
v 0.3136936 -0.09705721 0.406256
v 0.2812501 -0.1875 0.4187435
v 0.3498798 -0.09705721 0.4644967
v 0.3622222 -4.643112E-08 0.4622919
v 0.3247595 -4.643112E-08 0.4019967
v 0.3136936 -0.09705721 0.406256
v 0.3622222 -4.643112E-08 0.4622919
v 0.3498798 0.09705713 0.4644967
v 0.3136936 0.09705713 0.406256
v 0.3247595 -4.643112E-08 0.4019967
v 0.3498798 0.09705713 0.4644967
v 0.3136936 0.1875 0.4709607
v 0.28125 0.1875 0.4187435
v 0.3136936 0.09705713 0.406256
v 0.3136936 0.1875 0.4709607
v 0.2561298 0.265165 0.4812435
v 0.2296397 0.265165 0.4386083
v 0.28125 0.1875 0.4187435
v 0.2561298 0.265165 0.4812435
v 0.1811111 0.3247595 0.4946443
v 0.1623798 0.3247595 0.4644967
v 0.2296397 0.265165 0.4386083
v 0.1811111 0.3247595 0.4946443
v 0.09374997 0.3622221 0.5102499
v 0.08405392 0.3622221 0.4946443
v 0.1623798 0.3247595 0.4644967
v 0.09374997 0.3622221 0.5102499
v 8.485005E-09 0.3749999 0.5269967
v 0.08405392 0.3622221 0.4946443
v 0.09705714 -0.3622223 0.5269967
v 0.09375 -0.3622223 0.5102499
v 0 -0.3750001 0.5269967
v 0.09705714 -0.3622223 0.5269967
v 0.1875 -0.3247596 0.5269967
v 0.1811111 -0.3247596 0.4946443
v 0.09375 -0.3622223 0.5102499
v 0.1875 -0.3247596 0.5269967
v 0.265165 -0.2651651 0.5269967
v 0.2561298 -0.2651651 0.4812435
v 0.1811111 -0.3247596 0.4946443
v 0.265165 -0.2651651 0.5269967
v 0.3247595 -0.1875 0.5269967
v 0.3136936 -0.1875 0.4709607
v 0.2561298 -0.2651651 0.4812435
v 0.3247595 -0.1875 0.5269967
v 0.3622222 -0.09705721 0.5269967
v 0.3498798 -0.09705721 0.4644967
v 0.3136936 -0.1875 0.4709607
v 0.3622222 -0.09705721 0.5269967
v 0.375 -4.643112E-08 0.5269967
v 0.3622222 -4.643112E-08 0.4622919
v 0.3498798 -0.09705721 0.4644967
v 0.375 -4.643112E-08 0.5269967
v 0.3622222 0.09705713 0.5269967
v 0.3498798 0.09705713 0.4644967
v 0.3622222 -4.643112E-08 0.4622919
v 0.3622222 0.09705713 0.5269967
v 0.3247595 0.1875 0.5269967
v 0.3136936 0.1875 0.4709607
v 0.3498798 0.09705713 0.4644967
v 0.3247595 0.1875 0.5269967
v 0.265165 0.265165 0.5269967
v 0.2561298 0.265165 0.4812435
v 0.3136936 0.1875 0.4709607
v 0.265165 0.265165 0.5269967
v 0.1875 0.3247595 0.5269967
v 0.1811111 0.3247595 0.4946443
v 0.2561298 0.265165 0.4812435
v 0.1875 0.3247595 0.5269967
v 0.0970571 0.3622221 0.5269967
v 0.09374997 0.3622221 0.5102499
v 0.1811111 0.3247595 0.4946443
v 0.0970571 0.3622221 0.5269967
v 8.485005E-09 0.3749999 0.5269967
v 0.09374997 0.3622221 0.5102499
v 0.09375 -0.3622223 0.5437435
v 0.09705714 -0.3622223 0.5269967
v 0 -0.3750001 0.5269967
v 0.09375 -0.3622223 0.5437435
v 0.1811111 -0.3247596 0.5593491
v 0.1875 -0.3247596 0.5269967
v 0.09705714 -0.3622223 0.5269967
v 0.1811111 -0.3247596 0.5593491
v 0.2561297 -0.2651651 0.5727499
v 0.265165 -0.2651651 0.5269967
v 0.1875 -0.3247596 0.5269967
v 0.2561297 -0.2651651 0.5727499
v 0.3136936 -0.1875 0.5830326
v 0.3247595 -0.1875 0.5269967
v 0.265165 -0.2651651 0.5269967
v 0.3136936 -0.1875 0.5830326
v 0.3498797 -0.09705721 0.5894967
v 0.3622222 -0.09705721 0.5269967
v 0.3247595 -0.1875 0.5269967
v 0.3498797 -0.09705721 0.5894967
v 0.3622222 -4.643112E-08 0.5917014
v 0.375 -4.643112E-08 0.5269967
v 0.3622222 -0.09705721 0.5269967
v 0.3622222 -4.643112E-08 0.5917014
v 0.3498797 0.09705713 0.5894967
v 0.3622222 0.09705713 0.5269967
v 0.375 -4.643112E-08 0.5269967
v 0.3498797 0.09705713 0.5894967
v 0.3136936 0.1875 0.5830326
v 0.3247595 0.1875 0.5269967
v 0.3622222 0.09705713 0.5269967
v 0.3136936 0.1875 0.5830326
v 0.2561297 0.265165 0.5727499
v 0.265165 0.265165 0.5269967
v 0.3247595 0.1875 0.5269967
v 0.2561297 0.265165 0.5727499
v 0.1811111 0.3247595 0.5593491
v 0.1875 0.3247595 0.5269967
v 0.265165 0.265165 0.5269967
v 0.1811111 0.3247595 0.5593491
v 0.09374996 0.3622221 0.5437435
v 0.0970571 0.3622221 0.5269967
v 0.1875 0.3247595 0.5269967
v 0.09374996 0.3622221 0.5437435
v 8.485005E-09 0.3749999 0.5269967
v 0.0970571 0.3622221 0.5269967
v 0.08405396 -0.3622223 0.5593491
v 0.09375 -0.3622223 0.5437435
v 0 -0.3750001 0.5269967
v 0.08405396 -0.3622223 0.5593491
v 0.1623798 -0.3247596 0.5894967
v 0.1811111 -0.3247596 0.5593491
v 0.09375 -0.3622223 0.5437435
v 0.1623798 -0.3247596 0.5894967
v 0.2296397 -0.2651651 0.615385
v 0.2561297 -0.2651651 0.5727499
v 0.1811111 -0.3247596 0.5593491
v 0.2296397 -0.2651651 0.615385
v 0.2812501 -0.1875 0.6352499
v 0.3136936 -0.1875 0.5830326
v 0.2561297 -0.2651651 0.5727499
v 0.2812501 -0.1875 0.6352499
v 0.3136936 -0.09705721 0.6477374
v 0.3498797 -0.09705721 0.5894967
v 0.3136936 -0.1875 0.5830326
v 0.3136936 -0.09705721 0.6477374
v 0.3247595 -4.643112E-08 0.6519967
v 0.3622222 -4.643112E-08 0.5917014
v 0.3498797 -0.09705721 0.5894967
v 0.3247595 -4.643112E-08 0.6519967
v 0.3136936 0.09705713 0.6477374
v 0.3498797 0.09705713 0.5894967
v 0.3622222 -4.643112E-08 0.5917014
v 0.3136936 0.09705713 0.6477374
v 0.28125 0.1875 0.6352499
v 0.3136936 0.1875 0.5830326
v 0.3498797 0.09705713 0.5894967
v 0.28125 0.1875 0.6352499
v 0.2296397 0.265165 0.615385
v 0.2561297 0.265165 0.5727499
v 0.3136936 0.1875 0.5830326
v 0.2296397 0.265165 0.615385
v 0.1623798 0.3247595 0.5894967
v 0.1811111 0.3247595 0.5593491
v 0.2561297 0.265165 0.5727499
v 0.1623798 0.3247595 0.5894967
v 0.08405392 0.3622221 0.5593491
v 0.09374996 0.3622221 0.5437435
v 0.1811111 0.3247595 0.5593491
v 0.08405392 0.3622221 0.5593491
v 8.485005E-09 0.3749999 0.5269967
v 0.09374996 0.3622221 0.5437435
v 0.06862974 -0.3622223 0.5727499
v 0.08405396 -0.3622223 0.5593491
v 0 -0.3750001 0.5269967
v 0.06862974 -0.3622223 0.5727499
v 0.1325825 -0.3247596 0.6153851
v 0.1623798 -0.3247596 0.5894967
v 0.08405396 -0.3622223 0.5593491
v 0.1325825 -0.3247596 0.6153851
v 0.1874999 -0.2651651 0.6519967
v 0.2296397 -0.2651651 0.615385
v 0.1623798 -0.3247596 0.5894967
v 0.1874999 -0.2651651 0.6519967
v 0.2296396 -0.1875 0.6800898
v 0.2812501 -0.1875 0.6352499
v 0.2296397 -0.2651651 0.615385
v 0.2296396 -0.1875 0.6800898
v 0.2561297 -0.09705721 0.6977499
v 0.3136936 -0.09705721 0.6477374
v 0.2812501 -0.1875 0.6352499
v 0.2561297 -0.09705721 0.6977499
v 0.2651649 -4.643112E-08 0.7037734
v 0.3247595 -4.643112E-08 0.6519967
v 0.3136936 -0.09705721 0.6477374
v 0.2651649 -4.643112E-08 0.7037734
v 0.2561297 0.09705713 0.6977499
v 0.3136936 0.09705713 0.6477374
v 0.3247595 -4.643112E-08 0.6519967
v 0.2561297 0.09705713 0.6977499
v 0.2296396 0.1875 0.6800898
v 0.28125 0.1875 0.6352499
v 0.3136936 0.09705713 0.6477374
v 0.2296396 0.1875 0.6800898
v 0.1874999 0.265165 0.6519967
v 0.2296397 0.265165 0.615385
v 0.28125 0.1875 0.6352499
v 0.1874999 0.265165 0.6519967
v 0.1325825 0.3247595 0.6153851
v 0.1623798 0.3247595 0.5894967
v 0.2296397 0.265165 0.615385
v 0.1325825 0.3247595 0.6153851
v 0.0686297 0.3622221 0.5727499
v 0.08405392 0.3622221 0.5593491
v 0.1623798 0.3247595 0.5894967
v 0.0686297 0.3622221 0.5727499
v 8.485005E-09 0.3749999 0.5269967
v 0.08405392 0.3622221 0.5593491
v 0.04852855 -0.3622223 0.5830327
v 0.06862974 -0.3622223 0.5727499
v 0 -0.3750001 0.5269967
v 0.04852855 -0.3622223 0.5830327
v 0.09374996 -0.3247596 0.6352499
v 0.1325825 -0.3247596 0.6153851
v 0.06862974 -0.3622223 0.5727499
v 0.09374996 -0.3247596 0.6352499
v 0.1325825 -0.2651651 0.6800898
v 0.1874999 -0.2651651 0.6519967
v 0.1325825 -0.3247596 0.6153851
v 0.1325825 -0.2651651 0.6800898
v 0.1623797 -0.1875 0.7144967
v 0.2296396 -0.1875 0.6800898
v 0.1874999 -0.2651651 0.6519967
v 0.1623797 -0.1875 0.7144967
v 0.181111 -0.09705721 0.7361258
v 0.2561297 -0.09705721 0.6977499
v 0.2296396 -0.1875 0.6800898
v 0.181111 -0.09705721 0.7361258
v 0.1874999 -4.643112E-08 0.7435031
v 0.2651649 -4.643112E-08 0.7037734
v 0.2561297 -0.09705721 0.6977499
v 0.1874999 -4.643112E-08 0.7435031
v 0.181111 0.09705713 0.7361258
v 0.2561297 0.09705713 0.6977499
v 0.2651649 -4.643112E-08 0.7037734
v 0.181111 0.09705713 0.7361258
v 0.1623797 0.1875 0.7144967
v 0.2296396 0.1875 0.6800898
v 0.2561297 0.09705713 0.6977499
v 0.1623797 0.1875 0.7144967
v 0.1325825 0.265165 0.6800898
v 0.1874999 0.265165 0.6519967
v 0.2296396 0.1875 0.6800898
v 0.1325825 0.265165 0.6800898
v 0.09374997 0.3247595 0.6352499
v 0.1325825 0.3247595 0.6153851
v 0.1874999 0.265165 0.6519967
v 0.09374997 0.3247595 0.6352499
v 0.04852853 0.3622221 0.5830326
v 0.0686297 0.3622221 0.5727499
v 0.1325825 0.3247595 0.6153851
v 0.04852853 0.3622221 0.5830326
v 8.485005E-09 0.3749999 0.5269967
v 0.0686297 0.3622221 0.5727499
v 0.02512022 -0.3622223 0.5894967
v 0.04852855 -0.3622223 0.5830327
v 0 -0.3750001 0.5269967
v 0.02512022 -0.3622223 0.5894967
v 0.04852853 -0.3247596 0.6477374
v 0.09374996 -0.3247596 0.6352499
v 0.04852855 -0.3622223 0.5830327
v 0.04852853 -0.3247596 0.6477374
v 0.0686297 -0.2651651 0.6977499
v 0.1325825 -0.2651651 0.6800898
v 0.09374996 -0.3247596 0.6352499
v 0.0686297 -0.2651651 0.6977499
v 0.08405389 -0.1875 0.7361258
v 0.1623797 -0.1875 0.7144967
v 0.1325825 -0.2651651 0.6800898
v 0.08405389 -0.1875 0.7361258
v 0.09374993 -0.09705721 0.7602499
v 0.181111 -0.09705721 0.7361258
v 0.1623797 -0.1875 0.7144967
v 0.09374993 -0.09705721 0.7602499
v 0.09705706 -4.643112E-08 0.7684782
v 0.1874999 -4.643112E-08 0.7435031
v 0.181111 -0.09705721 0.7361258
v 0.09705706 -4.643112E-08 0.7684782
v 0.09374993 0.09705713 0.7602499
v 0.181111 0.09705713 0.7361258
v 0.1874999 -4.643112E-08 0.7435031
v 0.09374993 0.09705713 0.7602499
v 0.08405388 0.1875 0.7361258
v 0.1623797 0.1875 0.7144967
v 0.181111 0.09705713 0.7361258
v 0.08405388 0.1875 0.7361258
v 0.0686297 0.265165 0.6977499
v 0.1325825 0.265165 0.6800898
v 0.1623797 0.1875 0.7144967
v 0.0686297 0.265165 0.6977499
v 0.04852854 0.3247595 0.6477374
v 0.09374997 0.3247595 0.6352499
v 0.1325825 0.265165 0.6800898
v 0.04852854 0.3247595 0.6477374
v 0.0251202 0.3622221 0.5894967
v 0.04852853 0.3622221 0.5830326
v 0.09374997 0.3247595 0.6352499
v 0.0251202 0.3622221 0.5894967
v 8.485005E-09 0.3749999 0.5269967
v 0.04852853 0.3622221 0.5830326
v 0 -0.3622223 0.5917014
v 0.02512022 -0.3622223 0.5894967
v 0 -0.3750001 0.5269967
v 0 -0.3622223 0.5917014
v 0 -0.3247596 0.6519967
v 0.04852853 -0.3247596 0.6477374
v 0.02512022 -0.3622223 0.5894967
v 0 -0.3247596 0.6519967
v 0 -0.2651651 0.7037734
v 0.0686297 -0.2651651 0.6977499
v 0.04852853 -0.3247596 0.6477374
v 0 -0.2651651 0.7037734
v 0 -0.1875 0.743503
v 0.08405389 -0.1875 0.7361258
v 0.0686297 -0.2651651 0.6977499
v 0 -0.1875 0.743503
v 0 -0.09705721 0.7684782
v 0.09374993 -0.09705721 0.7602499
v 0.08405389 -0.1875 0.7361258
v 0 -0.09705721 0.7684782
v 0 -4.643112E-08 0.7769967
v 0.09705706 -4.643112E-08 0.7684782
v 0.09374993 -0.09705721 0.7602499
v 0 -4.643112E-08 0.7769967
v 0 0.09705713 0.7684782
v 0.09374993 0.09705713 0.7602499
v 0.09705706 -4.643112E-08 0.7684782
v 0 0.09705713 0.7684782
v 0 0.1875 0.743503
v 0.08405388 0.1875 0.7361258
v 0.09374993 0.09705713 0.7602499
v 0 0.1875 0.743503
v 0 0.265165 0.7037734
v 0.0686297 0.265165 0.6977499
v 0.08405388 0.1875 0.7361258
v 0 0.265165 0.7037734
v 0 0.3247595 0.6519967
v 0.04852854 0.3247595 0.6477374
v 0.0686297 0.265165 0.6977499
v 0 0.3247595 0.6519967
v 0 0.3622221 0.5917014
v 0.0251202 0.3622221 0.5894967
v 0.04852854 0.3247595 0.6477374
v 0 0.3622221 0.5917014
v 8.485005E-09 0.3749999 0.5269967
v 0.0251202 0.3622221 0.5894967
vn -0.01700152 -0.9809116 0.193709
vn -0.01700152 -0.9809117 0.1937091
vn -0.01700152 -0.9809117 0.1937091
vn -0.04627008 -0.8484902 0.5271845
vn -0.04627007 -0.8484902 0.5271845
vn -0.04627007 -0.8484902 0.5271845
vn -0.04627007 -0.8484901 0.5271845
vn -0.06611007 -0.6544222 0.7532337
vn -0.06611007 -0.6544222 0.7532338
vn -0.06611007 -0.6544222 0.7532337
vn -0.06611007 -0.6544222 0.7532338
vn -0.07790063 -0.4540379 0.8875703
vn -0.07790064 -0.454038 0.8875704
vn -0.07790063 -0.4540379 0.8875704
vn -0.07790064 -0.4540379 0.8875704
vn -0.08430092 -0.2652325 0.9604921
vn -0.08430092 -0.2652326 0.9604921
vn -0.08430092 -0.2652325 0.9604921
vn -0.08430092 -0.2652326 0.9604921
vn -0.0871 -0.08709998 0.9923846
vn -0.0871 -0.08709998 0.9923846
vn -0.0871 -0.08709998 0.9923846
vn -0.0871 -0.08709998 0.9923846
vn -0.08709999 0.08709995 0.9923846
vn -0.08709999 0.08709995 0.9923846
vn -0.08709999 0.08709995 0.9923846
vn -0.08709999 0.08709995 0.9923846
vn -0.08430094 0.2652327 0.9604921
vn -0.08430094 0.2652327 0.9604921
vn -0.08430094 0.2652327 0.9604921
vn -0.08430094 0.2652327 0.9604921
vn -0.07790063 0.4540381 0.8875703
vn -0.07790063 0.4540381 0.8875703
vn -0.07790063 0.4540381 0.8875703
vn -0.07790063 0.4540381 0.8875703
vn -0.06611025 0.654422 0.7532339
vn -0.06611025 0.654422 0.7532339
vn -0.06611025 0.654422 0.7532339
vn -0.06611025 0.654422 0.7532339
vn -0.04627017 0.8484905 0.5271841
vn -0.04627017 0.8484904 0.5271841
vn -0.04627017 0.8484905 0.5271842
vn -0.04627017 0.8484904 0.5271841
vn -0.01700154 0.9809116 0.1937091
vn -0.01700155 0.9809117 0.1937091
vn -0.01700154 0.9809117 0.1937091
vn -0.04991449 -0.9822605 0.1807563
vn -0.04991449 -0.9822605 0.1807563
vn -0.04991449 -0.9822605 0.1807563
vn -0.1370573 -0.8572477 0.4963282
vn -0.1370573 -0.8572477 0.4963282
vn -0.1370573 -0.8572477 0.4963282
vn -0.1370573 -0.8572477 0.4963282
vn -0.1979762 -0.6684381 0.7169351
vn -0.1979762 -0.6684381 0.7169351
vn -0.1979762 -0.6684381 0.7169352
vn -0.1979762 -0.6684381 0.7169351
vn -0.2352715 -0.4677123 0.8519933
vn -0.2352715 -0.4677123 0.8519933
vn -0.2352715 -0.4677123 0.8519933
vn -0.2352715 -0.4677123 0.8519934
vn -0.2559431 -0.2746607 0.926852
vn -0.2559431 -0.2746607 0.926852
vn -0.2559431 -0.2746607 0.926852
vn -0.2559431 -0.2746607 0.926852
vn -0.2650899 -0.0904173 0.9599751
vn -0.2650899 -0.0904173 0.9599751
vn -0.2650898 -0.09041729 0.959975
vn -0.2650899 -0.0904173 0.959975
vn -0.2650899 0.0904173 0.9599751
vn -0.2650899 0.0904173 0.9599751
vn -0.2650899 0.09041729 0.959975
vn -0.2650898 0.09041729 0.959975
vn -0.255943 0.2746607 0.926852
vn -0.255943 0.2746607 0.926852
vn -0.2559431 0.2746608 0.926852
vn -0.2559431 0.2746608 0.926852
vn -0.2352714 0.4677124 0.8519932
vn -0.2352714 0.4677124 0.8519933
vn -0.2352714 0.4677124 0.8519933
vn -0.2352714 0.4677124 0.8519933
vn -0.197976 0.668438 0.7169353
vn -0.197976 0.668438 0.7169353
vn -0.197976 0.668438 0.7169353
vn -0.1979761 0.668438 0.7169353
vn -0.137057 0.8572479 0.496328
vn -0.137057 0.8572479 0.496328
vn -0.137057 0.8572479 0.496328
vn -0.137057 0.8572479 0.496328
vn -0.04991444 0.9822605 0.1807564
vn -0.04991444 0.9822605 0.1807564
vn -0.04991444 0.9822605 0.1807564
vn -0.07959243 -0.9846099 0.1555902
vn -0.07959243 -0.98461 0.1555902
vn -0.07959243 -0.98461 0.1555902
vn -0.2220533 -0.8730799 0.4340782
vn -0.2220533 -0.8730799 0.4340782
vn -0.2220533 -0.8730799 0.4340782
vn -0.2220533 -0.8730799 0.4340782
vn -0.327451 -0.6950039 0.6401136
vn -0.327451 -0.6950039 0.6401137
vn -0.327451 -0.6950039 0.6401137
vn -0.327451 -0.6950039 0.6401137
vn -0.395807 -0.4946361 0.7737389
vn -0.395807 -0.4946361 0.7737389
vn -0.395807 -0.4946361 0.7737389
vn -0.395807 -0.4946361 0.7737389
vn -0.4353394 -0.2936794 0.8510183
vn -0.4353394 -0.2936794 0.8510182
vn -0.4353394 -0.2936794 0.8510183
vn -0.4353394 -0.2936793 0.8510182
vn -0.4532659 -0.09718602 0.8860614
vn -0.453266 -0.09718603 0.8860614
vn -0.453266 -0.09718602 0.8860614
vn -0.453266 -0.09718603 0.8860614
vn -0.453266 0.09718602 0.8860614
vn -0.4532659 0.09718601 0.8860614
vn -0.453266 0.09718601 0.8860614
vn -0.453266 0.09718602 0.8860614
vn -0.4353396 0.2936796 0.8510181
vn -0.4353396 0.2936796 0.8510181
vn -0.4353396 0.2936796 0.8510181
vn -0.4353396 0.2936796 0.8510181
vn -0.3958072 0.4946362 0.7737387
vn -0.3958072 0.4946362 0.7737388
vn -0.3958072 0.4946362 0.7737389
vn -0.3958072 0.4946362 0.7737387
vn -0.3274513 0.6950037 0.6401137
vn -0.3274512 0.6950037 0.6401136
vn -0.3274513 0.6950037 0.6401137
vn -0.3274513 0.6950037 0.6401137
vn -0.2220532 0.8730801 0.4340779
vn -0.2220532 0.8730801 0.4340779
vn -0.2220532 0.87308 0.4340779
vn -0.2220532 0.87308 0.4340779
vn -0.07959237 0.9846099 0.1555903
vn -0.07959238 0.98461 0.1555903
vn -0.07959238 0.98461 0.1555903
vn -0.1040148 -0.9873439 0.1197202
vn -0.1040148 -0.9873439 0.1197202
vn -0.1040148 -0.9873438 0.1197202
vn -0.2958222 -0.8925002 0.3404889
vn -0.2958222 -0.8925002 0.3404889
vn -0.2958222 -0.8925001 0.3404889
vn -0.2958222 -0.8925002 0.3404889
vn -0.4482364 -0.7300099 0.5159163
vn -0.4482365 -0.73001 0.5159163
vn -0.4482364 -0.7300099 0.5159163
vn -0.4482364 -0.7300099 0.5159163
vn -0.5551864 -0.5323799 0.6390147
vn -0.5551864 -0.5323799 0.6390147
vn -0.5551864 -0.5323799 0.6390147
vn -0.5551864 -0.5323799 0.6390147
vn -0.6210428 -0.321475 0.7148145
vn -0.6210427 -0.321475 0.7148145
vn -0.6210427 -0.321475 0.7148145
vn -0.6210427 -0.321475 0.7148145
vn -0.6520717 -0.1072819 0.7505287
vn -0.6520716 -0.1072819 0.7505286
vn -0.6520717 -0.1072819 0.7505286
vn -0.6520716 -0.1072819 0.7505286
vn -0.6520716 0.1072819 0.7505286
vn -0.6520717 0.1072819 0.7505287
vn -0.6520716 0.1072819 0.7505286
vn -0.6520717 0.1072819 0.7505286
vn -0.6210426 0.3214754 0.7148144
vn -0.6210426 0.3214754 0.7148144
vn -0.6210426 0.3214754 0.7148144
vn -0.6210427 0.3214754 0.7148145
vn -0.5551865 0.5323798 0.6390148
vn -0.5551864 0.5323797 0.6390147
vn -0.5551864 0.5323797 0.6390147
vn -0.5551864 0.5323798 0.6390148
vn -0.4482365 0.7300098 0.5159164
vn -0.4482365 0.7300098 0.5159164
vn -0.4482365 0.7300098 0.5159164
vn -0.4482365 0.7300099 0.5159165
vn -0.2958222 0.8925003 0.3404885
vn -0.2958222 0.8925003 0.3404886
vn -0.2958222 0.8925003 0.3404885
vn -0.2958222 0.8925003 0.3404885
vn -0.1040149 0.9873439 0.1197201
vn -0.1040149 0.9873439 0.1197201
vn -0.1040149 0.9873439 0.1197201
vn -0.1214206 -0.9897301 0.07544097
vn -0.1214206 -0.9897301 0.07544097
vn -0.1214206 -0.9897301 0.07544097
vn -0.3514049 -0.9104089 0.2183349
vn -0.3514049 -0.9104089 0.2183349
vn -0.351405 -0.910409 0.2183349
vn -0.351405 -0.9104089 0.2183349
vn -0.5470174 -0.765022 0.3398727
vn -0.5470174 -0.7650219 0.3398727
vn -0.5470174 -0.7650219 0.3398727
vn -0.5470174 -0.7650219 0.3398727
vn -0.6960412 -0.5731505 0.4324638
vn -0.6960413 -0.5731506 0.4324639
vn -0.6960413 -0.5731506 0.4324639
vn -0.6960413 -0.5731506 0.4324638
vn -0.7946467 -0.3532248 0.4937296
vn -0.7946467 -0.3532248 0.4937296
vn -0.7946467 -0.3532248 0.4937296
vn -0.7946467 -0.3532248 0.4937297
vn -0.8433493 -0.119149 0.5239899
vn -0.8433493 -0.119149 0.5239899
vn -0.8433493 -0.119149 0.5239899
vn -0.8433493 -0.119149 0.5239899
vn -0.8433493 0.119149 0.52399
vn -0.8433493 0.119149 0.52399
vn -0.8433493 0.119149 0.5239899
vn -0.8433493 0.119149 0.52399
vn -0.7946465 0.3532251 0.4937298
vn -0.7946464 0.3532251 0.4937298
vn -0.7946464 0.3532251 0.4937298
vn -0.7946464 0.3532251 0.4937297
vn -0.6960412 0.5731505 0.432464
vn -0.6960412 0.5731505 0.432464
vn -0.6960412 0.5731505 0.432464
vn -0.6960412 0.5731506 0.4324641
vn -0.5470176 0.7650218 0.3398727
vn -0.5470175 0.7650217 0.3398727
vn -0.5470176 0.7650218 0.3398727
vn -0.5470176 0.7650218 0.3398727
vn -0.3514048 0.910409 0.2183348
vn -0.3514048 0.910409 0.2183348
vn -0.3514048 0.910409 0.2183348
vn -0.3514048 0.910409 0.2183348
vn -0.1214206 0.9897301 0.07544107
vn -0.1214206 0.9897301 0.07544107
vn -0.1214206 0.9897301 0.07544107
vn -0.1304827 -0.9911157 0.02576757
vn -0.1304828 -0.9911157 0.02576758
vn -0.1304827 -0.9911156 0.02576757
vn -0.3815956 -0.9212525 0.07535695
vn -0.3815956 -0.9212525 0.07535695
vn -0.3815955 -0.9212525 0.07535695
vn -0.3815955 -0.9212525 0.07535695
vn -0.6044096 -0.7876818 0.119358
vn -0.6044096 -0.7876818 0.119358
vn -0.6044096 -0.7876818 0.119358
vn -0.6044096 -0.7876818 0.119358
vn -0.7837922 -0.6014251 0.1547824
vn -0.7837922 -0.6014251 0.1547824
vn -0.7837922 -0.6014251 0.1547824
vn -0.7837923 -0.6014252 0.1547825
vn -0.9088765 -0.376469 0.1794841
vn -0.9088765 -0.376469 0.1794841
vn -0.9088765 -0.3764689 0.1794841
vn -0.9088765 -0.376469 0.1794841
vn -0.9729716 -0.1280942 0.1921413
vn -0.9729716 -0.1280942 0.1921413
vn -0.9729716 -0.1280942 0.1921413
vn -0.9729715 -0.1280942 0.1921413
vn -0.9729716 0.1280942 0.1921413
vn -0.9729716 0.1280942 0.1921413
vn -0.9729715 0.1280942 0.1921413
vn -0.9729716 0.1280942 0.1921413
vn -0.9088765 0.3764692 0.1794841
vn -0.9088764 0.3764691 0.1794841
vn -0.9088765 0.3764691 0.1794841
vn -0.9088764 0.3764691 0.1794841
vn -0.7837921 0.6014252 0.1547824
vn -0.7837921 0.6014252 0.1547824
vn -0.7837921 0.6014252 0.1547824
vn -0.7837921 0.6014252 0.1547824
vn -0.6044098 0.7876817 0.1193584
vn -0.6044098 0.7876817 0.1193583
vn -0.6044098 0.7876818 0.1193584
vn -0.6044098 0.7876817 0.1193583
vn -0.3815953 0.9212527 0.07535709
vn -0.3815952 0.9212526 0.07535708
vn -0.3815952 0.9212527 0.07535708
vn -0.3815953 0.9212527 0.07535709
vn -0.1304828 0.9911157 0.02576753
vn -0.1304828 0.9911157 0.02576753
vn -0.1304828 0.9911157 0.02576753
vn -0.1304828 -0.9911157 -0.02576758
vn -0.1304827 -0.9911157 -0.02576757
vn -0.1304827 -0.9911156 -0.02576757
vn -0.3815955 -0.9212525 -0.07535695
vn -0.3815955 -0.9212525 -0.07535695
vn -0.3815955 -0.9212525 -0.07535695
vn -0.3815955 -0.9212525 -0.07535695
vn -0.6044096 -0.7876818 -0.119358
vn -0.6044096 -0.7876818 -0.119358
vn -0.6044096 -0.7876818 -0.119358
vn -0.6044096 -0.7876818 -0.119358
vn -0.7837922 -0.6014251 -0.1547825
vn -0.7837922 -0.6014251 -0.1547825
vn -0.7837922 -0.6014251 -0.1547825
vn -0.7837922 -0.6014251 -0.1547825
vn -0.9088765 -0.376469 -0.1794841
vn -0.9088765 -0.376469 -0.1794841
vn -0.9088765 -0.376469 -0.1794841
vn -0.9088765 -0.376469 -0.1794841
vn -0.9729715 -0.1280942 -0.1921413
vn -0.9729716 -0.1280942 -0.1921413
vn -0.9729716 -0.1280942 -0.1921413
vn -0.9729716 -0.1280942 -0.1921413
vn -0.9729716 0.1280942 -0.1921413
vn -0.9729715 0.1280942 -0.1921413
vn -0.9729716 0.1280942 -0.1921413
vn -0.9729716 0.1280942 -0.1921413
vn -0.9088764 0.3764691 -0.1794841
vn -0.9088765 0.3764692 -0.1794841
vn -0.9088765 0.3764691 -0.1794841
vn -0.9088764 0.3764691 -0.1794841
vn -0.7837921 0.6014252 -0.1547824
vn -0.7837921 0.6014252 -0.1547824
vn -0.7837921 0.6014252 -0.1547824
vn -0.7837921 0.6014252 -0.1547824
vn -0.6044098 0.7876817 -0.1193583
vn -0.6044098 0.7876816 -0.1193583
vn -0.6044097 0.7876816 -0.1193583
vn -0.6044098 0.7876817 -0.1193583
vn -0.3815952 0.9212527 -0.07535708
vn -0.3815952 0.9212527 -0.07535708
vn -0.3815952 0.9212526 -0.07535707
vn -0.3815952 0.9212527 -0.07535708
vn -0.1304828 0.9911157 -0.02576756
vn -0.1304828 0.9911157 -0.02576756
vn -0.1304828 0.9911157 -0.02576756
vn -0.1214206 -0.9897301 -0.07544108
vn -0.1214206 -0.9897302 -0.0754411
vn -0.1214206 -0.9897301 -0.07544109
vn -0.3514049 -0.9104089 -0.2183351
vn -0.3514049 -0.9104089 -0.2183351
vn -0.3514049 -0.9104089 -0.2183351
vn -0.3514048 -0.9104089 -0.2183351
vn -0.5470173 -0.7650218 -0.3398731
vn -0.5470173 -0.7650218 -0.3398731
vn -0.5470173 -0.7650218 -0.3398731
vn -0.5470173 -0.7650217 -0.3398731
vn -0.6960409 -0.5731505 -0.4324644
vn -0.6960409 -0.5731505 -0.4324645
vn -0.6960409 -0.5731505 -0.4324644
vn -0.696041 -0.5731505 -0.4324645
vn -0.7946463 -0.3532248 -0.4937301
vn -0.7946464 -0.3532249 -0.4937301
vn -0.7946463 -0.3532248 -0.4937301
vn -0.7946464 -0.3532248 -0.4937301
vn -0.843349 -0.119149 -0.5239902
vn -0.8433492 -0.1191491 -0.5239903
vn -0.8433492 -0.1191491 -0.5239903
vn -0.8433491 -0.1191491 -0.5239903
vn -0.8433492 0.119149 -0.5239903
vn -0.843349 0.119149 -0.5239902
vn -0.8433491 0.119149 -0.5239903
vn -0.8433492 0.119149 -0.5239903
vn -0.7946464 0.3532249 -0.4937299
vn -0.7946464 0.3532249 -0.4937299
vn -0.7946464 0.3532248 -0.4937299
vn -0.7946465 0.3532249 -0.4937299
vn -0.6960409 0.5731508 -0.4324642
vn -0.6960409 0.5731508 -0.4324642
vn -0.6960409 0.5731508 -0.4324642
vn -0.6960409 0.5731508 -0.4324641
vn -0.5470175 0.7650216 -0.339873
vn -0.5470176 0.7650217 -0.339873
vn -0.5470175 0.7650216 -0.339873
vn -0.5470176 0.7650217 -0.339873
vn -0.3514047 0.910409 -0.2183347
vn -0.3514047 0.910409 -0.2183347
vn -0.3514048 0.910409 -0.2183347
vn -0.3514047 0.910409 -0.2183347
vn -0.1214207 0.9897301 -0.07544108
vn -0.1214207 0.9897301 -0.07544108
vn -0.1214207 0.9897301 -0.07544108
vn -0.1040148 -0.9873439 -0.1197201
vn -0.1040148 -0.9873439 -0.1197201
vn -0.1040148 -0.9873439 -0.1197201
vn -0.2958223 -0.8925002 -0.3404888
vn -0.2958223 -0.8925002 -0.3404888
vn -0.2958223 -0.8925002 -0.3404889
vn -0.2958223 -0.8925002 -0.3404888
vn -0.4482366 -0.7300099 -0.5159162
vn -0.4482366 -0.7300099 -0.5159162
vn -0.4482366 -0.7300099 -0.5159162
vn -0.4482366 -0.7300099 -0.5159162
vn -0.5551866 -0.5323799 -0.6390144
vn -0.5551866 -0.5323799 -0.6390144
vn -0.5551866 -0.5323799 -0.6390145
vn -0.5551866 -0.5323799 -0.6390145
vn -0.6210428 -0.321475 -0.7148144
vn -0.6210428 -0.321475 -0.7148144
vn -0.6210428 -0.321475 -0.7148144
vn -0.6210428 -0.3214751 -0.7148144
vn -0.6520717 -0.107282 -0.7505286
vn -0.6520717 -0.107282 -0.7505285
vn -0.6520717 -0.107282 -0.7505286
vn -0.6520717 -0.107282 -0.7505285
vn -0.6520716 0.107282 -0.7505286
vn -0.6520716 0.107282 -0.7505286
vn -0.6520717 0.107282 -0.7505286
vn -0.6520716 0.107282 -0.7505286
vn -0.6210425 0.3214751 -0.7148146
vn -0.6210425 0.3214751 -0.7148146
vn -0.6210425 0.3214751 -0.7148146
vn -0.6210425 0.3214751 -0.7148146
vn -0.5551863 0.53238 -0.6390147
vn -0.5551863 0.53238 -0.6390147
vn -0.5551863 0.5323799 -0.6390146
vn -0.5551863 0.53238 -0.6390147
vn -0.4482366 0.7300097 -0.5159165
vn -0.4482366 0.7300097 -0.5159165
vn -0.4482366 0.7300096 -0.5159165
vn -0.4482366 0.7300097 -0.5159165
vn -0.2958221 0.8925003 -0.3404887
vn -0.2958221 0.8925002 -0.3404886
vn -0.2958221 0.8925003 -0.3404886
vn -0.2958221 0.8925002 -0.3404886
vn -0.1040149 0.9873439 -0.1197201
vn -0.1040149 0.9873439 -0.1197201
vn -0.1040149 0.9873439 -0.1197201
vn -0.07959243 -0.98461 -0.1555902
vn -0.07959243 -0.98461 -0.1555902
vn -0.07959243 -0.98461 -0.1555902
vn -0.2220533 -0.87308 -0.4340781
vn -0.2220533 -0.87308 -0.4340781
vn -0.2220533 -0.8730799 -0.434078
vn -0.2220533 -0.87308 -0.4340781
vn -0.3274511 -0.6950039 -0.6401136
vn -0.3274511 -0.6950039 -0.6401136
vn -0.3274511 -0.6950039 -0.6401136
vn -0.3274511 -0.6950039 -0.6401136
vn -0.3958071 -0.4946361 -0.7737389
vn -0.3958071 -0.4946361 -0.7737389
vn -0.3958071 -0.4946361 -0.7737389
vn -0.3958071 -0.4946361 -0.7737389
vn -0.4353395 -0.2936793 -0.8510182
vn -0.4353395 -0.2936793 -0.8510182
vn -0.4353395 -0.2936794 -0.8510182
vn -0.4353395 -0.2936793 -0.8510182
vn -0.4532662 -0.09718611 -0.8860614
vn -0.4532661 -0.0971861 -0.8860614
vn -0.4532661 -0.0971861 -0.8860614
vn -0.4532661 -0.09718609 -0.8860613
vn -0.4532662 0.0971861 -0.8860614
vn -0.4532662 0.09718611 -0.8860614
vn -0.4532661 0.09718609 -0.8860613
vn -0.4532662 0.0971861 -0.8860614
vn -0.4353397 0.2936795 -0.851018
vn -0.4353398 0.2936795 -0.851018
vn -0.4353397 0.2936795 -0.851018
vn -0.4353397 0.2936795 -0.851018
vn -0.3958073 0.4946362 -0.7737387
vn -0.3958073 0.4946362 -0.7737387
vn -0.3958073 0.4946362 -0.7737387
vn -0.3958073 0.4946362 -0.7737387
vn -0.3274513 0.6950037 -0.6401136
vn -0.3274513 0.6950037 -0.6401136
vn -0.3274513 0.6950038 -0.6401137
vn -0.3274513 0.6950037 -0.6401136
vn -0.2220532 0.87308 -0.4340779
vn -0.2220532 0.8730801 -0.4340779
vn -0.2220532 0.8730801 -0.4340779
vn -0.2220532 0.8730801 -0.4340779
vn -0.0795924 0.98461 -0.1555904
vn -0.0795924 0.9846099 -0.1555904
vn -0.0795924 0.9846099 -0.1555904
vn -0.04991446 -0.9822605 -0.1807563
vn -0.04991446 -0.9822606 -0.1807563
vn -0.04991446 -0.9822605 -0.1807563
vn -0.1370572 -0.8572478 -0.4963282
vn -0.1370572 -0.8572478 -0.4963282
vn -0.1370572 -0.8572478 -0.4963282
vn -0.1370572 -0.8572477 -0.4963282
vn -0.1979761 -0.6684382 -0.716935
vn -0.1979761 -0.6684381 -0.716935
vn -0.1979761 -0.6684382 -0.716935
vn -0.1979761 -0.6684382 -0.7169351
vn -0.2352715 -0.4677122 -0.8519933
vn -0.2352715 -0.4677122 -0.8519933
vn -0.2352715 -0.4677122 -0.8519933
vn -0.2352715 -0.4677122 -0.8519933
vn -0.2559431 -0.2746607 -0.926852
vn -0.2559431 -0.2746607 -0.926852
vn -0.2559431 -0.2746607 -0.926852
vn -0.2559431 -0.2746607 -0.926852
vn -0.2650898 -0.09041727 -0.9599751
vn -0.2650897 -0.09041726 -0.9599751
vn -0.2650898 -0.09041727 -0.9599751
vn -0.2650897 -0.09041726 -0.9599751
vn -0.2650898 0.09041726 -0.9599751
vn -0.2650898 0.09041727 -0.9599751
vn -0.2650898 0.09041726 -0.9599751
vn -0.2650898 0.09041726 -0.959975
vn -0.255943 0.2746607 -0.926852
vn -0.255943 0.2746607 -0.926852
vn -0.255943 0.2746607 -0.926852
vn -0.255943 0.2746607 -0.926852
vn -0.2352714 0.4677125 -0.8519933
vn -0.2352714 0.4677124 -0.8519932
vn -0.2352714 0.4677124 -0.8519933
vn -0.2352714 0.4677124 -0.8519932
vn -0.1979761 0.668438 -0.7169352
vn -0.1979762 0.668438 -0.7169352
vn -0.1979761 0.668438 -0.7169352
vn -0.1979761 0.668438 -0.7169352
vn -0.1370571 0.8572479 -0.4963279
vn -0.1370571 0.8572479 -0.4963279
vn -0.1370571 0.8572479 -0.4963279
vn -0.1370571 0.8572479 -0.496328
vn -0.04991451 0.9822605 -0.1807564
vn -0.04991451 0.9822605 -0.1807564
vn -0.04991451 0.9822605 -0.1807564
vn -0.01700152 -0.9809117 -0.1937091
vn -0.01700152 -0.9809116 -0.1937091
vn -0.01700153 -0.9809117 -0.1937091
vn -0.04627007 -0.8484902 -0.5271845
vn -0.04627008 -0.8484902 -0.5271845
vn -0.04627007 -0.8484902 -0.5271845
vn -0.04627007 -0.8484902 -0.5271845
vn -0.06610999 -0.6544222 -0.7532338
vn -0.06610998 -0.6544222 -0.7532337
vn -0.06610998 -0.6544222 -0.7532337
vn -0.06610998 -0.6544222 -0.7532337
vn -0.07790047 -0.4540379 -0.8875704
vn -0.07790047 -0.4540379 -0.8875704
vn -0.07790046 -0.4540379 -0.8875703
vn -0.07790046 -0.4540379 -0.8875703
vn -0.08430077 -0.2652325 -0.9604921
vn -0.08430077 -0.2652325 -0.9604921
vn -0.08430077 -0.2652325 -0.9604921
vn -0.08430078 -0.2652325 -0.9604921
vn -0.08709992 -0.0870999 -0.9923846
vn -0.08709992 -0.0870999 -0.9923846
vn -0.08709993 -0.08709991 -0.9923847
vn -0.08709992 -0.0870999 -0.9923846
vn -0.08709992 0.08709989 -0.9923846
vn -0.08709992 0.08709989 -0.9923846
vn -0.08709992 0.08709989 -0.9923846
vn -0.08709993 0.08709989 -0.9923847
vn -0.08430079 0.2652326 -0.9604921
vn -0.08430079 0.2652326 -0.9604921
vn -0.08430079 0.2652326 -0.9604921
vn -0.08430079 0.2652326 -0.9604921
vn -0.07790045 0.454038 -0.8875703
vn -0.07790045 0.454038 -0.8875703
vn -0.07790045 0.454038 -0.8875703
vn -0.07790046 0.4540381 -0.8875703
vn -0.06611005 0.654422 -0.7532339
vn -0.06611005 0.654422 -0.7532339
vn -0.06611005 0.654422 -0.7532339
vn -0.06611005 0.654422 -0.7532339
vn -0.04626998 0.8484904 -0.5271842
vn -0.04626998 0.8484904 -0.5271842
vn -0.04626998 0.8484904 -0.5271842
vn -0.04626999 0.8484904 -0.5271842
vn -0.01700145 0.9809117 -0.1937092
vn -0.01700145 0.9809117 -0.1937092
vn -0.01700145 0.9809117 -0.1937092
vn 0.01700153 -0.9809117 -0.1937091
vn 0.01700153 -0.9809117 -0.1937091
vn 0.01700153 -0.9809117 -0.1937091
vn 0.04627008 -0.8484902 -0.5271845
vn 0.04627008 -0.8484902 -0.5271845
vn 0.04627008 -0.8484902 -0.5271845
vn 0.04627008 -0.8484901 -0.5271845
vn 0.06611007 -0.6544222 -0.7532337
vn 0.06611007 -0.6544222 -0.7532337
vn 0.06611007 -0.6544222 -0.7532337
vn 0.06611008 -0.6544222 -0.7532338
vn 0.07790064 -0.4540379 -0.8875703
vn 0.07790065 -0.4540379 -0.8875703
vn 0.07790065 -0.4540379 -0.8875704
vn 0.07790065 -0.4540379 -0.8875704
vn 0.08430094 -0.2652326 -0.9604921
vn 0.08430094 -0.2652325 -0.9604921
vn 0.08430094 -0.2652325 -0.9604921
vn 0.08430094 -0.2652326 -0.9604921
vn 0.08710001 -0.08709997 -0.9923846
vn 0.08710001 -0.08709997 -0.9923846
vn 0.08710001 -0.08709997 -0.9923846
vn 0.08710001 -0.08709997 -0.9923846
vn 0.08710001 0.08709995 -0.9923846
vn 0.08710001 0.08709995 -0.9923846
vn 0.08710001 0.08709995 -0.9923846
vn 0.08710001 0.08709995 -0.9923846
vn 0.08430095 0.2652327 -0.9604921
vn 0.08430095 0.2652327 -0.9604921
vn 0.08430095 0.2652327 -0.9604921
vn 0.08430095 0.2652327 -0.9604921
vn 0.07790065 0.4540381 -0.8875703
vn 0.07790065 0.4540381 -0.8875703
vn 0.07790065 0.4540381 -0.8875703
vn 0.07790065 0.4540381 -0.8875703
vn 0.06611026 0.654422 -0.7532339
vn 0.06611026 0.654422 -0.7532339
vn 0.06611025 0.654422 -0.7532339
vn 0.06611026 0.654422 -0.7532339
vn 0.04627018 0.8484904 -0.5271841
vn 0.04627018 0.8484904 -0.5271841
vn 0.04627018 0.8484905 -0.5271842
vn 0.04627018 0.8484904 -0.5271841
vn 0.01700154 0.9809117 -0.1937092
vn 0.01700154 0.9809117 -0.1937092
vn 0.01700154 0.9809117 -0.1937092
vn 0.0499145 -0.9822605 -0.1807563
vn 0.0499145 -0.9822605 -0.1807563
vn 0.0499145 -0.9822605 -0.1807563
vn 0.1370573 -0.8572477 -0.4963281
vn 0.1370573 -0.8572477 -0.4963281
vn 0.1370573 -0.8572477 -0.4963281
vn 0.1370573 -0.8572477 -0.4963281
vn 0.1979762 -0.6684381 -0.716935
vn 0.1979762 -0.6684381 -0.716935
vn 0.1979762 -0.6684381 -0.716935
vn 0.1979762 -0.6684381 -0.716935
vn 0.2352715 -0.4677122 -0.8519933
vn 0.2352715 -0.4677122 -0.8519933
vn 0.2352715 -0.4677123 -0.8519933
vn 0.2352715 -0.4677122 -0.8519933
vn 0.2559432 -0.2746607 -0.926852
vn 0.2559432 -0.2746606 -0.9268519
vn 0.2559432 -0.2746607 -0.9268519
vn 0.2559432 -0.2746607 -0.9268519
vn 0.2650899 -0.09041736 -0.959975
vn 0.2650899 -0.09041735 -0.9599751
vn 0.2650899 -0.09041735 -0.959975
vn 0.2650899 -0.09041735 -0.959975
vn 0.26509 0.09041735 -0.9599751
vn 0.26509 0.09041736 -0.959975
vn 0.26509 0.09041735 -0.959975
vn 0.26509 0.09041735 -0.959975
vn 0.2559432 0.2746607 -0.9268519
vn 0.2559432 0.2746608 -0.926852
vn 0.2559432 0.2746608 -0.9268519
vn 0.2559432 0.2746608 -0.9268519
vn 0.2352715 0.4677124 -0.8519932
vn 0.2352715 0.4677124 -0.8519931
vn 0.2352715 0.4677124 -0.8519932
vn 0.2352715 0.4677124 -0.8519931
vn 0.1979762 0.6684381 -0.7169351
vn 0.1979762 0.6684381 -0.7169351
vn 0.1979762 0.6684381 -0.7169351
vn 0.1979762 0.6684381 -0.7169352
vn 0.1370572 0.8572479 -0.4963279
vn 0.1370572 0.8572479 -0.4963279
vn 0.1370572 0.8572478 -0.4963279
vn 0.1370572 0.8572479 -0.4963279
vn 0.04991454 0.9822605 -0.1807565
vn 0.04991454 0.9822605 -0.1807565
vn 0.04991454 0.9822605 -0.1807564
vn 0.07959244 -0.98461 -0.1555902
vn 0.07959244 -0.98461 -0.1555902
vn 0.07959244 -0.98461 -0.1555902
vn 0.2220533 -0.8730799 -0.4340781
vn 0.2220533 -0.8730799 -0.4340781
vn 0.2220533 -0.8730799 -0.4340782
vn 0.2220533 -0.8730799 -0.4340781
vn 0.3274509 -0.6950039 -0.6401137
vn 0.3274509 -0.6950039 -0.6401137
vn 0.3274509 -0.6950039 -0.6401137
vn 0.3274509 -0.6950039 -0.6401137
vn 0.3958072 -0.4946359 -0.7737389
vn 0.3958072 -0.4946359 -0.773739
vn 0.3958072 -0.4946359 -0.773739
vn 0.3958072 -0.494636 -0.773739
vn 0.4353395 -0.2936796 -0.8510181
vn 0.4353395 -0.2936796 -0.8510181
vn 0.4353395 -0.2936796 -0.8510181
vn 0.4353395 -0.2936796 -0.8510181
vn 0.4532658 -0.09718608 -0.8860615
vn 0.4532658 -0.09718607 -0.8860615
vn 0.4532658 -0.09718608 -0.8860615
vn 0.4532658 -0.09718608 -0.8860615
vn 0.4532658 0.09718607 -0.8860615
vn 0.4532657 0.09718607 -0.8860615
vn 0.4532658 0.09718607 -0.8860615
vn 0.4532657 0.09718607 -0.8860615
vn 0.4353394 0.2936797 -0.8510181
vn 0.4353394 0.2936797 -0.8510181
vn 0.4353394 0.2936797 -0.8510182
vn 0.4353394 0.2936797 -0.8510181
vn 0.3958071 0.4946361 -0.7737389
vn 0.3958071 0.4946361 -0.7737389
vn 0.3958071 0.4946361 -0.773739
vn 0.3958071 0.4946361 -0.7737389
vn 0.327451 0.6950038 -0.6401137
vn 0.327451 0.6950038 -0.6401137
vn 0.327451 0.6950038 -0.6401137
vn 0.327451 0.6950039 -0.6401137
vn 0.2220532 0.8730801 -0.4340779
vn 0.2220532 0.8730801 -0.4340779
vn 0.2220532 0.8730801 -0.4340779
vn 0.2220532 0.8730801 -0.4340779
vn 0.07959247 0.9846099 -0.1555903
vn 0.07959247 0.9846099 -0.1555903
vn 0.07959247 0.9846099 -0.1555903
vn 0.1040148 -0.9873438 -0.1197201
vn 0.1040148 -0.9873439 -0.1197201
vn 0.1040148 -0.9873439 -0.1197201
vn 0.2958224 -0.8925002 -0.3404886
vn 0.2958224 -0.8925002 -0.3404887
vn 0.2958224 -0.8925002 -0.3404887
vn 0.2958224 -0.8925002 -0.3404887
vn 0.4482366 -0.73001 -0.5159159
vn 0.4482366 -0.7300101 -0.5159159
vn 0.4482366 -0.7300101 -0.5159159
vn 0.4482366 -0.7300101 -0.5159159
vn 0.5551866 -0.5323796 -0.6390147
vn 0.5551866 -0.5323796 -0.6390147
vn 0.5551866 -0.5323796 -0.6390147
vn 0.5551866 -0.5323796 -0.6390147
vn 0.6210428 -0.3214753 -0.7148142
vn 0.6210428 -0.3214753 -0.7148142
vn 0.6210428 -0.3214753 -0.7148144
vn 0.6210428 -0.3214753 -0.7148143
vn 0.6520721 -0.107282 -0.7505282
vn 0.6520721 -0.107282 -0.7505281
vn 0.6520721 -0.107282 -0.7505282
vn 0.6520721 -0.107282 -0.7505282
vn 0.6520721 0.107282 -0.7505282
vn 0.6520721 0.107282 -0.7505282
vn 0.6520721 0.107282 -0.7505282
vn 0.6520721 0.107282 -0.7505282
vn 0.621043 0.3214755 -0.714814
vn 0.621043 0.3214755 -0.714814
vn 0.621043 0.3214755 -0.714814
vn 0.621043 0.3214755 -0.7148141
vn 0.5551867 0.5323797 -0.6390145
vn 0.5551867 0.5323797 -0.6390145
vn 0.5551867 0.5323797 -0.6390145
vn 0.5551867 0.5323797 -0.6390145
vn 0.4482366 0.73001 -0.5159162
vn 0.4482366 0.7300099 -0.5159161
vn 0.4482366 0.73001 -0.5159162
vn 0.4482366 0.7300099 -0.5159162
vn 0.2958221 0.8925003 -0.3404886
vn 0.2958221 0.8925003 -0.3404886
vn 0.2958221 0.8925002 -0.3404886
vn 0.2958221 0.8925003 -0.3404886
vn 0.1040149 0.9873438 -0.1197202
vn 0.1040149 0.9873439 -0.1197202
vn 0.1040149 0.9873439 -0.1197202
vn 0.1214206 -0.9897301 -0.075441
vn 0.1214206 -0.9897302 -0.07544101
vn 0.1214206 -0.9897301 -0.075441
vn 0.351405 -0.9104089 -0.2183349
vn 0.351405 -0.9104089 -0.2183349
vn 0.351405 -0.9104089 -0.2183349
vn 0.351405 -0.9104089 -0.2183349
vn 0.5470173 -0.7650219 -0.3398728
vn 0.5470174 -0.7650219 -0.3398728
vn 0.5470174 -0.7650219 -0.3398728
vn 0.5470174 -0.7650219 -0.3398728
vn 0.6960412 -0.5731505 -0.4324641
vn 0.6960412 -0.5731505 -0.4324641
vn 0.6960412 -0.5731506 -0.4324642
vn 0.6960412 -0.5731505 -0.4324641
vn 0.7946465 -0.3532247 -0.4937299
vn 0.7946465 -0.3532247 -0.4937299
vn 0.7946464 -0.3532247 -0.4937299
vn 0.7946465 -0.3532247 -0.4937299
vn 0.8433493 -0.1191489 -0.5239901
vn 0.8433492 -0.1191489 -0.5239901
vn 0.8433493 -0.1191489 -0.5239902
vn 0.8433492 -0.1191489 -0.5239901
vn 0.8433492 0.1191489 -0.5239901
vn 0.8433493 0.1191489 -0.5239901
vn 0.8433492 0.1191489 -0.5239901
vn 0.8433493 0.1191489 -0.5239902
vn 0.7946463 0.353225 -0.4937301
vn 0.7946463 0.353225 -0.4937301
vn 0.7946463 0.353225 -0.4937301
vn 0.7946463 0.353225 -0.4937301
vn 0.696041 0.5731505 -0.4324643
vn 0.696041 0.5731505 -0.4324642
vn 0.696041 0.5731505 -0.4324643
vn 0.6960411 0.5731505 -0.4324643
vn 0.5470175 0.7650217 -0.3398729
vn 0.5470175 0.7650217 -0.3398729
vn 0.5470175 0.7650218 -0.3398729
vn 0.5470175 0.7650217 -0.3398729
vn 0.3514047 0.910409 -0.218335
vn 0.3514047 0.910409 -0.218335
vn 0.3514047 0.910409 -0.218335
vn 0.3514047 0.910409 -0.218335
vn 0.1214206 0.9897301 -0.07544119
vn 0.1214206 0.9897301 -0.07544119
vn 0.1214206 0.9897301 -0.0754412
vn 0.1304828 -0.9911157 -0.02576759
vn 0.1304827 -0.9911157 -0.02576759
vn 0.1304827 -0.9911156 -0.02576758
vn 0.3815956 -0.9212525 -0.07535698
vn 0.3815956 -0.9212525 -0.07535699
vn 0.3815956 -0.9212526 -0.07535699
vn 0.3815955 -0.9212525 -0.07535698
vn 0.6044095 -0.7876818 -0.1193579
vn 0.6044096 -0.7876819 -0.1193579
vn 0.6044096 -0.7876819 -0.1193579
vn 0.6044096 -0.7876818 -0.1193579
vn 0.7837922 -0.6014252 -0.1547821
vn 0.7837923 -0.6014252 -0.1547821
vn 0.7837923 -0.6014252 -0.1547821
vn 0.7837923 -0.6014252 -0.1547821
vn 0.9088766 -0.376469 -0.1794837
vn 0.9088766 -0.376469 -0.1794837
vn 0.9088766 -0.376469 -0.1794837
vn 0.9088766 -0.376469 -0.1794837
vn 0.9729716 -0.1280941 -0.1921412
vn 0.9729716 -0.1280941 -0.1921412
vn 0.9729716 -0.1280941 -0.1921412
vn 0.9729716 -0.1280941 -0.1921412
vn 0.9729716 0.1280941 -0.1921412
vn 0.9729716 0.1280941 -0.1921412
vn 0.9729716 0.128094 -0.1921412
vn 0.9729716 0.128094 -0.1921412
vn 0.9088765 0.3764692 -0.1794837
vn 0.9088766 0.3764692 -0.1794838
vn 0.9088765 0.3764691 -0.1794837
vn 0.9088765 0.3764692 -0.1794837
vn 0.7837922 0.6014252 -0.154782
vn 0.7837921 0.6014253 -0.1547821
vn 0.7837922 0.6014252 -0.154782
vn 0.7837922 0.6014253 -0.1547821
vn 0.6044097 0.7876816 -0.119358
vn 0.6044098 0.7876818 -0.119358
vn 0.6044098 0.7876818 -0.119358
vn 0.6044098 0.7876818 -0.119358
vn 0.3815953 0.9212526 -0.07535686
vn 0.3815953 0.9212526 -0.07535686
vn 0.3815953 0.9212526 -0.07535686
vn 0.3815953 0.9212526 -0.07535686
vn 0.1304828 0.9911157 -0.02576747
vn 0.1304828 0.9911157 -0.02576747
vn 0.1304828 0.9911157 -0.02576747
vn 0.1304828 -0.9911157 0.02576759
vn 0.1304828 -0.9911157 0.02576758
vn 0.1304828 -0.9911156 0.02576759
vn 0.3815955 -0.9212525 0.07535698
vn 0.3815956 -0.9212526 0.07535698
vn 0.3815955 -0.9212525 0.07535698
vn 0.3815955 -0.9212525 0.07535698
vn 0.6044096 -0.7876818 0.1193581
vn 0.6044096 -0.7876818 0.1193581
vn 0.6044096 -0.7876818 0.1193581
vn 0.6044096 -0.7876818 0.1193581
vn 0.7837922 -0.6014251 0.1547825
vn 0.7837921 -0.6014251 0.1547825
vn 0.7837922 -0.6014251 0.1547825
vn 0.7837922 -0.6014251 0.1547825
vn 0.9088765 -0.376469 0.1794842
vn 0.9088765 -0.376469 0.1794842
vn 0.9088765 -0.376469 0.1794842
vn 0.9088765 -0.376469 0.1794842
vn 0.9729715 -0.1280942 0.1921414
vn 0.9729716 -0.1280942 0.1921414
vn 0.9729716 -0.1280942 0.1921414
vn 0.9729715 -0.1280942 0.1921414
vn 0.9729716 0.1280942 0.1921414
vn 0.9729715 0.1280942 0.1921414
vn 0.9729715 0.1280942 0.1921414
vn 0.9729716 0.1280942 0.1921414
vn 0.9088765 0.3764691 0.1794842
vn 0.9088765 0.3764692 0.1794842
vn 0.9088764 0.3764691 0.1794842
vn 0.9088764 0.3764691 0.1794842
vn 0.7837921 0.6014252 0.1547825
vn 0.7837921 0.6014252 0.1547825
vn 0.7837921 0.6014252 0.1547825
vn 0.7837921 0.6014252 0.1547825
vn 0.6044098 0.7876816 0.1193584
vn 0.6044098 0.7876816 0.1193584
vn 0.6044098 0.7876816 0.1193584
vn 0.6044098 0.7876817 0.1193584
vn 0.3815952 0.9212526 0.07535712
vn 0.3815953 0.9212526 0.07535712
vn 0.3815952 0.9212526 0.07535711
vn 0.3815952 0.9212527 0.07535712
vn 0.1304828 0.9911157 0.02576757
vn 0.1304828 0.9911157 0.02576758
vn 0.1304828 0.9911156 0.02576757
vn 0.1214206 -0.9897302 0.07544101
vn 0.1214206 -0.9897301 0.075441
vn 0.1214206 -0.9897301 0.075441
vn 0.351405 -0.9104089 0.2183349
vn 0.351405 -0.9104089 0.218335
vn 0.351405 -0.9104089 0.2183349
vn 0.351405 -0.9104089 0.2183349
vn 0.5470175 -0.7650219 0.3398727
vn 0.5470175 -0.7650219 0.3398728
vn 0.5470175 -0.7650219 0.3398727
vn 0.5470175 -0.7650218 0.3398727
vn 0.6960413 -0.5731506 0.4324638
vn 0.6960413 -0.5731506 0.4324638
vn 0.6960413 -0.5731505 0.4324638
vn 0.6960413 -0.5731505 0.4324638
vn 0.7946467 -0.3532248 0.4937296
vn 0.7946467 -0.3532248 0.4937296
vn 0.7946467 -0.3532248 0.4937296
vn 0.7946467 -0.3532247 0.4937296
vn 0.8433493 -0.1191491 0.5239899
vn 0.8433493 -0.119149 0.5239899
vn 0.8433493 -0.1191491 0.5239899
vn 0.8433493 -0.1191491 0.5239899
vn 0.8433493 0.1191491 0.52399
vn 0.8433493 0.119149 0.52399
vn 0.8433493 0.119149 0.52399
vn 0.8433493 0.119149 0.52399
vn 0.7946464 0.353225 0.4937297
vn 0.7946464 0.3532251 0.4937298
vn 0.7946465 0.3532251 0.4937298
vn 0.7946465 0.3532251 0.4937297
vn 0.6960413 0.5731506 0.432464
vn 0.6960412 0.5731505 0.432464
vn 0.6960412 0.5731505 0.432464
vn 0.6960412 0.5731505 0.432464
vn 0.5470176 0.7650218 0.3398727
vn 0.5470176 0.7650218 0.3398727
vn 0.5470176 0.7650218 0.3398727
vn 0.5470176 0.7650218 0.3398727
vn 0.3514047 0.910409 0.2183347
vn 0.3514047 0.910409 0.2183347
vn 0.3514047 0.9104091 0.2183348
vn 0.3514047 0.910409 0.2183347
vn 0.1214207 0.9897301 0.07544107
vn 0.1214207 0.9897301 0.07544107
vn 0.1214207 0.9897301 0.07544107
vn 0.1040148 -0.9873439 0.1197201
vn 0.1040148 -0.9873438 0.1197201
vn 0.1040148 -0.987344 0.1197201
vn 0.2958223 -0.8925002 0.3404888
vn 0.2958223 -0.8925001 0.3404888
vn 0.2958223 -0.8925002 0.3404888
vn 0.2958223 -0.8925001 0.3404888
vn 0.4482364 -0.73001 0.5159162
vn 0.4482364 -0.73001 0.5159162
vn 0.4482364 -0.73001 0.5159162
vn 0.4482364 -0.73001 0.5159162
vn 0.5551865 -0.5323797 0.6390149
vn 0.5551864 -0.5323797 0.6390149
vn 0.5551864 -0.5323796 0.6390148
vn 0.5551864 -0.5323796 0.6390148
vn 0.6210426 -0.3214751 0.7148146
vn 0.6210425 -0.321475 0.7148146
vn 0.6210426 -0.3214751 0.7148146
vn 0.6210426 -0.3214751 0.7148145
vn 0.6520716 -0.107282 0.7505286
vn 0.6520716 -0.107282 0.7505286
vn 0.6520715 -0.107282 0.7505286
vn 0.6520716 -0.107282 0.7505286
vn 0.6520716 0.107282 0.7505286
vn 0.6520716 0.107282 0.7505286
vn 0.6520716 0.107282 0.7505286
vn 0.6520715 0.107282 0.7505286
vn 0.6210428 0.3214752 0.7148144
vn 0.6210428 0.3214752 0.7148143
vn 0.6210428 0.3214752 0.7148143
vn 0.6210428 0.3214752 0.7148143
vn 0.5551866 0.5323797 0.6390145
vn 0.5551866 0.5323798 0.6390146
vn 0.5551866 0.5323798 0.6390146
vn 0.5551866 0.5323797 0.6390145
vn 0.4482365 0.7300099 0.5159163
vn 0.4482365 0.7300099 0.5159163
vn 0.4482365 0.7300099 0.5159163
vn 0.4482365 0.7300099 0.5159163
vn 0.2958221 0.8925003 0.3404887
vn 0.2958221 0.8925002 0.3404887
vn 0.2958221 0.8925003 0.3404887
vn 0.2958221 0.8925003 0.3404887
vn 0.1040149 0.9873439 0.1197201
vn 0.1040149 0.9873438 0.1197201
vn 0.1040149 0.9873439 0.1197201
vn 0.07959236 -0.98461 0.1555903
vn 0.07959235 -0.9846099 0.1555903
vn 0.07959235 -0.9846099 0.1555903
vn 0.2220532 -0.8730799 0.4340782
vn 0.2220532 -0.8730799 0.4340782
vn 0.2220532 -0.8730799 0.4340782
vn 0.2220532 -0.8730799 0.4340782
vn 0.3274509 -0.6950039 0.6401137
vn 0.3274509 -0.6950039 0.6401138
vn 0.3274509 -0.6950039 0.6401137
vn 0.3274509 -0.6950038 0.6401137
vn 0.3958071 -0.494636 0.773739
vn 0.395807 -0.4946359 0.773739
vn 0.395807 -0.494636 0.773739
vn 0.395807 -0.4946359 0.773739
vn 0.4353396 -0.2936796 0.8510181
vn 0.4353396 -0.2936796 0.8510181
vn 0.4353396 -0.2936796 0.8510181
vn 0.4353396 -0.2936796 0.851018
vn 0.453266 -0.09718595 0.8860614
vn 0.453266 -0.09718596 0.8860614
vn 0.4532661 -0.09718597 0.8860614
vn 0.453266 -0.09718596 0.8860614
vn 0.453266 0.09718595 0.8860614
vn 0.453266 0.09718594 0.8860614
vn 0.453266 0.09718595 0.8860614
vn 0.4532661 0.09718595 0.8860614
vn 0.4353395 0.2936796 0.8510181
vn 0.4353395 0.2936796 0.8510181
vn 0.4353395 0.2936796 0.8510181
vn 0.4353395 0.2936796 0.8510181
vn 0.3958069 0.4946361 0.773739
vn 0.3958068 0.4946361 0.773739
vn 0.3958068 0.4946361 0.773739
vn 0.3958068 0.4946361 0.773739
vn 0.3274509 0.6950038 0.6401138
vn 0.3274509 0.6950039 0.6401138
vn 0.3274509 0.6950038 0.6401138
vn 0.3274509 0.6950038 0.6401138
vn 0.2220531 0.87308 0.4340779
vn 0.2220531 0.8730801 0.4340779
vn 0.2220531 0.87308 0.4340779
vn 0.2220531 0.87308 0.4340779
vn 0.07959237 0.98461 0.1555903
vn 0.07959237 0.98461 0.1555903
vn 0.07959236 0.9846099 0.1555903
vn 0.04991442 -0.9822605 0.1807563
vn 0.04991442 -0.9822605 0.1807564
vn 0.04991442 -0.9822605 0.1807564
vn 0.1370571 -0.8572477 0.4963283
vn 0.1370571 -0.8572477 0.4963283
vn 0.1370571 -0.8572477 0.4963283
vn 0.1370571 -0.8572477 0.4963283
vn 0.1979759 -0.6684381 0.7169352
vn 0.1979759 -0.6684381 0.7169352
vn 0.1979759 -0.6684381 0.7169352
vn 0.1979759 -0.6684381 0.7169352
vn 0.2352712 -0.4677123 0.8519933
vn 0.2352712 -0.4677123 0.8519933
vn 0.2352712 -0.4677123 0.8519933
vn 0.2352712 -0.4677123 0.8519934
vn 0.2559427 -0.2746608 0.9268521
vn 0.2559427 -0.2746608 0.9268521
vn 0.2559427 -0.2746608 0.9268521
vn 0.2559427 -0.2746608 0.9268521
vn 0.2650893 -0.09041712 0.9599752
vn 0.2650893 -0.09041713 0.9599752
vn 0.2650893 -0.09041713 0.9599752
vn 0.2650893 -0.09041713 0.9599752
vn 0.2650893 0.09041712 0.9599752
vn 0.2650893 0.09041712 0.9599752
vn 0.2650893 0.09041713 0.9599752
vn 0.2650893 0.09041712 0.9599752
vn 0.2559426 0.2746608 0.9268521
vn 0.2559426 0.2746608 0.9268521
vn 0.2559426 0.2746608 0.926852
vn 0.2559426 0.2746608 0.9268521
vn 0.2352711 0.4677124 0.8519933
vn 0.2352711 0.4677124 0.8519933
vn 0.2352711 0.4677124 0.8519933
vn 0.2352711 0.4677124 0.8519933
vn 0.1979761 0.668438 0.7169353
vn 0.1979761 0.668438 0.7169353
vn 0.1979761 0.668438 0.7169352
vn 0.1979761 0.668438 0.7169353
vn 0.1370571 0.8572478 0.4963279
vn 0.1370571 0.8572479 0.496328
vn 0.1370571 0.8572478 0.4963279
vn 0.1370571 0.8572479 0.496328
vn 0.04991447 0.9822605 0.1807563
vn 0.04991446 0.9822605 0.1807563
vn 0.04991446 0.9822605 0.1807563
vn 0.01700153 -0.9809117 0.193709
vn 0.01700153 -0.9809116 0.1937091
vn 0.01700153 -0.9809117 0.1937091
vn 0.04627011 -0.8484902 0.5271845
vn 0.0462701 -0.8484902 0.5271845
vn 0.04627011 -0.8484902 0.5271845
vn 0.0462701 -0.8484902 0.5271845
vn 0.06611004 -0.6544222 0.7532338
vn 0.06611004 -0.6544222 0.7532337
vn 0.06611004 -0.6544222 0.7532338
vn 0.06611004 -0.6544222 0.7532337
vn 0.07790053 -0.4540379 0.8875704
vn 0.07790053 -0.4540379 0.8875704
vn 0.07790053 -0.4540379 0.8875703
vn 0.07790053 -0.4540379 0.8875703
vn 0.08430083 -0.2652326 0.9604921
vn 0.08430083 -0.2652325 0.9604921
vn 0.08430083 -0.2652326 0.9604921
vn 0.08430084 -0.2652326 0.9604921
vn 0.08709998 -0.0870999 0.9923846
vn 0.08709998 -0.0870999 0.9923846
vn 0.08709999 -0.08709991 0.9923847
vn 0.08709998 -0.0870999 0.9923846
vn 0.08709998 0.08709989 0.9923846
vn 0.08709998 0.08709989 0.9923846
vn 0.08709998 0.08709989 0.9923846
vn 0.08709999 0.0870999 0.9923847
vn 0.08430085 0.2652326 0.9604921
vn 0.08430085 0.2652326 0.9604921
vn 0.08430085 0.2652326 0.9604921
vn 0.08430085 0.2652326 0.9604921
vn 0.07790053 0.4540381 0.8875703
vn 0.07790053 0.4540381 0.8875703
vn 0.07790053 0.4540381 0.8875703
vn 0.07790052 0.454038 0.8875702
vn 0.0661101 0.654422 0.7532339
vn 0.0661101 0.654422 0.7532339
vn 0.0661101 0.654422 0.7532339
vn 0.0661101 0.654422 0.7532339
vn 0.04627001 0.8484904 0.5271842
vn 0.04627001 0.8484904 0.5271842
vn 0.04627002 0.8484904 0.5271842
vn 0.04627001 0.8484904 0.5271842
vn 0.01700147 0.9809117 0.1937091
vn 0.01700147 0.9809117 0.1937091
vn 0.01700148 0.9809117 0.1937091
vt -0.04166667 0.08333334
vt 0 0.08333334
vt 0 0.08333334
vt -0.04166667 0.08333334
vt -0.04166667 0.1666667
vt 0 0.1666667
vt 0 0.08333334
vt -0.04166667 0.1666667
vt -0.04166667 0.25
vt 0 0.25
vt 0 0.1666667
vt -0.04166667 0.25
vt -0.04166667 0.3333333
vt 0 0.3333333
vt 0 0.25
vt -0.04166667 0.3333333
vt -0.04166667 0.4166667
vt 0 0.4166667
vt 0 0.3333333
vt -0.04166667 0.4166667
vt -0.04166667 0.5
vt 0 0.5
vt 0 0.4166667
vt -0.04166667 0.5
vt -0.04166667 0.5833334
vt 0 0.5833334
vt 0 0.5
vt -0.04166667 0.5833334
vt -0.04166667 0.6666667
vt 0 0.6666667
vt 0 0.5833334
vt -0.04166667 0.6666667
vt -0.04166667 0.75
vt 0 0.75
vt 0 0.6666667
vt -0.04166667 0.75
vt -0.04166667 0.8333334
vt 0 0.8333334
vt 0 0.75
vt -0.04166667 0.8333334
vt -0.04166667 0.9166667
vt 0 0.9166667
vt 0 0.8333334
vt -0.04166667 0.9166667
vt -0.04166667 1
vt 0 0.9166667
vt -0.08333334 0.08333334
vt -0.04166667 0.08333334
vt -0.04166667 0.08333334
vt -0.08333334 0.08333334
vt -0.08333334 0.1666667
vt -0.04166667 0.1666667
vt -0.04166667 0.08333334
vt -0.08333334 0.1666667
vt -0.08333334 0.25
vt -0.04166667 0.25
vt -0.04166667 0.1666667
vt -0.08333334 0.25
vt -0.08333334 0.3333333
vt -0.04166667 0.3333333
vt -0.04166667 0.25
vt -0.08333334 0.3333333
vt -0.08333334 0.4166667
vt -0.04166667 0.4166667
vt -0.04166667 0.3333333
vt -0.08333334 0.4166667
vt -0.08333334 0.5
vt -0.04166667 0.5
vt -0.04166667 0.4166667
vt -0.08333334 0.5
vt -0.08333334 0.5833334
vt -0.04166667 0.5833334
vt -0.04166667 0.5
vt -0.08333334 0.5833334
vt -0.08333334 0.6666667
vt -0.04166667 0.6666667
vt -0.04166667 0.5833334
vt -0.08333334 0.6666667
vt -0.08333334 0.75
vt -0.04166667 0.75
vt -0.04166667 0.6666667
vt -0.08333334 0.75
vt -0.08333334 0.8333334
vt -0.04166667 0.8333334
vt -0.04166667 0.75
vt -0.08333334 0.8333334
vt -0.08333334 0.9166667
vt -0.04166667 0.9166667
vt -0.04166667 0.8333334
vt -0.08333334 0.9166667
vt -0.08333334 1
vt -0.04166667 0.9166667
vt -0.125 0.08333334
vt -0.08333334 0.08333334
vt -0.08333334 0.08333334
vt -0.125 0.08333334
vt -0.125 0.1666667
vt -0.08333334 0.1666667
vt -0.08333334 0.08333334
vt -0.125 0.1666667
vt -0.125 0.25
vt -0.08333334 0.25
vt -0.08333334 0.1666667
vt -0.125 0.25
vt -0.125 0.3333333
vt -0.08333334 0.3333333
vt -0.08333334 0.25
vt -0.125 0.3333333
vt -0.125 0.4166667
vt -0.08333334 0.4166667
vt -0.08333334 0.3333333
vt -0.125 0.4166667
vt -0.125 0.5
vt -0.08333334 0.5
vt -0.08333334 0.4166667
vt -0.125 0.5
vt -0.125 0.5833334
vt -0.08333334 0.5833334
vt -0.08333334 0.5
vt -0.125 0.5833334
vt -0.125 0.6666667
vt -0.08333334 0.6666667
vt -0.08333334 0.5833334
vt -0.125 0.6666667
vt -0.125 0.75
vt -0.08333334 0.75
vt -0.08333334 0.6666667
vt -0.125 0.75
vt -0.125 0.8333334
vt -0.08333334 0.8333334
vt -0.08333334 0.75
vt -0.125 0.8333334
vt -0.125 0.9166667
vt -0.08333334 0.9166667
vt -0.08333334 0.8333334
vt -0.125 0.9166667
vt -0.125 1
vt -0.08333334 0.9166667
vt -0.1666667 0.08333334
vt -0.125 0.08333334
vt -0.125 0.08333334
vt -0.1666667 0.08333334
vt -0.1666667 0.1666667
vt -0.125 0.1666667
vt -0.125 0.08333334
vt -0.1666667 0.1666667
vt -0.1666667 0.25
vt -0.125 0.25
vt -0.125 0.1666667
vt -0.1666667 0.25
vt -0.1666667 0.3333333
vt -0.125 0.3333333
vt -0.125 0.25
vt -0.1666667 0.3333333
vt -0.1666667 0.4166667
vt -0.125 0.4166667
vt -0.125 0.3333333
vt -0.1666667 0.4166667
vt -0.1666667 0.5
vt -0.125 0.5
vt -0.125 0.4166667
vt -0.1666667 0.5
vt -0.1666667 0.5833334
vt -0.125 0.5833334
vt -0.125 0.5
vt -0.1666667 0.5833334
vt -0.1666667 0.6666667
vt -0.125 0.6666667
vt -0.125 0.5833334
vt -0.1666667 0.6666667
vt -0.1666667 0.75
vt -0.125 0.75
vt -0.125 0.6666667
vt -0.1666667 0.75
vt -0.1666667 0.8333334
vt -0.125 0.8333334
vt -0.125 0.75
vt -0.1666667 0.8333334
vt -0.1666667 0.9166667
vt -0.125 0.9166667
vt -0.125 0.8333334
vt -0.1666667 0.9166667
vt -0.1666667 1
vt -0.125 0.9166667
vt -0.2083333 0.08333334
vt -0.1666667 0.08333334
vt -0.1666667 0.08333334
vt -0.2083333 0.08333334
vt -0.2083333 0.1666667
vt -0.1666667 0.1666667
vt -0.1666667 0.08333334
vt -0.2083333 0.1666667
vt -0.2083333 0.25
vt -0.1666667 0.25
vt -0.1666667 0.1666667
vt -0.2083333 0.25
vt -0.2083333 0.3333333
vt -0.1666667 0.3333333
vt -0.1666667 0.25
vt -0.2083333 0.3333333
vt -0.2083333 0.4166667
vt -0.1666667 0.4166667
vt -0.1666667 0.3333333
vt -0.2083333 0.4166667
vt -0.2083333 0.5
vt -0.1666667 0.5
vt -0.1666667 0.4166667
vt -0.2083333 0.5
vt -0.2083333 0.5833334
vt -0.1666667 0.5833334
vt -0.1666667 0.5
vt -0.2083333 0.5833334
vt -0.2083333 0.6666667
vt -0.1666667 0.6666667
vt -0.1666667 0.5833334
vt -0.2083333 0.6666667
vt -0.2083333 0.75
vt -0.1666667 0.75
vt -0.1666667 0.6666667
vt -0.2083333 0.75
vt -0.2083333 0.8333334
vt -0.1666667 0.8333334
vt -0.1666667 0.75
vt -0.2083333 0.8333334
vt -0.2083333 0.9166667
vt -0.1666667 0.9166667
vt -0.1666667 0.8333334
vt -0.2083333 0.9166667
vt -0.2083333 1
vt -0.1666667 0.9166667
vt -0.25 0.08333334
vt -0.2083333 0.08333334
vt -0.2083333 0.08333334
vt -0.25 0.08333334
vt -0.25 0.1666667
vt -0.2083333 0.1666667
vt -0.2083333 0.08333334
vt -0.25 0.1666667
vt -0.25 0.25
vt -0.2083333 0.25
vt -0.2083333 0.1666667
vt -0.25 0.25
vt -0.25 0.3333333
vt -0.2083333 0.3333333
vt -0.2083333 0.25
vt -0.25 0.3333333
vt -0.25 0.4166667
vt -0.2083333 0.4166667
vt -0.2083333 0.3333333
vt -0.25 0.4166667
vt -0.25 0.5
vt -0.2083333 0.5
vt -0.2083333 0.4166667
vt -0.25 0.5
vt -0.25 0.5833334
vt -0.2083333 0.5833334
vt -0.2083333 0.5
vt -0.25 0.5833334
vt -0.25 0.6666667
vt -0.2083333 0.6666667
vt -0.2083333 0.5833334
vt -0.25 0.6666667
vt -0.25 0.75
vt -0.2083333 0.75
vt -0.2083333 0.6666667
vt -0.25 0.75
vt -0.25 0.8333334
vt -0.2083333 0.8333334
vt -0.2083333 0.75
vt -0.25 0.8333334
vt -0.25 0.9166667
vt -0.2083333 0.9166667
vt -0.2083333 0.8333334
vt -0.25 0.9166667
vt -0.25 1
vt -0.2083333 0.9166667
vt -0.2916667 0.08333334
vt -0.25 0.08333334
vt -0.25 0.08333334
vt -0.2916667 0.08333334
vt -0.2916667 0.1666667
vt -0.25 0.1666667
vt -0.25 0.08333334
vt -0.2916667 0.1666667
vt -0.2916667 0.25
vt -0.25 0.25
vt -0.25 0.1666667
vt -0.2916667 0.25
vt -0.2916667 0.3333333
vt -0.25 0.3333333
vt -0.25 0.25
vt -0.2916667 0.3333333
vt -0.2916667 0.4166667
vt -0.25 0.4166667
vt -0.25 0.3333333
vt -0.2916667 0.4166667
vt -0.2916667 0.5
vt -0.25 0.5
vt -0.25 0.4166667
vt -0.2916667 0.5
vt -0.2916667 0.5833334
vt -0.25 0.5833334
vt -0.25 0.5
vt -0.2916667 0.5833334
vt -0.2916667 0.6666667
vt -0.25 0.6666667
vt -0.25 0.5833334
vt -0.2916667 0.6666667
vt -0.2916667 0.75
vt -0.25 0.75
vt -0.25 0.6666667
vt -0.2916667 0.75
vt -0.2916667 0.8333334
vt -0.25 0.8333334
vt -0.25 0.75
vt -0.2916667 0.8333334
vt -0.2916667 0.9166667
vt -0.25 0.9166667
vt -0.25 0.8333334
vt -0.2916667 0.9166667
vt -0.2916667 1
vt -0.25 0.9166667
vt -0.3333333 0.08333334
vt -0.2916667 0.08333334
vt -0.2916667 0.08333334
vt -0.3333333 0.08333334
vt -0.3333333 0.1666667
vt -0.2916667 0.1666667
vt -0.2916667 0.08333334
vt -0.3333333 0.1666667
vt -0.3333333 0.25
vt -0.2916667 0.25
vt -0.2916667 0.1666667
vt -0.3333333 0.25
vt -0.3333333 0.3333333
vt -0.2916667 0.3333333
vt -0.2916667 0.25
vt -0.3333333 0.3333333
vt -0.3333333 0.4166667
vt -0.2916667 0.4166667
vt -0.2916667 0.3333333
vt -0.3333333 0.4166667
vt -0.3333333 0.5
vt -0.2916667 0.5
vt -0.2916667 0.4166667
vt -0.3333333 0.5
vt -0.3333333 0.5833334
vt -0.2916667 0.5833334
vt -0.2916667 0.5
vt -0.3333333 0.5833334
vt -0.3333333 0.6666667
vt -0.2916667 0.6666667
vt -0.2916667 0.5833334
vt -0.3333333 0.6666667
vt -0.3333333 0.75
vt -0.2916667 0.75
vt -0.2916667 0.6666667
vt -0.3333333 0.75
vt -0.3333333 0.8333334
vt -0.2916667 0.8333334
vt -0.2916667 0.75
vt -0.3333333 0.8333334
vt -0.3333333 0.9166667
vt -0.2916667 0.9166667
vt -0.2916667 0.8333334
vt -0.3333333 0.9166667
vt -0.3333333 1
vt -0.2916667 0.9166667
vt -0.375 0.08333334
vt -0.3333333 0.08333334
vt -0.3333333 0.08333334
vt -0.375 0.08333334
vt -0.375 0.1666667
vt -0.3333333 0.1666667
vt -0.3333333 0.08333334
vt -0.375 0.1666667
vt -0.375 0.25
vt -0.3333333 0.25
vt -0.3333333 0.1666667
vt -0.375 0.25
vt -0.375 0.3333333
vt -0.3333333 0.3333333
vt -0.3333333 0.25
vt -0.375 0.3333333
vt -0.375 0.4166667
vt -0.3333333 0.4166667
vt -0.3333333 0.3333333
vt -0.375 0.4166667
vt -0.375 0.5
vt -0.3333333 0.5
vt -0.3333333 0.4166667
vt -0.375 0.5
vt -0.375 0.5833334
vt -0.3333333 0.5833334
vt -0.3333333 0.5
vt -0.375 0.5833334
vt -0.375 0.6666667
vt -0.3333333 0.6666667
vt -0.3333333 0.5833334
vt -0.375 0.6666667
vt -0.375 0.75
vt -0.3333333 0.75
vt -0.3333333 0.6666667
vt -0.375 0.75
vt -0.375 0.8333334
vt -0.3333333 0.8333334
vt -0.3333333 0.75
vt -0.375 0.8333334
vt -0.375 0.9166667
vt -0.3333333 0.9166667
vt -0.3333333 0.8333334
vt -0.375 0.9166667
vt -0.375 1
vt -0.3333333 0.9166667
vt -0.4166667 0.08333334
vt -0.375 0.08333334
vt -0.375 0.08333334
vt -0.4166667 0.08333334
vt -0.4166667 0.1666667
vt -0.375 0.1666667
vt -0.375 0.08333334
vt -0.4166667 0.1666667
vt -0.4166667 0.25
vt -0.375 0.25
vt -0.375 0.1666667
vt -0.4166667 0.25
vt -0.4166667 0.3333333
vt -0.375 0.3333333
vt -0.375 0.25
vt -0.4166667 0.3333333
vt -0.4166667 0.4166667
vt -0.375 0.4166667
vt -0.375 0.3333333
vt -0.4166667 0.4166667
vt -0.4166667 0.5
vt -0.375 0.5
vt -0.375 0.4166667
vt -0.4166667 0.5
vt -0.4166667 0.5833334
vt -0.375 0.5833334
vt -0.375 0.5
vt -0.4166667 0.5833334
vt -0.4166667 0.6666667
vt -0.375 0.6666667
vt -0.375 0.5833334
vt -0.4166667 0.6666667
vt -0.4166667 0.75
vt -0.375 0.75
vt -0.375 0.6666667
vt -0.4166667 0.75
vt -0.4166667 0.8333334
vt -0.375 0.8333334
vt -0.375 0.75
vt -0.4166667 0.8333334
vt -0.4166667 0.9166667
vt -0.375 0.9166667
vt -0.375 0.8333334
vt -0.4166667 0.9166667
vt -0.4166667 1
vt -0.375 0.9166667
vt -0.4583333 0.08333334
vt -0.4166667 0.08333334
vt -0.4166667 0.08333334
vt -0.4583333 0.08333334
vt -0.4583333 0.1666667
vt -0.4166667 0.1666667
vt -0.4166667 0.08333334
vt -0.4583333 0.1666667
vt -0.4583333 0.25
vt -0.4166667 0.25
vt -0.4166667 0.1666667
vt -0.4583333 0.25
vt -0.4583333 0.3333333
vt -0.4166667 0.3333333
vt -0.4166667 0.25
vt -0.4583333 0.3333333
vt -0.4583333 0.4166667
vt -0.4166667 0.4166667
vt -0.4166667 0.3333333
vt -0.4583333 0.4166667
vt -0.4583333 0.5
vt -0.4166667 0.5
vt -0.4166667 0.4166667
vt -0.4583333 0.5
vt -0.4583333 0.5833334
vt -0.4166667 0.5833334
vt -0.4166667 0.5
vt -0.4583333 0.5833334
vt -0.4583333 0.6666667
vt -0.4166667 0.6666667
vt -0.4166667 0.5833334
vt -0.4583333 0.6666667
vt -0.4583333 0.75
vt -0.4166667 0.75
vt -0.4166667 0.6666667
vt -0.4583333 0.75
vt -0.4583333 0.8333334
vt -0.4166667 0.8333334
vt -0.4166667 0.75
vt -0.4583333 0.8333334
vt -0.4583333 0.9166667
vt -0.4166667 0.9166667
vt -0.4166667 0.8333334
vt -0.4583333 0.9166667
vt -0.4583333 1
vt -0.4166667 0.9166667
vt -0.5 0.08333334
vt -0.4583333 0.08333334
vt -0.4583333 0.08333334
vt -0.5 0.08333334
vt -0.5 0.1666667
vt -0.4583333 0.1666667
vt -0.4583333 0.08333334
vt -0.5 0.1666667
vt -0.5 0.25
vt -0.4583333 0.25
vt -0.4583333 0.1666667
vt -0.5 0.25
vt -0.5 0.3333333
vt -0.4583333 0.3333333
vt -0.4583333 0.25
vt -0.5 0.3333333
vt -0.5 0.4166667
vt -0.4583333 0.4166667
vt -0.4583333 0.3333333
vt -0.5 0.4166667
vt -0.5 0.5
vt -0.4583333 0.5
vt -0.4583333 0.4166667
vt -0.5 0.5
vt -0.5 0.5833334
vt -0.4583333 0.5833334
vt -0.4583333 0.5
vt -0.5 0.5833334
vt -0.5 0.6666667
vt -0.4583333 0.6666667
vt -0.4583333 0.5833334
vt -0.5 0.6666667
vt -0.5 0.75
vt -0.4583333 0.75
vt -0.4583333 0.6666667
vt -0.5 0.75
vt -0.5 0.8333334
vt -0.4583333 0.8333334
vt -0.4583333 0.75
vt -0.5 0.8333334
vt -0.5 0.9166667
vt -0.4583333 0.9166667
vt -0.4583333 0.8333334
vt -0.5 0.9166667
vt -0.5 1
vt -0.4583333 0.9166667
vt -0.5416667 0.08333334
vt -0.5 0.08333334
vt -0.5 0.08333334
vt -0.5416667 0.08333334
vt -0.5416667 0.1666667
vt -0.5 0.1666667
vt -0.5 0.08333334
vt -0.5416667 0.1666667
vt -0.5416667 0.25
vt -0.5 0.25
vt -0.5 0.1666667
vt -0.5416667 0.25
vt -0.5416667 0.3333333
vt -0.5 0.3333333
vt -0.5 0.25
vt -0.5416667 0.3333333
vt -0.5416667 0.4166667
vt -0.5 0.4166667
vt -0.5 0.3333333
vt -0.5416667 0.4166667
vt -0.5416667 0.5
vt -0.5 0.5
vt -0.5 0.4166667
vt -0.5416667 0.5
vt -0.5416667 0.5833334
vt -0.5 0.5833334
vt -0.5 0.5
vt -0.5416667 0.5833334
vt -0.5416667 0.6666667
vt -0.5 0.6666667
vt -0.5 0.5833334
vt -0.5416667 0.6666667
vt -0.5416667 0.75
vt -0.5 0.75
vt -0.5 0.6666667
vt -0.5416667 0.75
vt -0.5416667 0.8333334
vt -0.5 0.8333334
vt -0.5 0.75
vt -0.5416667 0.8333334
vt -0.5416667 0.9166667
vt -0.5 0.9166667
vt -0.5 0.8333334
vt -0.5416667 0.9166667
vt -0.5416667 1
vt -0.5 0.9166667
vt -0.5833334 0.08333334
vt -0.5416667 0.08333334
vt -0.5416667 0.08333334
vt -0.5833334 0.08333334
vt -0.5833334 0.1666667
vt -0.5416667 0.1666667
vt -0.5416667 0.08333334
vt -0.5833334 0.1666667
vt -0.5833334 0.25
vt -0.5416667 0.25
vt -0.5416667 0.1666667
vt -0.5833334 0.25
vt -0.5833334 0.3333333
vt -0.5416667 0.3333333
vt -0.5416667 0.25
vt -0.5833334 0.3333333
vt -0.5833334 0.4166667
vt -0.5416667 0.4166667
vt -0.5416667 0.3333333
vt -0.5833334 0.4166667
vt -0.5833334 0.5
vt -0.5416667 0.5
vt -0.5416667 0.4166667
vt -0.5833334 0.5
vt -0.5833334 0.5833334
vt -0.5416667 0.5833334
vt -0.5416667 0.5
vt -0.5833334 0.5833334
vt -0.5833334 0.6666667
vt -0.5416667 0.6666667
vt -0.5416667 0.5833334
vt -0.5833334 0.6666667
vt -0.5833334 0.75
vt -0.5416667 0.75
vt -0.5416667 0.6666667
vt -0.5833334 0.75
vt -0.5833334 0.8333334
vt -0.5416667 0.8333334
vt -0.5416667 0.75
vt -0.5833334 0.8333334
vt -0.5833334 0.9166667
vt -0.5416667 0.9166667
vt -0.5416667 0.8333334
vt -0.5833334 0.9166667
vt -0.5833334 1
vt -0.5416667 0.9166667
vt -0.625 0.08333334
vt -0.5833334 0.08333334
vt -0.5833334 0.08333334
vt -0.625 0.08333334
vt -0.625 0.1666667
vt -0.5833334 0.1666667
vt -0.5833334 0.08333334
vt -0.625 0.1666667
vt -0.625 0.25
vt -0.5833334 0.25
vt -0.5833334 0.1666667
vt -0.625 0.25
vt -0.625 0.3333333
vt -0.5833334 0.3333333
vt -0.5833334 0.25
vt -0.625 0.3333333
vt -0.625 0.4166667
vt -0.5833334 0.4166667
vt -0.5833334 0.3333333
vt -0.625 0.4166667
vt -0.625 0.5
vt -0.5833334 0.5
vt -0.5833334 0.4166667
vt -0.625 0.5
vt -0.625 0.5833334
vt -0.5833334 0.5833334
vt -0.5833334 0.5
vt -0.625 0.5833334
vt -0.625 0.6666667
vt -0.5833334 0.6666667
vt -0.5833334 0.5833334
vt -0.625 0.6666667
vt -0.625 0.75
vt -0.5833334 0.75
vt -0.5833334 0.6666667
vt -0.625 0.75
vt -0.625 0.8333334
vt -0.5833334 0.8333334
vt -0.5833334 0.75
vt -0.625 0.8333334
vt -0.625 0.9166667
vt -0.5833334 0.9166667
vt -0.5833334 0.8333334
vt -0.625 0.9166667
vt -0.625 1
vt -0.5833334 0.9166667
vt -0.6666667 0.08333334
vt -0.625 0.08333334
vt -0.625 0.08333334
vt -0.6666667 0.08333334
vt -0.6666667 0.1666667
vt -0.625 0.1666667
vt -0.625 0.08333334
vt -0.6666667 0.1666667
vt -0.6666667 0.25
vt -0.625 0.25
vt -0.625 0.1666667
vt -0.6666667 0.25
vt -0.6666667 0.3333333
vt -0.625 0.3333333
vt -0.625 0.25
vt -0.6666667 0.3333333
vt -0.6666667 0.4166667
vt -0.625 0.4166667
vt -0.625 0.3333333
vt -0.6666667 0.4166667
vt -0.6666667 0.5
vt -0.625 0.5
vt -0.625 0.4166667
vt -0.6666667 0.5
vt -0.6666667 0.5833334
vt -0.625 0.5833334
vt -0.625 0.5
vt -0.6666667 0.5833334
vt -0.6666667 0.6666667
vt -0.625 0.6666667
vt -0.625 0.5833334
vt -0.6666667 0.6666667
vt -0.6666667 0.75
vt -0.625 0.75
vt -0.625 0.6666667
vt -0.6666667 0.75
vt -0.6666667 0.8333334
vt -0.625 0.8333334
vt -0.625 0.75
vt -0.6666667 0.8333334
vt -0.6666667 0.9166667
vt -0.625 0.9166667
vt -0.625 0.8333334
vt -0.6666667 0.9166667
vt -0.6666667 1
vt -0.625 0.9166667
vt -0.7083334 0.08333334
vt -0.6666667 0.08333334
vt -0.6666667 0.08333334
vt -0.7083334 0.08333334
vt -0.7083334 0.1666667
vt -0.6666667 0.1666667
vt -0.6666667 0.08333334
vt -0.7083334 0.1666667
vt -0.7083334 0.25
vt -0.6666667 0.25
vt -0.6666667 0.1666667
vt -0.7083334 0.25
vt -0.7083334 0.3333333
vt -0.6666667 0.3333333
vt -0.6666667 0.25
vt -0.7083334 0.3333333
vt -0.7083334 0.4166667
vt -0.6666667 0.4166667
vt -0.6666667 0.3333333
vt -0.7083334 0.4166667
vt -0.7083334 0.5
vt -0.6666667 0.5
vt -0.6666667 0.4166667
vt -0.7083334 0.5
vt -0.7083334 0.5833334
vt -0.6666667 0.5833334
vt -0.6666667 0.5
vt -0.7083334 0.5833334
vt -0.7083334 0.6666667
vt -0.6666667 0.6666667
vt -0.6666667 0.5833334
vt -0.7083334 0.6666667
vt -0.7083334 0.75
vt -0.6666667 0.75
vt -0.6666667 0.6666667
vt -0.7083334 0.75
vt -0.7083334 0.8333334
vt -0.6666667 0.8333334
vt -0.6666667 0.75
vt -0.7083334 0.8333334
vt -0.7083334 0.9166667
vt -0.6666667 0.9166667
vt -0.6666667 0.8333334
vt -0.7083334 0.9166667
vt -0.7083334 1
vt -0.6666667 0.9166667
vt -0.75 0.08333334
vt -0.7083334 0.08333334
vt -0.7083334 0.08333334
vt -0.75 0.08333334
vt -0.75 0.1666667
vt -0.7083334 0.1666667
vt -0.7083334 0.08333334
vt -0.75 0.1666667
vt -0.75 0.25
vt -0.7083334 0.25
vt -0.7083334 0.1666667
vt -0.75 0.25
vt -0.75 0.3333333
vt -0.7083334 0.3333333
vt -0.7083334 0.25
vt -0.75 0.3333333
vt -0.75 0.4166667
vt -0.7083334 0.4166667
vt -0.7083334 0.3333333
vt -0.75 0.4166667
vt -0.75 0.5
vt -0.7083334 0.5
vt -0.7083334 0.4166667
vt -0.75 0.5
vt -0.75 0.5833334
vt -0.7083334 0.5833334
vt -0.7083334 0.5
vt -0.75 0.5833334
vt -0.75 0.6666667
vt -0.7083334 0.6666667
vt -0.7083334 0.5833334
vt -0.75 0.6666667
vt -0.75 0.75
vt -0.7083334 0.75
vt -0.7083334 0.6666667
vt -0.75 0.75
vt -0.75 0.8333334
vt -0.7083334 0.8333334
vt -0.7083334 0.75
vt -0.75 0.8333334
vt -0.75 0.9166667
vt -0.7083334 0.9166667
vt -0.7083334 0.8333334
vt -0.75 0.9166667
vt -0.75 1
vt -0.7083334 0.9166667
vt -0.7916667 0.08333334
vt -0.75 0.08333334
vt -0.75 0.08333334
vt -0.7916667 0.08333334
vt -0.7916667 0.1666667
vt -0.75 0.1666667
vt -0.75 0.08333334
vt -0.7916667 0.1666667
vt -0.7916667 0.25
vt -0.75 0.25
vt -0.75 0.1666667
vt -0.7916667 0.25
vt -0.7916667 0.3333333
vt -0.75 0.3333333
vt -0.75 0.25
vt -0.7916667 0.3333333
vt -0.7916667 0.4166667
vt -0.75 0.4166667
vt -0.75 0.3333333
vt -0.7916667 0.4166667
vt -0.7916667 0.5
vt -0.75 0.5
vt -0.75 0.4166667
vt -0.7916667 0.5
vt -0.7916667 0.5833334
vt -0.75 0.5833334
vt -0.75 0.5
vt -0.7916667 0.5833334
vt -0.7916667 0.6666667
vt -0.75 0.6666667
vt -0.75 0.5833334
vt -0.7916667 0.6666667
vt -0.7916667 0.75
vt -0.75 0.75
vt -0.75 0.6666667
vt -0.7916667 0.75
vt -0.7916667 0.8333334
vt -0.75 0.8333334
vt -0.75 0.75
vt -0.7916667 0.8333334
vt -0.7916667 0.9166667
vt -0.75 0.9166667
vt -0.75 0.8333334
vt -0.7916667 0.9166667
vt -0.7916667 1
vt -0.75 0.9166667
vt -0.8333334 0.08333334
vt -0.7916667 0.08333334
vt -0.7916667 0.08333334
vt -0.8333334 0.08333334
vt -0.8333334 0.1666667
vt -0.7916667 0.1666667
vt -0.7916667 0.08333334
vt -0.8333334 0.1666667
vt -0.8333334 0.25
vt -0.7916667 0.25
vt -0.7916667 0.1666667
vt -0.8333334 0.25
vt -0.8333334 0.3333333
vt -0.7916667 0.3333333
vt -0.7916667 0.25
vt -0.8333334 0.3333333
vt -0.8333334 0.4166667
vt -0.7916667 0.4166667
vt -0.7916667 0.3333333
vt -0.8333334 0.4166667
vt -0.8333334 0.5
vt -0.7916667 0.5
vt -0.7916667 0.4166667
vt -0.8333334 0.5
vt -0.8333334 0.5833334
vt -0.7916667 0.5833334
vt -0.7916667 0.5
vt -0.8333334 0.5833334
vt -0.8333334 0.6666667
vt -0.7916667 0.6666667
vt -0.7916667 0.5833334
vt -0.8333334 0.6666667
vt -0.8333334 0.75
vt -0.7916667 0.75
vt -0.7916667 0.6666667
vt -0.8333334 0.75
vt -0.8333334 0.8333334
vt -0.7916667 0.8333334
vt -0.7916667 0.75
vt -0.8333334 0.8333334
vt -0.8333334 0.9166667
vt -0.7916667 0.9166667
vt -0.7916667 0.8333334
vt -0.8333334 0.9166667
vt -0.8333334 1
vt -0.7916667 0.9166667
vt -0.875 0.08333334
vt -0.8333334 0.08333334
vt -0.8333334 0.08333334
vt -0.875 0.08333334
vt -0.875 0.1666667
vt -0.8333334 0.1666667
vt -0.8333334 0.08333334
vt -0.875 0.1666667
vt -0.875 0.25
vt -0.8333334 0.25
vt -0.8333334 0.1666667
vt -0.875 0.25
vt -0.875 0.3333333
vt -0.8333334 0.3333333
vt -0.8333334 0.25
vt -0.875 0.3333333
vt -0.875 0.4166667
vt -0.8333334 0.4166667
vt -0.8333334 0.3333333
vt -0.875 0.4166667
vt -0.875 0.5
vt -0.8333334 0.5
vt -0.8333334 0.4166667
vt -0.875 0.5
vt -0.875 0.5833334
vt -0.8333334 0.5833334
vt -0.8333334 0.5
vt -0.875 0.5833334
vt -0.875 0.6666667
vt -0.8333334 0.6666667
vt -0.8333334 0.5833334
vt -0.875 0.6666667
vt -0.875 0.75
vt -0.8333334 0.75
vt -0.8333334 0.6666667
vt -0.875 0.75
vt -0.875 0.8333334
vt -0.8333334 0.8333334
vt -0.8333334 0.75
vt -0.875 0.8333334
vt -0.875 0.9166667
vt -0.8333334 0.9166667
vt -0.8333334 0.8333334
vt -0.875 0.9166667
vt -0.875 1
vt -0.8333334 0.9166667
vt -0.9166667 0.08333334
vt -0.875 0.08333334
vt -0.875 0.08333334
vt -0.9166667 0.08333334
vt -0.9166667 0.1666667
vt -0.875 0.1666667
vt -0.875 0.08333334
vt -0.9166667 0.1666667
vt -0.9166667 0.25
vt -0.875 0.25
vt -0.875 0.1666667
vt -0.9166667 0.25
vt -0.9166667 0.3333333
vt -0.875 0.3333333
vt -0.875 0.25
vt -0.9166667 0.3333333
vt -0.9166667 0.4166667
vt -0.875 0.4166667
vt -0.875 0.3333333
vt -0.9166667 0.4166667
vt -0.9166667 0.5
vt -0.875 0.5
vt -0.875 0.4166667
vt -0.9166667 0.5
vt -0.9166667 0.5833334
vt -0.875 0.5833334
vt -0.875 0.5
vt -0.9166667 0.5833334
vt -0.9166667 0.6666667
vt -0.875 0.6666667
vt -0.875 0.5833334
vt -0.9166667 0.6666667
vt -0.9166667 0.75
vt -0.875 0.75
vt -0.875 0.6666667
vt -0.9166667 0.75
vt -0.9166667 0.8333334
vt -0.875 0.8333334
vt -0.875 0.75
vt -0.9166667 0.8333334
vt -0.9166667 0.9166667
vt -0.875 0.9166667
vt -0.875 0.8333334
vt -0.9166667 0.9166667
vt -0.9166667 1
vt -0.875 0.9166667
vt -0.9583334 0.08333334
vt -0.9166667 0.08333334
vt -0.9166667 0.08333334
vt -0.9583334 0.08333334
vt -0.9583334 0.1666667
vt -0.9166667 0.1666667
vt -0.9166667 0.08333334
vt -0.9583334 0.1666667
vt -0.9583334 0.25
vt -0.9166667 0.25
vt -0.9166667 0.1666667
vt -0.9583334 0.25
vt -0.9583334 0.3333333
vt -0.9166667 0.3333333
vt -0.9166667 0.25
vt -0.9583334 0.3333333
vt -0.9583334 0.4166667
vt -0.9166667 0.4166667
vt -0.9166667 0.3333333
vt -0.9583334 0.4166667
vt -0.9583334 0.5
vt -0.9166667 0.5
vt -0.9166667 0.4166667
vt -0.9583334 0.5
vt -0.9583334 0.5833334
vt -0.9166667 0.5833334
vt -0.9166667 0.5
vt -0.9583334 0.5833334
vt -0.9583334 0.6666667
vt -0.9166667 0.6666667
vt -0.9166667 0.5833334
vt -0.9583334 0.6666667
vt -0.9583334 0.75
vt -0.9166667 0.75
vt -0.9166667 0.6666667
vt -0.9583334 0.75
vt -0.9583334 0.8333334
vt -0.9166667 0.8333334
vt -0.9166667 0.75
vt -0.9583334 0.8333334
vt -0.9583334 0.9166667
vt -0.9166667 0.9166667
vt -0.9166667 0.8333334
vt -0.9583334 0.9166667
vt -0.9583334 1
vt -0.9166667 0.9166667
vt -1 0.08333334
vt -0.9583334 0.08333334
vt -0.9583334 0.08333334
vt -1 0.08333334
vt -1 0.1666667
vt -0.9583334 0.1666667
vt -0.9583334 0.08333334
vt -1 0.1666667
vt -1 0.25
vt -0.9583334 0.25
vt -0.9583334 0.1666667
vt -1 0.25
vt -1 0.3333333
vt -0.9583334 0.3333333
vt -0.9583334 0.25
vt -1 0.3333333
vt -1 0.4166667
vt -0.9583334 0.4166667
vt -0.9583334 0.3333333
vt -1 0.4166667
vt -1 0.5
vt -0.9583334 0.5
vt -0.9583334 0.4166667
vt -1 0.5
vt -1 0.5833334
vt -0.9583334 0.5833334
vt -0.9583334 0.5
vt -1 0.5833334
vt -1 0.6666667
vt -0.9583334 0.6666667
vt -0.9583334 0.5833334
vt -1 0.6666667
vt -1 0.75
vt -0.9583334 0.75
vt -0.9583334 0.6666667
vt -1 0.75
vt -1 0.8333334
vt -0.9583334 0.8333334
vt -0.9583334 0.75
vt -1 0.8333334
vt -1 0.9166667
vt -0.9583334 0.9166667
vt -0.9583334 0.8333334
vt -1 0.9166667
vt -1 1
vt -0.9583334 0.9166667
usemtl Material
f 3/3/3 2/2/2 1/1/1
f 6/6/6 5/5/5 4/4/4
f 6/6/6 4/4/4 7/7/7
f 10/10/10 9/9/9 8/8/8
f 10/10/10 8/8/8 11/11/11
f 14/14/14 13/13/13 12/12/12
f 14/14/14 12/12/12 15/15/15
f 18/18/18 17/17/17 16/16/16
f 18/18/18 16/16/16 19/19/19
f 22/22/22 21/21/21 20/20/20
f 22/22/22 20/20/20 23/23/23
f 26/26/26 25/25/25 24/24/24
f 26/26/26 24/24/24 27/27/27
f 30/30/30 29/29/29 28/28/28
f 30/30/30 28/28/28 31/31/31
f 34/34/34 33/33/33 32/32/32
f 34/34/34 32/32/32 35/35/35
f 38/38/38 37/37/37 36/36/36
f 38/38/38 36/36/36 39/39/39
f 42/42/42 41/41/41 40/40/40
f 42/42/42 40/40/40 43/43/43
f 46/46/46 45/45/45 44/44/44
f 49/49/49 48/48/48 47/47/47
f 52/52/52 51/51/51 50/50/50
f 52/52/52 50/50/50 53/53/53
f 56/56/56 55/55/55 54/54/54
f 56/56/56 54/54/54 57/57/57
f 60/60/60 59/59/59 58/58/58
f 60/60/60 58/58/58 61/61/61
f 64/64/64 63/63/63 62/62/62
f 64/64/64 62/62/62 65/65/65
f 68/68/68 67/67/67 66/66/66
f 68/68/68 66/66/66 69/69/69
f 72/72/72 71/71/71 70/70/70
f 72/72/72 70/70/70 73/73/73
f 76/76/76 75/75/75 74/74/74
f 76/76/76 74/74/74 77/77/77
f 80/80/80 79/79/79 78/78/78
f 80/80/80 78/78/78 81/81/81
f 84/84/84 83/83/83 82/82/82
f 84/84/84 82/82/82 85/85/85
f 88/88/88 87/87/87 86/86/86
f 88/88/88 86/86/86 89/89/89
f 92/92/92 91/91/91 90/90/90
f 95/95/95 94/94/94 93/93/93
f 98/98/98 97/97/97 96/96/96
f 98/98/98 96/96/96 99/99/99
f 102/102/102 101/101/101 100/100/100
f 102/102/102 100/100/100 103/103/103
f 106/106/106 105/105/105 104/104/104
f 106/106/106 104/104/104 107/107/107
f 110/110/110 109/109/109 108/108/108
f 110/110/110 108/108/108 111/111/111
f 114/114/114 113/113/113 112/112/112
f 114/114/114 112/112/112 115/115/115
f 118/118/118 117/117/117 116/116/116
f 118/118/118 116/116/116 119/119/119
f 122/122/122 121/121/121 120/120/120
f 122/122/122 120/120/120 123/123/123
f 126/126/126 125/125/125 124/124/124
f 126/126/126 124/124/124 127/127/127
f 130/130/130 129/129/129 128/128/128
f 130/130/130 128/128/128 131/131/131
f 134/134/134 133/133/133 132/132/132
f 134/134/134 132/132/132 135/135/135
f 138/138/138 137/137/137 136/136/136
f 141/141/141 140/140/140 139/139/139
f 144/144/144 143/143/143 142/142/142
f 144/144/144 142/142/142 145/145/145
f 148/148/148 147/147/147 146/146/146
f 148/148/148 146/146/146 149/149/149
f 152/152/152 151/151/151 150/150/150
f 152/152/152 150/150/150 153/153/153
f 156/156/156 155/155/155 154/154/154
f 156/156/156 154/154/154 157/157/157
f 160/160/160 159/159/159 158/158/158
f 160/160/160 158/158/158 161/161/161
f 164/164/164 163/163/163 162/162/162
f 164/164/164 162/162/162 165/165/165
f 168/168/168 167/167/167 166/166/166
f 168/168/168 166/166/166 169/169/169
f 172/172/172 171/171/171 170/170/170
f 172/172/172 170/170/170 173/173/173
f 176/176/176 175/175/175 174/174/174
f 176/176/176 174/174/174 177/177/177
f 180/180/180 179/179/179 178/178/178
f 180/180/180 178/178/178 181/181/181
f 184/184/184 183/183/183 182/182/182
f 187/187/187 186/186/186 185/185/185
f 190/190/190 189/189/189 188/188/188
f 190/190/190 188/188/188 191/191/191
f 194/194/194 193/193/193 192/192/192
f 194/194/194 192/192/192 195/195/195
f 198/198/198 197/197/197 196/196/196
f 198/198/198 196/196/196 199/199/199
f 202/202/202 201/201/201 200/200/200
f 202/202/202 200/200/200 203/203/203
f 206/206/206 205/205/205 204/204/204
f 206/206/206 204/204/204 207/207/207
f 210/210/210 209/209/209 208/208/208
f 210/210/210 208/208/208 211/211/211
f 214/214/214 213/213/213 212/212/212
f 214/214/214 212/212/212 215/215/215
f 218/218/218 217/217/217 216/216/216
f 218/218/218 216/216/216 219/219/219
f 222/222/222 221/221/221 220/220/220
f 222/222/222 220/220/220 223/223/223
f 226/226/226 225/225/225 224/224/224
f 226/226/226 224/224/224 227/227/227
f 230/230/230 229/229/229 228/228/228
f 233/233/233 232/232/232 231/231/231
f 236/236/236 235/235/235 234/234/234
f 236/236/236 234/234/234 237/237/237
f 240/240/240 239/239/239 238/238/238
f 240/240/240 238/238/238 241/241/241
f 244/244/244 243/243/243 242/242/242
f 244/244/244 242/242/242 245/245/245
f 248/248/248 247/247/247 246/246/246
f 248/248/248 246/246/246 249/249/249
f 252/252/252 251/251/251 250/250/250
f 252/252/252 250/250/250 253/253/253
f 256/256/256 255/255/255 254/254/254
f 256/256/256 254/254/254 257/257/257
f 260/260/260 259/259/259 258/258/258
f 260/260/260 258/258/258 261/261/261
f 264/264/264 263/263/263 262/262/262
f 264/264/264 262/262/262 265/265/265
f 268/268/268 267/267/267 266/266/266
f 268/268/268 266/266/266 269/269/269
f 272/272/272 271/271/271 270/270/270
f 272/272/272 270/270/270 273/273/273
f 276/276/276 275/275/275 274/274/274
f 279/279/279 278/278/278 277/277/277
f 282/282/282 281/281/281 280/280/280
f 282/282/282 280/280/280 283/283/283
f 286/286/286 285/285/285 284/284/284
f 286/286/286 284/284/284 287/287/287
f 290/290/290 289/289/289 288/288/288
f 290/290/290 288/288/288 291/291/291
f 294/294/294 293/293/293 292/292/292
f 294/294/294 292/292/292 295/295/295
f 298/298/298 297/297/297 296/296/296
f 298/298/298 296/296/296 299/299/299
f 302/302/302 301/301/301 300/300/300
f 302/302/302 300/300/300 303/303/303
f 306/306/306 305/305/305 304/304/304
f 306/306/306 304/304/304 307/307/307
f 310/310/310 309/309/309 308/308/308
f 310/310/310 308/308/308 311/311/311
f 314/314/314 313/313/313 312/312/312
f 314/314/314 312/312/312 315/315/315
f 318/318/318 317/317/317 316/316/316
f 318/318/318 316/316/316 319/319/319
f 322/322/322 321/321/321 320/320/320
f 325/325/325 324/324/324 323/323/323
f 328/328/328 327/327/327 326/326/326
f 328/328/328 326/326/326 329/329/329
f 332/332/332 331/331/331 330/330/330
f 332/332/332 330/330/330 333/333/333
f 336/336/336 335/335/335 334/334/334
f 336/336/336 334/334/334 337/337/337
f 340/340/340 339/339/339 338/338/338
f 340/340/340 338/338/338 341/341/341
f 344/344/344 343/343/343 342/342/342
f 344/344/344 342/342/342 345/345/345
f 348/348/348 347/347/347 346/346/346
f 348/348/348 346/346/346 349/349/349
f 352/352/352 351/351/351 350/350/350
f 352/352/352 350/350/350 353/353/353
f 356/356/356 355/355/355 354/354/354
f 356/356/356 354/354/354 357/357/357
f 360/360/360 359/359/359 358/358/358
f 360/360/360 358/358/358 361/361/361
f 364/364/364 363/363/363 362/362/362
f 364/364/364 362/362/362 365/365/365
f 368/368/368 367/367/367 366/366/366
f 371/371/371 370/370/370 369/369/369
f 374/374/374 373/373/373 372/372/372
f 374/374/374 372/372/372 375/375/375
f 378/378/378 377/377/377 376/376/376
f 378/378/378 376/376/376 379/379/379
f 382/382/382 381/381/381 380/380/380
f 382/382/382 380/380/380 383/383/383
f 386/386/386 385/385/385 384/384/384
f 386/386/386 384/384/384 387/387/387
f 390/390/390 389/389/389 388/388/388
f 390/390/390 388/388/388 391/391/391
f 394/394/394 393/393/393 392/392/392
f 394/394/394 392/392/392 395/395/395
f 398/398/398 397/397/397 396/396/396
f 398/398/398 396/396/396 399/399/399
f 402/402/402 401/401/401 400/400/400
f 402/402/402 400/400/400 403/403/403
f 406/406/406 405/405/405 404/404/404
f 406/406/406 404/404/404 407/407/407
f 410/410/410 409/409/409 408/408/408
f 410/410/410 408/408/408 411/411/411
f 414/414/414 413/413/413 412/412/412
f 417/417/417 416/416/416 415/415/415
f 420/420/420 419/419/419 418/418/418
f 420/420/420 418/418/418 421/421/421
f 424/424/424 423/423/423 422/422/422
f 424/424/424 422/422/422 425/425/425
f 428/428/428 427/427/427 426/426/426
f 428/428/428 426/426/426 429/429/429
f 432/432/432 431/431/431 430/430/430
f 432/432/432 430/430/430 433/433/433
f 436/436/436 435/435/435 434/434/434
f 436/436/436 434/434/434 437/437/437
f 440/440/440 439/439/439 438/438/438
f 440/440/440 438/438/438 441/441/441
f 444/444/444 443/443/443 442/442/442
f 444/444/444 442/442/442 445/445/445
f 448/448/448 447/447/447 446/446/446
f 448/448/448 446/446/446 449/449/449
f 452/452/452 451/451/451 450/450/450
f 452/452/452 450/450/450 453/453/453
f 456/456/456 455/455/455 454/454/454
f 456/456/456 454/454/454 457/457/457
f 460/460/460 459/459/459 458/458/458
f 463/463/463 462/462/462 461/461/461
f 466/466/466 465/465/465 464/464/464
f 466/466/466 464/464/464 467/467/467
f 470/470/470 469/469/469 468/468/468
f 470/470/470 468/468/468 471/471/471
f 474/474/474 473/473/473 472/472/472
f 474/474/474 472/472/472 475/475/475
f 478/478/478 477/477/477 476/476/476
f 478/478/478 476/476/476 479/479/479
f 482/482/482 481/481/481 480/480/480
f 482/482/482 480/480/480 483/483/483
f 486/486/486 485/485/485 484/484/484
f 486/486/486 484/484/484 487/487/487
f 490/490/490 489/489/489 488/488/488
f 490/490/490 488/488/488 491/491/491
f 494/494/494 493/493/493 492/492/492
f 494/494/494 492/492/492 495/495/495
f 498/498/498 497/497/497 496/496/496
f 498/498/498 496/496/496 499/499/499
f 502/502/502 501/501/501 500/500/500
f 502/502/502 500/500/500 503/503/503
f 506/506/506 505/505/505 504/504/504
f 509/509/509 508/508/508 507/507/507
f 512/512/512 511/511/511 510/510/510
f 512/512/512 510/510/510 513/513/513
f 516/516/516 515/515/515 514/514/514
f 516/516/516 514/514/514 517/517/517
f 520/520/520 519/519/519 518/518/518
f 520/520/520 518/518/518 521/521/521
f 524/524/524 523/523/523 522/522/522
f 524/524/524 522/522/522 525/525/525
f 528/528/528 527/527/527 526/526/526
f 528/528/528 526/526/526 529/529/529
f 532/532/532 531/531/531 530/530/530
f 532/532/532 530/530/530 533/533/533
f 536/536/536 535/535/535 534/534/534
f 536/536/536 534/534/534 537/537/537
f 540/540/540 539/539/539 538/538/538
f 540/540/540 538/538/538 541/541/541
f 544/544/544 543/543/543 542/542/542
f 544/544/544 542/542/542 545/545/545
f 548/548/548 547/547/547 546/546/546
f 548/548/548 546/546/546 549/549/549
f 552/552/552 551/551/551 550/550/550
f 555/555/555 554/554/554 553/553/553
f 558/558/558 557/557/557 556/556/556
f 558/558/558 556/556/556 559/559/559
f 562/562/562 561/561/561 560/560/560
f 562/562/562 560/560/560 563/563/563
f 566/566/566 565/565/565 564/564/564
f 566/566/566 564/564/564 567/567/567
f 570/570/570 569/569/569 568/568/568
f 570/570/570 568/568/568 571/571/571
f 574/574/574 573/573/573 572/572/572
f 574/574/574 572/572/572 575/575/575
f 578/578/578 577/577/577 576/576/576
f 578/578/578 576/576/576 579/579/579
f 582/582/582 581/581/581 580/580/580
f 582/582/582 580/580/580 583/583/583
f 586/586/586 585/585/585 584/584/584
f 586/586/586 584/584/584 587/587/587
f 590/590/590 589/589/589 588/588/588
f 590/590/590 588/588/588 591/591/591
f 594/594/594 593/593/593 592/592/592
f 594/594/594 592/592/592 595/595/595
f 598/598/598 597/597/597 596/596/596
f 601/601/601 600/600/600 599/599/599
f 604/604/604 603/603/603 602/602/602
f 604/604/604 602/602/602 605/605/605
f 608/608/608 607/607/607 606/606/606
f 608/608/608 606/606/606 609/609/609
f 612/612/612 611/611/611 610/610/610
f 612/612/612 610/610/610 613/613/613
f 616/616/616 615/615/615 614/614/614
f 616/616/616 614/614/614 617/617/617
f 620/620/620 619/619/619 618/618/618
f 620/620/620 618/618/618 621/621/621
f 624/624/624 623/623/623 622/622/622
f 624/624/624 622/622/622 625/625/625
f 628/628/628 627/627/627 626/626/626
f 628/628/628 626/626/626 629/629/629
f 632/632/632 631/631/631 630/630/630
f 632/632/632 630/630/630 633/633/633
f 636/636/636 635/635/635 634/634/634
f 636/636/636 634/634/634 637/637/637
f 640/640/640 639/639/639 638/638/638
f 640/640/640 638/638/638 641/641/641
f 644/644/644 643/643/643 642/642/642
f 647/647/647 646/646/646 645/645/645
f 650/650/650 649/649/649 648/648/648
f 650/650/650 648/648/648 651/651/651
f 654/654/654 653/653/653 652/652/652
f 654/654/654 652/652/652 655/655/655
f 658/658/658 657/657/657 656/656/656
f 658/658/658 656/656/656 659/659/659
f 662/662/662 661/661/661 660/660/660
f 662/662/662 660/660/660 663/663/663
f 666/666/666 665/665/665 664/664/664
f 666/666/666 664/664/664 667/667/667
f 670/670/670 669/669/669 668/668/668
f 670/670/670 668/668/668 671/671/671
f 674/674/674 673/673/673 672/672/672
f 674/674/674 672/672/672 675/675/675
f 678/678/678 677/677/677 676/676/676
f 678/678/678 676/676/676 679/679/679
f 682/682/682 681/681/681 680/680/680
f 682/682/682 680/680/680 683/683/683
f 686/686/686 685/685/685 684/684/684
f 686/686/686 684/684/684 687/687/687
f 690/690/690 689/689/689 688/688/688
f 693/693/693 692/692/692 691/691/691
f 696/696/696 695/695/695 694/694/694
f 696/696/696 694/694/694 697/697/697
f 700/700/700 699/699/699 698/698/698
f 700/700/700 698/698/698 701/701/701
f 704/704/704 703/703/703 702/702/702
f 704/704/704 702/702/702 705/705/705
f 708/708/708 707/707/707 706/706/706
f 708/708/708 706/706/706 709/709/709
f 712/712/712 711/711/711 710/710/710
f 712/712/712 710/710/710 713/713/713
f 716/716/716 715/715/715 714/714/714
f 716/716/716 714/714/714 717/717/717
f 720/720/720 719/719/719 718/718/718
f 720/720/720 718/718/718 721/721/721
f 724/724/724 723/723/723 722/722/722
f 724/724/724 722/722/722 725/725/725
f 728/728/728 727/727/727 726/726/726
f 728/728/728 726/726/726 729/729/729
f 732/732/732 731/731/731 730/730/730
f 732/732/732 730/730/730 733/733/733
f 736/736/736 735/735/735 734/734/734
f 739/739/739 738/738/738 737/737/737
f 742/742/742 741/741/741 740/740/740
f 742/742/742 740/740/740 743/743/743
f 746/746/746 745/745/745 744/744/744
f 746/746/746 744/744/744 747/747/747
f 750/750/750 749/749/749 748/748/748
f 750/750/750 748/748/748 751/751/751
f 754/754/754 753/753/753 752/752/752
f 754/754/754 752/752/752 755/755/755
f 758/758/758 757/757/757 756/756/756
f 758/758/758 756/756/756 759/759/759
f 762/762/762 761/761/761 760/760/760
f 762/762/762 760/760/760 763/763/763
f 766/766/766 765/765/765 764/764/764
f 766/766/766 764/764/764 767/767/767
f 770/770/770 769/769/769 768/768/768
f 770/770/770 768/768/768 771/771/771
f 774/774/774 773/773/773 772/772/772
f 774/774/774 772/772/772 775/775/775
f 778/778/778 777/777/777 776/776/776
f 778/778/778 776/776/776 779/779/779
f 782/782/782 781/781/781 780/780/780
f 785/785/785 784/784/784 783/783/783
f 788/788/788 787/787/787 786/786/786
f 788/788/788 786/786/786 789/789/789
f 792/792/792 791/791/791 790/790/790
f 792/792/792 790/790/790 793/793/793
f 796/796/796 795/795/795 794/794/794
f 796/796/796 794/794/794 797/797/797
f 800/800/800 799/799/799 798/798/798
f 800/800/800 798/798/798 801/801/801
f 804/804/804 803/803/803 802/802/802
f 804/804/804 802/802/802 805/805/805
f 808/808/808 807/807/807 806/806/806
f 808/808/808 806/806/806 809/809/809
f 812/812/812 811/811/811 810/810/810
f 812/812/812 810/810/810 813/813/813
f 816/816/816 815/815/815 814/814/814
f 816/816/816 814/814/814 817/817/817
f 820/820/820 819/819/819 818/818/818
f 820/820/820 818/818/818 821/821/821
f 824/824/824 823/823/823 822/822/822
f 824/824/824 822/822/822 825/825/825
f 828/828/828 827/827/827 826/826/826
f 831/831/831 830/830/830 829/829/829
f 834/834/834 833/833/833 832/832/832
f 834/834/834 832/832/832 835/835/835
f 838/838/838 837/837/837 836/836/836
f 838/838/838 836/836/836 839/839/839
f 842/842/842 841/841/841 840/840/840
f 842/842/842 840/840/840 843/843/843
f 846/846/846 845/845/845 844/844/844
f 846/846/846 844/844/844 847/847/847
f 850/850/850 849/849/849 848/848/848
f 850/850/850 848/848/848 851/851/851
f 854/854/854 853/853/853 852/852/852
f 854/854/854 852/852/852 855/855/855
f 858/858/858 857/857/857 856/856/856
f 858/858/858 856/856/856 859/859/859
f 862/862/862 861/861/861 860/860/860
f 862/862/862 860/860/860 863/863/863
f 866/866/866 865/865/865 864/864/864
f 866/866/866 864/864/864 867/867/867
f 870/870/870 869/869/869 868/868/868
f 870/870/870 868/868/868 871/871/871
f 874/874/874 873/873/873 872/872/872
f 877/877/877 876/876/876 875/875/875
f 880/880/880 879/879/879 878/878/878
f 880/880/880 878/878/878 881/881/881
f 884/884/884 883/883/883 882/882/882
f 884/884/884 882/882/882 885/885/885
f 888/888/888 887/887/887 886/886/886
f 888/888/888 886/886/886 889/889/889
f 892/892/892 891/891/891 890/890/890
f 892/892/892 890/890/890 893/893/893
f 896/896/896 895/895/895 894/894/894
f 896/896/896 894/894/894 897/897/897
f 900/900/900 899/899/899 898/898/898
f 900/900/900 898/898/898 901/901/901
f 904/904/904 903/903/903 902/902/902
f 904/904/904 902/902/902 905/905/905
f 908/908/908 907/907/907 906/906/906
f 908/908/908 906/906/906 909/909/909
f 912/912/912 911/911/911 910/910/910
f 912/912/912 910/910/910 913/913/913
f 916/916/916 915/915/915 914/914/914
f 916/916/916 914/914/914 917/917/917
f 920/920/920 919/919/919 918/918/918
f 923/923/923 922/922/922 921/921/921
f 926/926/926 925/925/925 924/924/924
f 926/926/926 924/924/924 927/927/927
f 930/930/930 929/929/929 928/928/928
f 930/930/930 928/928/928 931/931/931
f 934/934/934 933/933/933 932/932/932
f 934/934/934 932/932/932 935/935/935
f 938/938/938 937/937/937 936/936/936
f 938/938/938 936/936/936 939/939/939
f 942/942/942 941/941/941 940/940/940
f 942/942/942 940/940/940 943/943/943
f 946/946/946 945/945/945 944/944/944
f 946/946/946 944/944/944 947/947/947
f 950/950/950 949/949/949 948/948/948
f 950/950/950 948/948/948 951/951/951
f 954/954/954 953/953/953 952/952/952
f 954/954/954 952/952/952 955/955/955
f 958/958/958 957/957/957 956/956/956
f 958/958/958 956/956/956 959/959/959
f 962/962/962 961/961/961 960/960/960
f 962/962/962 960/960/960 963/963/963
f 966/966/966 965/965/965 964/964/964
f 969/969/969 968/968/968 967/967/967
f 972/972/972 971/971/971 970/970/970
f 972/972/972 970/970/970 973/973/973
f 976/976/976 975/975/975 974/974/974
f 976/976/976 974/974/974 977/977/977
f 980/980/980 979/979/979 978/978/978
f 980/980/980 978/978/978 981/981/981
f 984/984/984 983/983/983 982/982/982
f 984/984/984 982/982/982 985/985/985
f 988/988/988 987/987/987 986/986/986
f 988/988/988 986/986/986 989/989/989
f 992/992/992 991/991/991 990/990/990
f 992/992/992 990/990/990 993/993/993
f 996/996/996 995/995/995 994/994/994
f 996/996/996 994/994/994 997/997/997
f 1000/1000/1000 999/999/999 998/998/998
f 1000/1000/1000 998/998/998 1001/1001/1001
f 1004/1004/1004 1003/1003/1003 1002/1002/1002
f 1004/1004/1004 1002/1002/1002 1005/1005/1005
f 1008/1008/1008 1007/1007/1007 1006/1006/1006
f 1008/1008/1008 1006/1006/1006 1009/1009/1009
f 1012/1012/1012 1011/1011/1011 1010/1010/1010
f 1015/1015/1015 1014/1014/1014 1013/1013/1013
f 1018/1018/1018 1017/1017/1017 1016/1016/1016
f 1018/1018/1018 1016/1016/1016 1019/1019/1019
f 1022/1022/1022 1021/1021/1021 1020/1020/1020
f 1022/1022/1022 1020/1020/1020 1023/1023/1023
f 1026/1026/1026 1025/1025/1025 1024/1024/1024
f 1026/1026/1026 1024/1024/1024 1027/1027/1027
f 1030/1030/1030 1029/1029/1029 1028/1028/1028
f 1030/1030/1030 1028/1028/1028 1031/1031/1031
f 1034/1034/1034 1033/1033/1033 1032/1032/1032
f 1034/1034/1034 1032/1032/1032 1035/1035/1035
f 1038/1038/1038 1037/1037/1037 1036/1036/1036
f 1038/1038/1038 1036/1036/1036 1039/1039/1039
f 1042/1042/1042 1041/1041/1041 1040/1040/1040
f 1042/1042/1042 1040/1040/1040 1043/1043/1043
f 1046/1046/1046 1045/1045/1045 1044/1044/1044
f 1046/1046/1046 1044/1044/1044 1047/1047/1047
f 1050/1050/1050 1049/1049/1049 1048/1048/1048
f 1050/1050/1050 1048/1048/1048 1051/1051/1051
f 1054/1054/1054 1053/1053/1053 1052/1052/1052
f 1054/1054/1054 1052/1052/1052 1055/1055/1055
f 1058/1058/1058 1057/1057/1057 1056/1056/1056
f 1061/1061/1061 1060/1060/1060 1059/1059/1059
f 1064/1064/1064 1063/1063/1063 1062/1062/1062
f 1064/1064/1064 1062/1062/1062 1065/1065/1065
f 1068/1068/1068 1067/1067/1067 1066/1066/1066
f 1068/1068/1068 1066/1066/1066 1069/1069/1069
f 1072/1072/1072 1071/1071/1071 1070/1070/1070
f 1072/1072/1072 1070/1070/1070 1073/1073/1073
f 1076/1076/1076 1075/1075/1075 1074/1074/1074
f 1076/1076/1076 1074/1074/1074 1077/1077/1077
f 1080/1080/1080 1079/1079/1079 1078/1078/1078
f 1080/1080/1080 1078/1078/1078 1081/1081/1081
f 1084/1084/1084 1083/1083/1083 1082/1082/1082
f 1084/1084/1084 1082/1082/1082 1085/1085/1085
f 1088/1088/1088 1087/1087/1087 1086/1086/1086
f 1088/1088/1088 1086/1086/1086 1089/1089/1089
f 1092/1092/1092 1091/1091/1091 1090/1090/1090
f 1092/1092/1092 1090/1090/1090 1093/1093/1093
f 1096/1096/1096 1095/1095/1095 1094/1094/1094
f 1096/1096/1096 1094/1094/1094 1097/1097/1097
f 1100/1100/1100 1099/1099/1099 1098/1098/1098
f 1100/1100/1100 1098/1098/1098 1101/1101/1101
f 1104/1104/1104 1103/1103/1103 1102/1102/1102
o 球体 1
v -0.02512024 -0.3622221 -0.46465
v 0 -0.3622221 -0.4624453
v 0 -0.3749999 -0.52715
v -0.02512024 -0.3622221 -0.46465
v -0.04852857 -0.3247595 -0.4064093
v 0 -0.3247595 -0.40215
v 0 -0.3622221 -0.4624453
v -0.04852857 -0.3247595 -0.4064093
v -0.06862976 -0.265165 -0.3563969
v 0 -0.265165 -0.3503733
v 0 -0.3247595 -0.40215
v -0.06862976 -0.265165 -0.3563969
v -0.08405396 -0.1874999 -0.3180209
v 0 -0.1874999 -0.3106437
v 0 -0.265165 -0.3503733
v -0.08405396 -0.1874999 -0.3180209
v -0.09375 -0.09705709 -0.2938969
v 0 -0.09705709 -0.2856686
v 0 -0.1874999 -0.3106437
v -0.09375 -0.09705709 -0.2938969
v -0.09705714 7.923293E-08 -0.2856686
v 0 7.923293E-08 -0.27715
v 0 -0.09705709 -0.2856686
v -0.09705714 7.923293E-08 -0.2856686
v -0.09375 0.09705725 -0.2938969
v 0 0.09705725 -0.2856686
v 0 7.923293E-08 -0.27715
v -0.09375 0.09705725 -0.2938969
v -0.08405395 0.1875001 -0.318021
v 0 0.1875001 -0.3106437
v 0 0.09705725 -0.2856686
v -0.08405395 0.1875001 -0.318021
v -0.06862976 0.2651651 -0.3563969
v 0 0.2651651 -0.3503733
v 0 0.1875001 -0.3106437
v -0.06862976 0.2651651 -0.3563969
v -0.04852857 0.3247596 -0.4064093
v 0 0.3247596 -0.40215
v 0 0.2651651 -0.3503733
v -0.04852857 0.3247596 -0.4064093
v -0.02512022 0.3622223 -0.4646501
v 0 0.3622223 -0.4624453
v 0 0.3247596 -0.40215
v -0.02512022 0.3622223 -0.4646501
v 8.485005E-09 0.3750001 -0.52715
v 0 0.3622223 -0.4624453
v -0.04852857 -0.3622221 -0.4711141
v -0.02512024 -0.3622221 -0.46465
v 0 -0.3749999 -0.52715
v -0.04852857 -0.3622221 -0.4711141
v -0.09375 -0.3247595 -0.4188969
v -0.04852857 -0.3247595 -0.4064093
v -0.02512024 -0.3622221 -0.46465
v -0.09375 -0.3247595 -0.4188969
v -0.1325825 -0.265165 -0.3740569
v -0.06862976 -0.265165 -0.3563969
v -0.04852857 -0.3247595 -0.4064093
v -0.1325825 -0.265165 -0.3740569
v -0.1623798 -0.1874999 -0.33965
v -0.08405396 -0.1874999 -0.3180209
v -0.06862976 -0.265165 -0.3563969
v -0.1623798 -0.1874999 -0.33965
v -0.1811111 -0.09705709 -0.318021
v -0.09375 -0.09705709 -0.2938969
v -0.08405396 -0.1874999 -0.3180209
v -0.1811111 -0.09705709 -0.318021
v -0.1875 7.923293E-08 -0.3106437
v -0.09705714 7.923293E-08 -0.2856686
v -0.09375 -0.09705709 -0.2938969
v -0.1875 7.923293E-08 -0.3106437
v -0.1811111 0.09705725 -0.318021
v -0.09375 0.09705725 -0.2938969
v -0.09705714 7.923293E-08 -0.2856686
v -0.1811111 0.09705725 -0.318021
v -0.1623798 0.1875001 -0.33965
v -0.08405395 0.1875001 -0.318021
v -0.09375 0.09705725 -0.2938969
v -0.1623798 0.1875001 -0.33965
v -0.1325825 0.2651651 -0.3740569
v -0.06862976 0.2651651 -0.3563969
v -0.08405395 0.1875001 -0.318021
v -0.1325825 0.2651651 -0.3740569
v -0.09375002 0.3247596 -0.4188968
v -0.04852857 0.3247596 -0.4064093
v -0.06862976 0.2651651 -0.3563969
v -0.09375002 0.3247596 -0.4188968
v -0.04852855 0.3622223 -0.4711141
v -0.02512022 0.3622223 -0.4646501
v -0.04852857 0.3247596 -0.4064093
v -0.04852855 0.3622223 -0.4711141
v 8.485005E-09 0.3750001 -0.52715
v -0.02512022 0.3622223 -0.4646501
v -0.06862976 -0.3622221 -0.4813969
v -0.04852857 -0.3622221 -0.4711141
v 0 -0.3749999 -0.52715
v -0.06862976 -0.3622221 -0.4813969
v -0.1325825 -0.3247595 -0.4387617
v -0.09375 -0.3247595 -0.4188969
v -0.04852857 -0.3622221 -0.4711141
v -0.1325825 -0.3247595 -0.4387617
v -0.1875 -0.265165 -0.40215
v -0.1325825 -0.265165 -0.3740569
v -0.09375 -0.3247595 -0.4188969
v -0.1875 -0.265165 -0.40215
v -0.2296397 -0.1874999 -0.3740569
v -0.1623798 -0.1874999 -0.33965
v -0.1325825 -0.265165 -0.3740569
v -0.2296397 -0.1874999 -0.3740569
v -0.2561297 -0.09705709 -0.3563969
v -0.1811111 -0.09705709 -0.318021
v -0.1623798 -0.1874999 -0.33965
v -0.2561297 -0.09705709 -0.3563969
v -0.265165 7.923293E-08 -0.3503733
v -0.1875 7.923293E-08 -0.3106437
v -0.1811111 -0.09705709 -0.318021
v -0.265165 7.923293E-08 -0.3503733
v -0.2561297 0.09705725 -0.3563969
v -0.1811111 0.09705725 -0.318021
v -0.1875 7.923293E-08 -0.3106437
v -0.2561297 0.09705725 -0.3563969
v -0.2296396 0.1875001 -0.3740569
v -0.1623798 0.1875001 -0.33965
v -0.1811111 0.09705725 -0.318021
v -0.2296396 0.1875001 -0.3740569
v -0.1875 0.2651651 -0.40215
v -0.1325825 0.2651651 -0.3740569
v -0.1623798 0.1875001 -0.33965
v -0.1875 0.2651651 -0.40215
v -0.1325825 0.3247596 -0.4387617
v -0.09375002 0.3247596 -0.4188968
v -0.1325825 0.2651651 -0.3740569
v -0.1325825 0.3247596 -0.4387617
v -0.06862974 0.3622223 -0.4813969
v -0.04852855 0.3622223 -0.4711141
v -0.09375002 0.3247596 -0.4188968
v -0.06862974 0.3622223 -0.4813969
v 8.485005E-09 0.3750001 -0.52715
v -0.04852855 0.3622223 -0.4711141
v -0.08405396 -0.3622221 -0.4947976
v -0.06862976 -0.3622221 -0.4813969
v 0 -0.3749999 -0.52715
v -0.08405396 -0.3622221 -0.4947976
v -0.1623798 -0.3247595 -0.46465
v -0.1325825 -0.3247595 -0.4387617
v -0.06862976 -0.3622221 -0.4813969
v -0.1623798 -0.3247595 -0.46465
v -0.2296397 -0.265165 -0.4387617
v -0.1875 -0.265165 -0.40215
v -0.1325825 -0.3247595 -0.4387617
v -0.2296397 -0.265165 -0.4387617
v -0.2812501 -0.1874999 -0.4188969
v -0.2296397 -0.1874999 -0.3740569
v -0.1875 -0.265165 -0.40215
v -0.2812501 -0.1874999 -0.4188969
v -0.3136936 -0.09705709 -0.4064093
v -0.2561297 -0.09705709 -0.3563969
v -0.2296397 -0.1874999 -0.3740569
v -0.3136936 -0.09705709 -0.4064093
v -0.3247595 7.923293E-08 -0.40215
v -0.265165 7.923293E-08 -0.3503733
v -0.2561297 -0.09705709 -0.3563969
v -0.3247595 7.923293E-08 -0.40215
v -0.3136936 0.09705725 -0.4064093
v -0.2561297 0.09705725 -0.3563969
v -0.265165 7.923293E-08 -0.3503733
v -0.3136936 0.09705725 -0.4064093
v -0.28125 0.1875001 -0.4188969
v -0.2296396 0.1875001 -0.3740569
v -0.2561297 0.09705725 -0.3563969
v -0.28125 0.1875001 -0.4188969
v -0.2296397 0.2651651 -0.4387617
v -0.1875 0.2651651 -0.40215
v -0.2296396 0.1875001 -0.3740569
v -0.2296397 0.2651651 -0.4387617
v -0.1623798 0.3247596 -0.46465
v -0.1325825 0.3247596 -0.4387617
v -0.1875 0.2651651 -0.40215
v -0.1623798 0.3247596 -0.46465
v -0.08405392 0.3622223 -0.4947977
v -0.06862974 0.3622223 -0.4813969
v -0.1325825 0.3247596 -0.4387617
v -0.08405392 0.3622223 -0.4947977
v 8.485005E-09 0.3750001 -0.52715
v -0.06862974 0.3622223 -0.4813969
v -0.09375 -0.3622221 -0.5104032
v -0.08405396 -0.3622221 -0.4947976
v 0 -0.3749999 -0.52715
v -0.09375 -0.3622221 -0.5104032
v -0.1811111 -0.3247595 -0.4947976
v -0.1623798 -0.3247595 -0.46465
v -0.08405396 -0.3622221 -0.4947976
v -0.1811111 -0.3247595 -0.4947976
v -0.2561297 -0.265165 -0.4813969
v -0.2296397 -0.265165 -0.4387617
v -0.1623798 -0.3247595 -0.46465
v -0.2561297 -0.265165 -0.4813969
v -0.3136936 -0.1874999 -0.4711141
v -0.2812501 -0.1874999 -0.4188969
v -0.2296397 -0.265165 -0.4387617
v -0.3136936 -0.1874999 -0.4711141
v -0.3498797 -0.09705709 -0.46465
v -0.3136936 -0.09705709 -0.4064093
v -0.2812501 -0.1874999 -0.4188969
v -0.3498797 -0.09705709 -0.46465
v -0.3622222 7.923293E-08 -0.4624453
v -0.3247595 7.923293E-08 -0.40215
v -0.3136936 -0.09705709 -0.4064093
v -0.3622222 7.923293E-08 -0.4624453
v -0.3498797 0.09705725 -0.46465
v -0.3136936 0.09705725 -0.4064093
v -0.3247595 7.923293E-08 -0.40215
v -0.3498797 0.09705725 -0.46465
v -0.3136936 0.1875001 -0.4711141
v -0.28125 0.1875001 -0.4188969
v -0.3136936 0.09705725 -0.4064093
v -0.3136936 0.1875001 -0.4711141
v -0.2561297 0.2651651 -0.4813969
v -0.2296397 0.2651651 -0.4387617
v -0.28125 0.1875001 -0.4188969
v -0.2561297 0.2651651 -0.4813969
v -0.1811111 0.3247596 -0.4947976
v -0.1623798 0.3247596 -0.46465
v -0.2296397 0.2651651 -0.4387617
v -0.1811111 0.3247596 -0.4947976
v -0.09374996 0.3622223 -0.5104032
v -0.08405392 0.3622223 -0.4947977
v -0.1623798 0.3247596 -0.46465
v -0.09374996 0.3622223 -0.5104032
v 8.485005E-09 0.3750001 -0.52715
v -0.08405392 0.3622223 -0.4947977
v -0.09705714 -0.3622221 -0.52715
v -0.09375 -0.3622221 -0.5104032
v 0 -0.3749999 -0.52715
v -0.09705714 -0.3622221 -0.52715
v -0.1875 -0.3247595 -0.52715
v -0.1811111 -0.3247595 -0.4947976
v -0.09375 -0.3622221 -0.5104032
v -0.1875 -0.3247595 -0.52715
v -0.265165 -0.265165 -0.52715
v -0.2561297 -0.265165 -0.4813969
v -0.1811111 -0.3247595 -0.4947976
v -0.265165 -0.265165 -0.52715
v -0.3247595 -0.1874999 -0.52715
v -0.3136936 -0.1874999 -0.4711141
v -0.2561297 -0.265165 -0.4813969
v -0.3247595 -0.1874999 -0.52715
v -0.3622222 -0.09705709 -0.52715
v -0.3498797 -0.09705709 -0.46465
v -0.3136936 -0.1874999 -0.4711141
v -0.3622222 -0.09705709 -0.52715
v -0.375 7.923293E-08 -0.52715
v -0.3622222 7.923293E-08 -0.4624453
v -0.3498797 -0.09705709 -0.46465
v -0.375 7.923293E-08 -0.52715
v -0.3622222 0.09705725 -0.52715
v -0.3498797 0.09705725 -0.46465
v -0.3622222 7.923293E-08 -0.4624453
v -0.3622222 0.09705725 -0.52715
v -0.3247595 0.1875001 -0.52715
v -0.3136936 0.1875001 -0.4711141
v -0.3498797 0.09705725 -0.46465
v -0.3247595 0.1875001 -0.52715
v -0.265165 0.2651651 -0.52715
v -0.2561297 0.2651651 -0.4813969
v -0.3136936 0.1875001 -0.4711141
v -0.265165 0.2651651 -0.52715
v -0.1875 0.3247596 -0.52715
v -0.1811111 0.3247596 -0.4947976
v -0.2561297 0.2651651 -0.4813969
v -0.1875 0.3247596 -0.52715
v -0.0970571 0.3622223 -0.52715
v -0.09374996 0.3622223 -0.5104032
v -0.1811111 0.3247596 -0.4947976
v -0.0970571 0.3622223 -0.52715
v 8.485005E-09 0.3750001 -0.52715
v -0.09374996 0.3622223 -0.5104032
v -0.09375 -0.3622221 -0.5438969
v -0.09705714 -0.3622221 -0.52715
v 0 -0.3749999 -0.52715
v -0.09375 -0.3622221 -0.5438969
v -0.1811111 -0.3247595 -0.5595024
v -0.1875 -0.3247595 -0.52715
v -0.09705714 -0.3622221 -0.52715
v -0.1811111 -0.3247595 -0.5595024
v -0.2561297 -0.265165 -0.5729032
v -0.265165 -0.265165 -0.52715
v -0.1875 -0.3247595 -0.52715
v -0.2561297 -0.265165 -0.5729032
v -0.3136936 -0.1874999 -0.583186
v -0.3247595 -0.1874999 -0.52715
v -0.265165 -0.265165 -0.52715
v -0.3136936 -0.1874999 -0.583186
v -0.3498797 -0.09705709 -0.58965
v -0.3622222 -0.09705709 -0.52715
v -0.3247595 -0.1874999 -0.52715
v -0.3498797 -0.09705709 -0.58965
v -0.3622222 7.923293E-08 -0.5918548
v -0.375 7.923293E-08 -0.52715
v -0.3622222 -0.09705709 -0.52715
v -0.3622222 7.923293E-08 -0.5918548
v -0.3498797 0.09705725 -0.58965
v -0.3622222 0.09705725 -0.52715
v -0.375 7.923293E-08 -0.52715
v -0.3498797 0.09705725 -0.58965
v -0.3136936 0.1875001 -0.583186
v -0.3247595 0.1875001 -0.52715
v -0.3622222 0.09705725 -0.52715
v -0.3136936 0.1875001 -0.583186
v -0.2561297 0.2651651 -0.5729032
v -0.265165 0.2651651 -0.52715
v -0.3247595 0.1875001 -0.52715
v -0.2561297 0.2651651 -0.5729032
v -0.1811111 0.3247596 -0.5595024
v -0.1875 0.3247596 -0.52715
v -0.265165 0.2651651 -0.52715
v -0.1811111 0.3247596 -0.5595024
v -0.09374996 0.3622223 -0.5438969
v -0.0970571 0.3622223 -0.52715
v -0.1875 0.3247596 -0.52715
v -0.09374996 0.3622223 -0.5438969
v 8.485005E-09 0.3750001 -0.52715
v -0.0970571 0.3622223 -0.52715
v -0.08405395 -0.3622221 -0.5595024
v -0.09375 -0.3622221 -0.5438969
v 0 -0.3749999 -0.52715
v -0.08405395 -0.3622221 -0.5595024
v -0.1623798 -0.3247595 -0.58965
v -0.1811111 -0.3247595 -0.5595024
v -0.09375 -0.3622221 -0.5438969
v -0.1623798 -0.3247595 -0.58965
v -0.2296396 -0.265165 -0.6155384
v -0.2561297 -0.265165 -0.5729032
v -0.1811111 -0.3247595 -0.5595024
v -0.2296396 -0.265165 -0.6155384
v -0.28125 -0.1874999 -0.6354032
v -0.3136936 -0.1874999 -0.583186
v -0.2561297 -0.265165 -0.5729032
v -0.28125 -0.1874999 -0.6354032
v -0.3136936 -0.09705709 -0.6478908
v -0.3498797 -0.09705709 -0.58965
v -0.3136936 -0.1874999 -0.583186
v -0.3136936 -0.09705709 -0.6478908
v -0.3247595 7.923293E-08 -0.65215
v -0.3622222 7.923293E-08 -0.5918548
v -0.3498797 -0.09705709 -0.58965
v -0.3247595 7.923293E-08 -0.65215
v -0.3136936 0.09705725 -0.6478908
v -0.3498797 0.09705725 -0.58965
v -0.3622222 7.923293E-08 -0.5918548
v -0.3136936 0.09705725 -0.6478908
v -0.28125 0.1875001 -0.6354032
v -0.3136936 0.1875001 -0.583186
v -0.3498797 0.09705725 -0.58965
v -0.28125 0.1875001 -0.6354032
v -0.2296396 0.2651651 -0.6155384
v -0.2561297 0.2651651 -0.5729032
v -0.3136936 0.1875001 -0.583186
v -0.2296396 0.2651651 -0.6155384
v -0.1623798 0.3247596 -0.58965
v -0.1811111 0.3247596 -0.5595024
v -0.2561297 0.2651651 -0.5729032
v -0.1623798 0.3247596 -0.58965
v -0.08405392 0.3622223 -0.5595024
v -0.09374996 0.3622223 -0.5438969
v -0.1811111 0.3247596 -0.5595024
v -0.08405392 0.3622223 -0.5595024
v 8.485005E-09 0.3750001 -0.52715
v -0.09374996 0.3622223 -0.5438969
v -0.06862976 -0.3622221 -0.5729032
v -0.08405395 -0.3622221 -0.5595024
v 0 -0.3749999 -0.52715
v -0.06862976 -0.3622221 -0.5729032
v -0.1325825 -0.3247595 -0.6155384
v -0.1623798 -0.3247595 -0.58965
v -0.08405395 -0.3622221 -0.5595024
v -0.1325825 -0.3247595 -0.6155384
v -0.1875 -0.265165 -0.65215
v -0.2296396 -0.265165 -0.6155384
v -0.1623798 -0.3247595 -0.58965
v -0.1875 -0.265165 -0.65215
v -0.2296397 -0.1874999 -0.6802431
v -0.28125 -0.1874999 -0.6354032
v -0.2296396 -0.265165 -0.6155384
v -0.2296397 -0.1874999 -0.6802431
v -0.2561297 -0.09705709 -0.6979032
v -0.3136936 -0.09705709 -0.6478908
v -0.28125 -0.1874999 -0.6354032
v -0.2561297 -0.09705709 -0.6979032
v -0.265165 7.923293E-08 -0.7039267
v -0.3247595 7.923293E-08 -0.65215
v -0.3136936 -0.09705709 -0.6478908
v -0.265165 7.923293E-08 -0.7039267
v -0.2561297 0.09705725 -0.6979032
v -0.3136936 0.09705725 -0.6478908
v -0.3247595 7.923293E-08 -0.65215
v -0.2561297 0.09705725 -0.6979032
v -0.2296396 0.1875001 -0.6802431
v -0.28125 0.1875001 -0.6354032
v -0.3136936 0.09705725 -0.6478908
v -0.2296396 0.1875001 -0.6802431
v -0.1875 0.2651651 -0.65215
v -0.2296396 0.2651651 -0.6155384
v -0.28125 0.1875001 -0.6354032
v -0.1875 0.2651651 -0.65215
v -0.1325825 0.3247596 -0.6155384
v -0.1623798 0.3247596 -0.58965
v -0.2296396 0.2651651 -0.6155384
v -0.1325825 0.3247596 -0.6155384
v -0.06862974 0.3622223 -0.5729032
v -0.08405392 0.3622223 -0.5595024
v -0.1623798 0.3247596 -0.58965
v -0.06862974 0.3622223 -0.5729032
v 8.485005E-09 0.3750001 -0.52715
v -0.08405392 0.3622223 -0.5595024
v -0.04852857 -0.3622221 -0.583186
v -0.06862976 -0.3622221 -0.5729032
v 0 -0.3749999 -0.52715
v -0.04852857 -0.3622221 -0.583186
v -0.09375002 -0.3247595 -0.6354032
v -0.1325825 -0.3247595 -0.6155384
v -0.06862976 -0.3622221 -0.5729032
v -0.09375002 -0.3247595 -0.6354032
v -0.1325825 -0.265165 -0.6802431
v -0.1875 -0.265165 -0.65215
v -0.1325825 -0.3247595 -0.6155384
v -0.1325825 -0.265165 -0.6802431
v -0.1623798 -0.1874999 -0.71465
v -0.2296397 -0.1874999 -0.6802431
v -0.1875 -0.265165 -0.65215
v -0.1623798 -0.1874999 -0.71465
v -0.1811111 -0.09705709 -0.7362791
v -0.2561297 -0.09705709 -0.6979032
v -0.2296397 -0.1874999 -0.6802431
v -0.1811111 -0.09705709 -0.7362791
v -0.1875 7.923293E-08 -0.7436564
v -0.265165 7.923293E-08 -0.7039267
v -0.2561297 -0.09705709 -0.6979032
v -0.1875 7.923293E-08 -0.7436564
v -0.1811111 0.09705725 -0.7362791
v -0.2561297 0.09705725 -0.6979032
v -0.265165 7.923293E-08 -0.7039267
v -0.1811111 0.09705725 -0.7362791
v -0.1623798 0.1875001 -0.71465
v -0.2296396 0.1875001 -0.6802431
v -0.2561297 0.09705725 -0.6979032
v -0.1623798 0.1875001 -0.71465
v -0.1325825 0.2651651 -0.6802431
v -0.1875 0.2651651 -0.65215
v -0.2296396 0.1875001 -0.6802431
v -0.1325825 0.2651651 -0.6802431
v -0.09375002 0.3247596 -0.6354032
v -0.1325825 0.3247596 -0.6155384
v -0.1875 0.2651651 -0.65215
v -0.09375002 0.3247596 -0.6354032
v -0.04852855 0.3622223 -0.583186
v -0.06862974 0.3622223 -0.5729032
v -0.1325825 0.3247596 -0.6155384
v -0.04852855 0.3622223 -0.583186
v 8.485005E-09 0.3750001 -0.52715
v -0.06862974 0.3622223 -0.5729032
v -0.02512022 -0.3622221 -0.58965
v -0.04852857 -0.3622221 -0.583186
v 0 -0.3749999 -0.52715
v -0.02512022 -0.3622221 -0.58965
v -0.04852855 -0.3247595 -0.6478907
v -0.09375002 -0.3247595 -0.6354032
v -0.04852857 -0.3622221 -0.583186
v -0.04852855 -0.3247595 -0.6478907
v -0.06862974 -0.265165 -0.6979032
v -0.1325825 -0.265165 -0.6802431
v -0.09375002 -0.3247595 -0.6354032
v -0.06862974 -0.265165 -0.6979032
v -0.08405392 -0.1874999 -0.7362791
v -0.1623798 -0.1874999 -0.71465
v -0.1325825 -0.265165 -0.6802431
v -0.08405392 -0.1874999 -0.7362791
v -0.09374996 -0.09705709 -0.7604032
v -0.1811111 -0.09705709 -0.7362791
v -0.1623798 -0.1874999 -0.71465
v -0.09374996 -0.09705709 -0.7604032
v -0.0970571 7.923293E-08 -0.7686315
v -0.1875 7.923293E-08 -0.7436564
v -0.1811111 -0.09705709 -0.7362791
v -0.0970571 7.923293E-08 -0.7686315
v -0.09374996 0.09705725 -0.7604032
v -0.1811111 0.09705725 -0.7362791
v -0.1875 7.923293E-08 -0.7436564
v -0.09374996 0.09705725 -0.7604032
v -0.08405392 0.1875001 -0.7362791
v -0.1623798 0.1875001 -0.71465
v -0.1811111 0.09705725 -0.7362791
v -0.08405392 0.1875001 -0.7362791
v -0.06862974 0.2651651 -0.6979032
v -0.1325825 0.2651651 -0.6802431
v -0.1623798 0.1875001 -0.71465
v -0.06862974 0.2651651 -0.6979032
v -0.04852855 0.3247596 -0.6478908
v -0.09375002 0.3247596 -0.6354032
v -0.1325825 0.2651651 -0.6802431
v -0.04852855 0.3247596 -0.6478908
v -0.02512021 0.3622223 -0.58965
v -0.04852855 0.3622223 -0.583186
v -0.09375002 0.3247596 -0.6354032
v -0.02512021 0.3622223 -0.58965
v 8.485005E-09 0.3750001 -0.52715
v -0.04852855 0.3622223 -0.583186
v 8.485005E-09 -0.3622221 -0.5918548
v -0.02512022 -0.3622221 -0.58965
v 0 -0.3749999 -0.52715
v 8.485005E-09 -0.3622221 -0.5918548
v 1.639177E-08 -0.3247595 -0.65215
v -0.04852855 -0.3247595 -0.6478907
v -0.02512022 -0.3622221 -0.58965
v 1.639177E-08 -0.3247595 -0.65215
v 2.318146E-08 -0.265165 -0.7039267
v -0.06862974 -0.265165 -0.6979032
v -0.04852855 -0.3247595 -0.6478907
v 2.318146E-08 -0.265165 -0.7039267
v 2.839138E-08 -0.1874999 -0.7436564
v -0.08405392 -0.1874999 -0.7362791
v -0.06862974 -0.265165 -0.6979032
v 2.839138E-08 -0.1874999 -0.7436564
v 3.166647E-08 -0.09705709 -0.7686315
v -0.09374996 -0.09705709 -0.7604032
v -0.08405392 -0.1874999 -0.7362791
v 3.166647E-08 -0.09705709 -0.7686315
v 3.278354E-08 7.923293E-08 -0.77715
v -0.0970571 7.923293E-08 -0.7686315
v -0.09374996 -0.09705709 -0.7604032
v 3.278354E-08 7.923293E-08 -0.77715
v 3.166647E-08 0.09705725 -0.7686315
v -0.09374996 0.09705725 -0.7604032
v -0.0970571 7.923293E-08 -0.7686315
v 3.166647E-08 0.09705725 -0.7686315
v 2.839138E-08 0.1875001 -0.7436564
v -0.08405392 0.1875001 -0.7362791
v -0.09374996 0.09705725 -0.7604032
v 2.839138E-08 0.1875001 -0.7436564
v 2.318146E-08 0.2651651 -0.7039267
v -0.06862974 0.2651651 -0.6979032
v -0.08405392 0.1875001 -0.7362791
v 2.318146E-08 0.2651651 -0.7039267
v 1.639177E-08 0.3247596 -0.65215
v -0.04852855 0.3247596 -0.6478908
v -0.06862974 0.2651651 -0.6979032
v 1.639177E-08 0.3247596 -0.65215
v 8.485001E-09 0.3622223 -0.5918548
v -0.02512021 0.3622223 -0.58965
v -0.04852855 0.3247596 -0.6478908
v 8.485001E-09 0.3622223 -0.5918548
v 8.485005E-09 0.3750001 -0.52715
v -0.02512021 0.3622223 -0.58965
v 0.02512024 -0.3622221 -0.58965
v 8.485005E-09 -0.3622221 -0.5918548
v 0 -0.3749999 -0.52715
v 0.02512024 -0.3622221 -0.58965
v 0.04852857 -0.3247595 -0.6478907
v 1.639177E-08 -0.3247595 -0.65215
v 8.485005E-09 -0.3622221 -0.5918548
v 0.04852857 -0.3247595 -0.6478907
v 0.06862977 -0.265165 -0.6979032
v 2.318146E-08 -0.265165 -0.7039267
v 1.639177E-08 -0.3247595 -0.65215
v 0.06862977 -0.265165 -0.6979032
v 0.08405396 -0.1874999 -0.7362791
v 2.839138E-08 -0.1874999 -0.7436564
v 2.318146E-08 -0.265165 -0.7039267
v 0.08405396 -0.1874999 -0.7362791
v 0.09375002 -0.09705709 -0.7604032
v 3.166647E-08 -0.09705709 -0.7686315
v 2.839138E-08 -0.1874999 -0.7436564
v 0.09375002 -0.09705709 -0.7604032
v 0.09705715 7.923293E-08 -0.7686315
v 3.278354E-08 7.923293E-08 -0.77715
v 3.166647E-08 -0.09705709 -0.7686315
v 0.09705715 7.923293E-08 -0.7686315
v 0.09375002 0.09705725 -0.7604032
v 3.166647E-08 0.09705725 -0.7686315
v 3.278354E-08 7.923293E-08 -0.77715
v 0.09375002 0.09705725 -0.7604032
v 0.08405396 0.1875001 -0.7362791
v 2.839138E-08 0.1875001 -0.7436564
v 3.166647E-08 0.09705725 -0.7686315
v 0.08405396 0.1875001 -0.7362791
v 0.06862977 0.2651651 -0.6979032
v 2.318146E-08 0.2651651 -0.7039267
v 2.839138E-08 0.1875001 -0.7436564
v 0.06862977 0.2651651 -0.6979032
v 0.04852858 0.3247596 -0.6478908
v 1.639177E-08 0.3247596 -0.65215
v 2.318146E-08 0.2651651 -0.7039267
v 0.04852858 0.3247596 -0.6478908
v 0.02512023 0.3622223 -0.58965
v 8.485001E-09 0.3622223 -0.5918548
v 1.639177E-08 0.3247596 -0.65215
v 0.02512023 0.3622223 -0.58965
v 8.485005E-09 0.3750001 -0.52715
v 8.485001E-09 0.3622223 -0.5918548
v 0.04852859 -0.3622221 -0.583186
v 0.02512024 -0.3622221 -0.58965
v 0 -0.3749999 -0.52715
v 0.04852859 -0.3622221 -0.583186
v 0.09375003 -0.3247595 -0.6354032
v 0.04852857 -0.3247595 -0.6478907
v 0.02512024 -0.3622221 -0.58965
v 0.09375003 -0.3247595 -0.6354032
v 0.1325826 -0.265165 -0.6802431
v 0.06862977 -0.265165 -0.6979032
v 0.04852857 -0.3247595 -0.6478907
v 0.1325826 -0.265165 -0.6802431
v 0.1623798 -0.1874999 -0.71465
v 0.08405396 -0.1874999 -0.7362791
v 0.06862977 -0.265165 -0.6979032
v 0.1623798 -0.1874999 -0.71465
v 0.1811112 -0.09705709 -0.7362791
v 0.09375002 -0.09705709 -0.7604032
v 0.08405396 -0.1874999 -0.7362791
v 0.1811112 -0.09705709 -0.7362791
v 0.1875001 7.923293E-08 -0.7436564
v 0.09705715 7.923293E-08 -0.7686315
v 0.09375002 -0.09705709 -0.7604032
v 0.1875001 7.923293E-08 -0.7436564
v 0.1811112 0.09705725 -0.7362791
v 0.09375002 0.09705725 -0.7604032
v 0.09705715 7.923293E-08 -0.7686315
v 0.1811112 0.09705725 -0.7362791
v 0.1623798 0.1875001 -0.71465
v 0.08405396 0.1875001 -0.7362791
v 0.09375002 0.09705725 -0.7604032
v 0.1623798 0.1875001 -0.71465
v 0.1325826 0.2651651 -0.6802431
v 0.06862977 0.2651651 -0.6979032
v 0.08405396 0.1875001 -0.7362791
v 0.1325826 0.2651651 -0.6802431
v 0.09375004 0.3247596 -0.6354032
v 0.04852858 0.3247596 -0.6478908
v 0.06862977 0.2651651 -0.6979032
v 0.09375004 0.3247596 -0.6354032
v 0.04852857 0.3622223 -0.583186
v 0.02512023 0.3622223 -0.58965
v 0.04852858 0.3247596 -0.6478908
v 0.04852857 0.3622223 -0.583186
v 8.485005E-09 0.3750001 -0.52715
v 0.02512023 0.3622223 -0.58965
v 0.06862977 -0.3622221 -0.5729032
v 0.04852859 -0.3622221 -0.583186
v 0 -0.3749999 -0.52715
v 0.06862977 -0.3622221 -0.5729032
v 0.1325825 -0.3247595 -0.6155384
v 0.09375003 -0.3247595 -0.6354032
v 0.04852859 -0.3622221 -0.583186
v 0.1325825 -0.3247595 -0.6155384
v 0.1875 -0.265165 -0.65215
v 0.1325826 -0.265165 -0.6802431
v 0.09375003 -0.3247595 -0.6354032
v 0.1875 -0.265165 -0.65215
v 0.2296397 -0.1874999 -0.6802431
v 0.1623798 -0.1874999 -0.71465
v 0.1325826 -0.265165 -0.6802431
v 0.2296397 -0.1874999 -0.6802431
v 0.2561298 -0.09705709 -0.6979032
v 0.1811112 -0.09705709 -0.7362791
v 0.1623798 -0.1874999 -0.71465
v 0.2561298 -0.09705709 -0.6979032
v 0.2651651 7.923293E-08 -0.7039267
v 0.1875001 7.923293E-08 -0.7436564
v 0.1811112 -0.09705709 -0.7362791
v 0.2651651 7.923293E-08 -0.7039267
v 0.2561298 0.09705725 -0.6979032
v 0.1811112 0.09705725 -0.7362791
v 0.1875001 7.923293E-08 -0.7436564
v 0.2561298 0.09705725 -0.6979032
v 0.2296397 0.1875001 -0.6802431
v 0.1623798 0.1875001 -0.71465
v 0.1811112 0.09705725 -0.7362791
v 0.2296397 0.1875001 -0.6802431
v 0.1875 0.2651651 -0.65215
v 0.1325826 0.2651651 -0.6802431
v 0.1623798 0.1875001 -0.71465
v 0.1875 0.2651651 -0.65215
v 0.1325825 0.3247596 -0.6155384
v 0.09375004 0.3247596 -0.6354032
v 0.1325826 0.2651651 -0.6802431
v 0.1325825 0.3247596 -0.6155384
v 0.06862974 0.3622223 -0.5729032
v 0.04852857 0.3622223 -0.583186
v 0.09375004 0.3247596 -0.6354032
v 0.06862974 0.3622223 -0.5729032
v 8.485005E-09 0.3750001 -0.52715
v 0.04852857 0.3622223 -0.583186
v 0.08405396 -0.3622221 -0.5595024
v 0.06862977 -0.3622221 -0.5729032
v 0 -0.3749999 -0.52715
v 0.08405396 -0.3622221 -0.5595024
v 0.1623798 -0.3247595 -0.58965
v 0.1325825 -0.3247595 -0.6155384
v 0.06862977 -0.3622221 -0.5729032
v 0.1623798 -0.3247595 -0.58965
v 0.2296397 -0.265165 -0.6155384
v 0.1875 -0.265165 -0.65215
v 0.1325825 -0.3247595 -0.6155384
v 0.2296397 -0.265165 -0.6155384
v 0.2812501 -0.1874999 -0.6354032
v 0.2296397 -0.1874999 -0.6802431
v 0.1875 -0.265165 -0.65215
v 0.2812501 -0.1874999 -0.6354032
v 0.3136936 -0.09705709 -0.6478907
v 0.2561298 -0.09705709 -0.6979032
v 0.2296397 -0.1874999 -0.6802431
v 0.3136936 -0.09705709 -0.6478907
v 0.3247595 7.923293E-08 -0.65215
v 0.2651651 7.923293E-08 -0.7039267
v 0.2561298 -0.09705709 -0.6979032
v 0.3247595 7.923293E-08 -0.65215
v 0.3136936 0.09705725 -0.6478907
v 0.2561298 0.09705725 -0.6979032
v 0.2651651 7.923293E-08 -0.7039267
v 0.3136936 0.09705725 -0.6478907
v 0.28125 0.1875001 -0.6354032
v 0.2296397 0.1875001 -0.6802431
v 0.2561298 0.09705725 -0.6979032
v 0.28125 0.1875001 -0.6354032
v 0.2296397 0.2651651 -0.6155384
v 0.1875 0.2651651 -0.65215
v 0.2296397 0.1875001 -0.6802431
v 0.2296397 0.2651651 -0.6155384
v 0.1623798 0.3247596 -0.58965
v 0.1325825 0.3247596 -0.6155384
v 0.1875 0.2651651 -0.65215
v 0.1623798 0.3247596 -0.58965
v 0.08405392 0.3622223 -0.5595024
v 0.06862974 0.3622223 -0.5729032
v 0.1325825 0.3247596 -0.6155384
v 0.08405392 0.3622223 -0.5595024
v 8.485005E-09 0.3750001 -0.52715
v 0.06862974 0.3622223 -0.5729032
v 0.09375 -0.3622221 -0.5438969
v 0.08405396 -0.3622221 -0.5595024
v 0 -0.3749999 -0.52715
v 0.09375 -0.3622221 -0.5438969
v 0.1811111 -0.3247595 -0.5595024
v 0.1623798 -0.3247595 -0.58965
v 0.08405396 -0.3622221 -0.5595024
v 0.1811111 -0.3247595 -0.5595024
v 0.2561298 -0.265165 -0.5729032
v 0.2296397 -0.265165 -0.6155384
v 0.1623798 -0.3247595 -0.58965
v 0.2561298 -0.265165 -0.5729032
v 0.3136936 -0.1874999 -0.583186
v 0.2812501 -0.1874999 -0.6354032
v 0.2296397 -0.265165 -0.6155384
v 0.3136936 -0.1874999 -0.583186
v 0.3498798 -0.09705709 -0.58965
v 0.3136936 -0.09705709 -0.6478907
v 0.2812501 -0.1874999 -0.6354032
v 0.3498798 -0.09705709 -0.58965
v 0.3622222 7.923293E-08 -0.5918548
v 0.3247595 7.923293E-08 -0.65215
v 0.3136936 -0.09705709 -0.6478907
v 0.3622222 7.923293E-08 -0.5918548
v 0.3498798 0.09705725 -0.58965
v 0.3136936 0.09705725 -0.6478907
v 0.3247595 7.923293E-08 -0.65215
v 0.3498798 0.09705725 -0.58965
v 0.3136936 0.1875001 -0.583186
v 0.28125 0.1875001 -0.6354032
v 0.3136936 0.09705725 -0.6478907
v 0.3136936 0.1875001 -0.583186
v 0.2561298 0.2651651 -0.5729032
v 0.2296397 0.2651651 -0.6155384
v 0.28125 0.1875001 -0.6354032
v 0.2561298 0.2651651 -0.5729032
v 0.1811111 0.3247596 -0.5595024
v 0.1623798 0.3247596 -0.58965
v 0.2296397 0.2651651 -0.6155384
v 0.1811111 0.3247596 -0.5595024
v 0.09374997 0.3622223 -0.5438969
v 0.08405392 0.3622223 -0.5595024
v 0.1623798 0.3247596 -0.58965
v 0.09374997 0.3622223 -0.5438969
v 8.485005E-09 0.3750001 -0.52715
v 0.08405392 0.3622223 -0.5595024
v 0.09705714 -0.3622221 -0.52715
v 0.09375 -0.3622221 -0.5438969
v 0 -0.3749999 -0.52715
v 0.09705714 -0.3622221 -0.52715
v 0.1875 -0.3247595 -0.52715
v 0.1811111 -0.3247595 -0.5595024
v 0.09375 -0.3622221 -0.5438969
v 0.1875 -0.3247595 -0.52715
v 0.265165 -0.265165 -0.52715
v 0.2561298 -0.265165 -0.5729032
v 0.1811111 -0.3247595 -0.5595024
v 0.265165 -0.265165 -0.52715
v 0.3247595 -0.1874999 -0.52715
v 0.3136936 -0.1874999 -0.583186
v 0.2561298 -0.265165 -0.5729032
v 0.3247595 -0.1874999 -0.52715
v 0.3622222 -0.09705709 -0.52715
v 0.3498798 -0.09705709 -0.58965
v 0.3136936 -0.1874999 -0.583186
v 0.3622222 -0.09705709 -0.52715
v 0.375 7.923293E-08 -0.52715
v 0.3622222 7.923293E-08 -0.5918548
v 0.3498798 -0.09705709 -0.58965
v 0.375 7.923293E-08 -0.52715
v 0.3622222 0.09705725 -0.52715
v 0.3498798 0.09705725 -0.58965
v 0.3622222 7.923293E-08 -0.5918548
v 0.3622222 0.09705725 -0.52715
v 0.3247595 0.1875001 -0.52715
v 0.3136936 0.1875001 -0.583186
v 0.3498798 0.09705725 -0.58965
v 0.3247595 0.1875001 -0.52715
v 0.265165 0.2651651 -0.52715
v 0.2561298 0.2651651 -0.5729032
v 0.3136936 0.1875001 -0.583186
v 0.265165 0.2651651 -0.52715
v 0.1875 0.3247596 -0.52715
v 0.1811111 0.3247596 -0.5595024
v 0.2561298 0.2651651 -0.5729032
v 0.1875 0.3247596 -0.52715
v 0.0970571 0.3622223 -0.52715
v 0.09374997 0.3622223 -0.5438969
v 0.1811111 0.3247596 -0.5595024
v 0.0970571 0.3622223 -0.52715
v 8.485005E-09 0.3750001 -0.52715
v 0.09374997 0.3622223 -0.5438969
v 0.09375 -0.3622221 -0.5104032
v 0.09705714 -0.3622221 -0.52715
v 0 -0.3749999 -0.52715
v 0.09375 -0.3622221 -0.5104032
v 0.1811111 -0.3247595 -0.4947976
v 0.1875 -0.3247595 -0.52715
v 0.09705714 -0.3622221 -0.52715
v 0.1811111 -0.3247595 -0.4947976
v 0.2561297 -0.265165 -0.4813969
v 0.265165 -0.265165 -0.52715
v 0.1875 -0.3247595 -0.52715
v 0.2561297 -0.265165 -0.4813969
v 0.3136936 -0.1874999 -0.4711141
v 0.3247595 -0.1874999 -0.52715
v 0.265165 -0.265165 -0.52715
v 0.3136936 -0.1874999 -0.4711141
v 0.3498797 -0.09705709 -0.46465
v 0.3622222 -0.09705709 -0.52715
v 0.3247595 -0.1874999 -0.52715
v 0.3498797 -0.09705709 -0.46465
v 0.3622222 7.923293E-08 -0.4624453
v 0.375 7.923293E-08 -0.52715
v 0.3622222 -0.09705709 -0.52715
v 0.3622222 7.923293E-08 -0.4624453
v 0.3498797 0.09705725 -0.46465
v 0.3622222 0.09705725 -0.52715
v 0.375 7.923293E-08 -0.52715
v 0.3498797 0.09705725 -0.46465
v 0.3136936 0.1875001 -0.4711141
v 0.3247595 0.1875001 -0.52715
v 0.3622222 0.09705725 -0.52715
v 0.3136936 0.1875001 -0.4711141
v 0.2561297 0.2651651 -0.4813969
v 0.265165 0.2651651 -0.52715
v 0.3247595 0.1875001 -0.52715
v 0.2561297 0.2651651 -0.4813969
v 0.1811111 0.3247596 -0.4947976
v 0.1875 0.3247596 -0.52715
v 0.265165 0.2651651 -0.52715
v 0.1811111 0.3247596 -0.4947976
v 0.09374996 0.3622223 -0.5104032
v 0.0970571 0.3622223 -0.52715
v 0.1875 0.3247596 -0.52715
v 0.09374996 0.3622223 -0.5104032
v 8.485005E-09 0.3750001 -0.52715
v 0.0970571 0.3622223 -0.52715
v 0.08405396 -0.3622221 -0.4947976
v 0.09375 -0.3622221 -0.5104032
v 0 -0.3749999 -0.52715
v 0.08405396 -0.3622221 -0.4947976
v 0.1623798 -0.3247595 -0.46465
v 0.1811111 -0.3247595 -0.4947976
v 0.09375 -0.3622221 -0.5104032
v 0.1623798 -0.3247595 -0.46465
v 0.2296397 -0.265165 -0.4387617
v 0.2561297 -0.265165 -0.4813969
v 0.1811111 -0.3247595 -0.4947976
v 0.2296397 -0.265165 -0.4387617
v 0.2812501 -0.1874999 -0.4188969
v 0.3136936 -0.1874999 -0.4711141
v 0.2561297 -0.265165 -0.4813969
v 0.2812501 -0.1874999 -0.4188969
v 0.3136936 -0.09705709 -0.4064093
v 0.3498797 -0.09705709 -0.46465
v 0.3136936 -0.1874999 -0.4711141
v 0.3136936 -0.09705709 -0.4064093
v 0.3247595 7.923293E-08 -0.40215
v 0.3622222 7.923293E-08 -0.4624453
v 0.3498797 -0.09705709 -0.46465
v 0.3247595 7.923293E-08 -0.40215
v 0.3136936 0.09705725 -0.4064093
v 0.3498797 0.09705725 -0.46465
v 0.3622222 7.923293E-08 -0.4624453
v 0.3136936 0.09705725 -0.4064093
v 0.28125 0.1875001 -0.4188969
v 0.3136936 0.1875001 -0.4711141
v 0.3498797 0.09705725 -0.46465
v 0.28125 0.1875001 -0.4188969
v 0.2296397 0.2651651 -0.4387617
v 0.2561297 0.2651651 -0.4813969
v 0.3136936 0.1875001 -0.4711141
v 0.2296397 0.2651651 -0.4387617
v 0.1623798 0.3247596 -0.46465
v 0.1811111 0.3247596 -0.4947976
v 0.2561297 0.2651651 -0.4813969
v 0.1623798 0.3247596 -0.46465
v 0.08405392 0.3622223 -0.4947977
v 0.09374996 0.3622223 -0.5104032
v 0.1811111 0.3247596 -0.4947976
v 0.08405392 0.3622223 -0.4947977
v 8.485005E-09 0.3750001 -0.52715
v 0.09374996 0.3622223 -0.5104032
v 0.06862974 -0.3622221 -0.4813969
v 0.08405396 -0.3622221 -0.4947976
v 0 -0.3749999 -0.52715
v 0.06862974 -0.3622221 -0.4813969
v 0.1325825 -0.3247595 -0.4387617
v 0.1623798 -0.3247595 -0.46465
v 0.08405396 -0.3622221 -0.4947976
v 0.1325825 -0.3247595 -0.4387617
v 0.1874999 -0.265165 -0.40215
v 0.2296397 -0.265165 -0.4387617
v 0.1623798 -0.3247595 -0.46465
v 0.1874999 -0.265165 -0.40215
v 0.2296396 -0.1874999 -0.3740569
v 0.2812501 -0.1874999 -0.4188969
v 0.2296397 -0.265165 -0.4387617
v 0.2296396 -0.1874999 -0.3740569
v 0.2561297 -0.09705709 -0.3563968
v 0.3136936 -0.09705709 -0.4064093
v 0.2812501 -0.1874999 -0.4188969
v 0.2561297 -0.09705709 -0.3563968
v 0.2651649 7.923293E-08 -0.3503733
v 0.3247595 7.923293E-08 -0.40215
v 0.3136936 -0.09705709 -0.4064093
v 0.2651649 7.923293E-08 -0.3503733
v 0.2561297 0.09705725 -0.3563968
v 0.3136936 0.09705725 -0.4064093
v 0.3247595 7.923293E-08 -0.40215
v 0.2561297 0.09705725 -0.3563968
v 0.2296396 0.1875001 -0.3740569
v 0.28125 0.1875001 -0.4188969
v 0.3136936 0.09705725 -0.4064093
v 0.2296396 0.1875001 -0.3740569
v 0.1874999 0.2651651 -0.40215
v 0.2296397 0.2651651 -0.4387617
v 0.28125 0.1875001 -0.4188969
v 0.1874999 0.2651651 -0.40215
v 0.1325825 0.3247596 -0.4387617
v 0.1623798 0.3247596 -0.46465
v 0.2296397 0.2651651 -0.4387617
v 0.1325825 0.3247596 -0.4387617
v 0.0686297 0.3622223 -0.4813969
v 0.08405392 0.3622223 -0.4947977
v 0.1623798 0.3247596 -0.46465
v 0.0686297 0.3622223 -0.4813969
v 8.485005E-09 0.3750001 -0.52715
v 0.08405392 0.3622223 -0.4947977
v 0.04852855 -0.3622221 -0.4711141
v 0.06862974 -0.3622221 -0.4813969
v 0 -0.3749999 -0.52715
v 0.04852855 -0.3622221 -0.4711141
v 0.09374996 -0.3247595 -0.4188968
v 0.1325825 -0.3247595 -0.4387617
v 0.06862974 -0.3622221 -0.4813969
v 0.09374996 -0.3247595 -0.4188968
v 0.1325825 -0.265165 -0.3740569
v 0.1874999 -0.265165 -0.40215
v 0.1325825 -0.3247595 -0.4387617
v 0.1325825 -0.265165 -0.3740569
v 0.1623797 -0.1874999 -0.33965
v 0.2296396 -0.1874999 -0.3740569
v 0.1874999 -0.265165 -0.40215
v 0.1623797 -0.1874999 -0.33965
v 0.181111 -0.09705709 -0.3180209
v 0.2561297 -0.09705709 -0.3563968
v 0.2296396 -0.1874999 -0.3740569
v 0.181111 -0.09705709 -0.3180209
v 0.1874999 7.923293E-08 -0.3106436
v 0.2651649 7.923293E-08 -0.3503733
v 0.2561297 -0.09705709 -0.3563968
v 0.1874999 7.923293E-08 -0.3106436
v 0.181111 0.09705725 -0.3180209
v 0.2561297 0.09705725 -0.3563968
v 0.2651649 7.923293E-08 -0.3503733
v 0.181111 0.09705725 -0.3180209
v 0.1623797 0.1875001 -0.33965
v 0.2296396 0.1875001 -0.3740569
v 0.2561297 0.09705725 -0.3563968
v 0.1623797 0.1875001 -0.33965
v 0.1325825 0.2651651 -0.3740569
v 0.1874999 0.2651651 -0.40215
v 0.2296396 0.1875001 -0.3740569
v 0.1325825 0.2651651 -0.3740569
v 0.09374997 0.3247596 -0.4188968
v 0.1325825 0.3247596 -0.4387617
v 0.1874999 0.2651651 -0.40215
v 0.09374997 0.3247596 -0.4188968
v 0.04852853 0.3622223 -0.4711141
v 0.0686297 0.3622223 -0.4813969
v 0.1325825 0.3247596 -0.4387617
v 0.04852853 0.3622223 -0.4711141
v 8.485005E-09 0.3750001 -0.52715
v 0.0686297 0.3622223 -0.4813969
v 0.02512022 -0.3622221 -0.46465
v 0.04852855 -0.3622221 -0.4711141
v 0 -0.3749999 -0.52715
v 0.02512022 -0.3622221 -0.46465
v 0.04852853 -0.3247595 -0.4064093
v 0.09374996 -0.3247595 -0.4188968
v 0.04852855 -0.3622221 -0.4711141
v 0.04852853 -0.3247595 -0.4064093
v 0.0686297 -0.265165 -0.3563969
v 0.1325825 -0.265165 -0.3740569
v 0.09374996 -0.3247595 -0.4188968
v 0.0686297 -0.265165 -0.3563969
v 0.08405389 -0.1874999 -0.3180209
v 0.1623797 -0.1874999 -0.33965
v 0.1325825 -0.265165 -0.3740569
v 0.08405389 -0.1874999 -0.3180209
v 0.09374993 -0.09705709 -0.2938969
v 0.181111 -0.09705709 -0.3180209
v 0.1623797 -0.1874999 -0.33965
v 0.09374993 -0.09705709 -0.2938969
v 0.09705706 7.923293E-08 -0.2856686
v 0.1874999 7.923293E-08 -0.3106436
v 0.181111 -0.09705709 -0.3180209
v 0.09705706 7.923293E-08 -0.2856686
v 0.09374993 0.09705725 -0.2938969
v 0.181111 0.09705725 -0.3180209
v 0.1874999 7.923293E-08 -0.3106436
v 0.09374993 0.09705725 -0.2938969
v 0.08405388 0.1875001 -0.3180209
v 0.1623797 0.1875001 -0.33965
v 0.181111 0.09705725 -0.3180209
v 0.08405388 0.1875001 -0.3180209
v 0.0686297 0.2651651 -0.3563969
v 0.1325825 0.2651651 -0.3740569
v 0.1623797 0.1875001 -0.33965
v 0.0686297 0.2651651 -0.3563969
v 0.04852854 0.3247596 -0.4064093
v 0.09374997 0.3247596 -0.4188968
v 0.1325825 0.2651651 -0.3740569
v 0.04852854 0.3247596 -0.4064093
v 0.0251202 0.3622223 -0.4646501
v 0.04852853 0.3622223 -0.4711141
v 0.09374997 0.3247596 -0.4188968
v 0.0251202 0.3622223 -0.4646501
v 8.485005E-09 0.3750001 -0.52715
v 0.04852853 0.3622223 -0.4711141
v 0 -0.3622221 -0.4624453
v 0.02512022 -0.3622221 -0.46465
v 0 -0.3749999 -0.52715
v 0 -0.3622221 -0.4624453
v 0 -0.3247595 -0.40215
v 0.04852853 -0.3247595 -0.4064093
v 0.02512022 -0.3622221 -0.46465
v 0 -0.3247595 -0.40215
v 0 -0.265165 -0.3503733
v 0.0686297 -0.265165 -0.3563969
v 0.04852853 -0.3247595 -0.4064093
v 0 -0.265165 -0.3503733
v 0 -0.1874999 -0.3106437
v 0.08405389 -0.1874999 -0.3180209
v 0.0686297 -0.265165 -0.3563969
v 0 -0.1874999 -0.3106437
v 0 -0.09705709 -0.2856686
v 0.09374993 -0.09705709 -0.2938969
v 0.08405389 -0.1874999 -0.3180209
v 0 -0.09705709 -0.2856686
v 0 7.923293E-08 -0.27715
v 0.09705706 7.923293E-08 -0.2856686
v 0.09374993 -0.09705709 -0.2938969
v 0 7.923293E-08 -0.27715
v 0 0.09705725 -0.2856686
v 0.09374993 0.09705725 -0.2938969
v 0.09705706 7.923293E-08 -0.2856686
v 0 0.09705725 -0.2856686
v 0 0.1875001 -0.3106437
v 0.08405388 0.1875001 -0.3180209
v 0.09374993 0.09705725 -0.2938969
v 0 0.1875001 -0.3106437
v 0 0.2651651 -0.3503733
v 0.0686297 0.2651651 -0.3563969
v 0.08405388 0.1875001 -0.3180209
v 0 0.2651651 -0.3503733
v 0 0.3247596 -0.40215
v 0.04852854 0.3247596 -0.4064093
v 0.0686297 0.2651651 -0.3563969
v 0 0.3247596 -0.40215
v 0 0.3622223 -0.4624453
v 0.0251202 0.3622223 -0.4646501
v 0.04852854 0.3247596 -0.4064093
v 0 0.3622223 -0.4624453
v 8.485005E-09 0.3750001 -0.52715
v 0.0251202 0.3622223 -0.4646501
vn -0.01700152 -0.9809116 0.193709
vn -0.01700152 -0.9809117 0.1937091
vn -0.01700152 -0.9809117 0.1937091
vn -0.04627008 -0.8484902 0.5271845
vn -0.04627007 -0.8484902 0.5271845
vn -0.04627007 -0.8484902 0.5271845
vn -0.04627007 -0.8484901 0.5271845
vn -0.06611007 -0.6544222 0.7532337
vn -0.06611007 -0.6544222 0.7532338
vn -0.06611007 -0.6544222 0.7532337
vn -0.06611007 -0.6544222 0.7532338
vn -0.07790063 -0.4540379 0.8875703
vn -0.07790064 -0.454038 0.8875704
vn -0.07790063 -0.4540379 0.8875704
vn -0.07790064 -0.4540379 0.8875704
vn -0.08430092 -0.2652325 0.9604921
vn -0.08430092 -0.2652326 0.9604921
vn -0.08430092 -0.2652325 0.9604921
vn -0.08430092 -0.2652326 0.9604921
vn -0.0871 -0.08709998 0.9923846
vn -0.0871 -0.08709998 0.9923846
vn -0.0871 -0.08709998 0.9923846
vn -0.0871 -0.08709998 0.9923846
vn -0.08709999 0.08709995 0.9923846
vn -0.08709999 0.08709995 0.9923846
vn -0.08709999 0.08709995 0.9923846
vn -0.08709999 0.08709995 0.9923846
vn -0.08430094 0.2652327 0.9604921
vn -0.08430094 0.2652327 0.9604921
vn -0.08430094 0.2652327 0.9604921
vn -0.08430094 0.2652327 0.9604921
vn -0.07790063 0.4540381 0.8875703
vn -0.07790063 0.4540381 0.8875703
vn -0.07790063 0.4540381 0.8875703
vn -0.07790063 0.4540381 0.8875703
vn -0.06611025 0.654422 0.7532339
vn -0.06611025 0.654422 0.7532339
vn -0.06611025 0.654422 0.7532339
vn -0.06611025 0.654422 0.7532339
vn -0.04627017 0.8484905 0.5271841
vn -0.04627017 0.8484904 0.5271841
vn -0.04627017 0.8484905 0.5271842
vn -0.04627017 0.8484904 0.5271841
vn -0.01700154 0.9809116 0.1937091
vn -0.01700155 0.9809117 0.1937091
vn -0.01700154 0.9809117 0.1937091
vn -0.04991449 -0.9822605 0.1807563
vn -0.04991449 -0.9822605 0.1807563
vn -0.04991449 -0.9822605 0.1807563
vn -0.1370573 -0.8572477 0.4963282
vn -0.1370573 -0.8572477 0.4963282
vn -0.1370573 -0.8572477 0.4963282
vn -0.1370573 -0.8572477 0.4963282
vn -0.1979762 -0.6684381 0.7169351
vn -0.1979762 -0.6684381 0.7169351
vn -0.1979762 -0.6684381 0.7169352
vn -0.1979762 -0.6684381 0.7169351
vn -0.2352715 -0.4677123 0.8519933
vn -0.2352715 -0.4677123 0.8519933
vn -0.2352715 -0.4677123 0.8519933
vn -0.2352715 -0.4677123 0.8519934
vn -0.2559431 -0.2746607 0.926852
vn -0.2559431 -0.2746607 0.926852
vn -0.2559431 -0.2746607 0.926852
vn -0.2559431 -0.2746607 0.926852
vn -0.2650899 -0.0904173 0.9599751
vn -0.2650899 -0.0904173 0.9599751
vn -0.2650898 -0.09041729 0.959975
vn -0.2650899 -0.0904173 0.959975
vn -0.2650899 0.0904173 0.9599751
vn -0.2650899 0.0904173 0.9599751
vn -0.2650899 0.09041729 0.959975
vn -0.2650898 0.09041729 0.959975
vn -0.255943 0.2746607 0.926852
vn -0.255943 0.2746607 0.926852
vn -0.2559431 0.2746608 0.926852
vn -0.2559431 0.2746608 0.926852
vn -0.2352714 0.4677124 0.8519932
vn -0.2352714 0.4677124 0.8519933
vn -0.2352714 0.4677124 0.8519933
vn -0.2352714 0.4677124 0.8519933
vn -0.197976 0.668438 0.7169353
vn -0.197976 0.668438 0.7169353
vn -0.197976 0.668438 0.7169353
vn -0.1979761 0.668438 0.7169353
vn -0.137057 0.8572479 0.496328
vn -0.137057 0.8572479 0.496328
vn -0.137057 0.8572479 0.496328
vn -0.137057 0.8572479 0.496328
vn -0.04991444 0.9822605 0.1807564
vn -0.04991444 0.9822605 0.1807564
vn -0.04991444 0.9822605 0.1807564
vn -0.07959243 -0.9846099 0.1555902
vn -0.07959243 -0.98461 0.1555902
vn -0.07959243 -0.98461 0.1555902
vn -0.2220533 -0.8730799 0.4340782
vn -0.2220533 -0.8730799 0.4340782
vn -0.2220533 -0.8730799 0.4340782
vn -0.2220533 -0.8730799 0.4340782
vn -0.327451 -0.6950039 0.6401136
vn -0.327451 -0.6950039 0.6401137
vn -0.327451 -0.6950039 0.6401137
vn -0.327451 -0.6950039 0.6401137
vn -0.395807 -0.4946361 0.7737389
vn -0.395807 -0.4946361 0.7737389
vn -0.395807 -0.4946361 0.7737389
vn -0.395807 -0.4946361 0.7737389
vn -0.4353394 -0.2936794 0.8510183
vn -0.4353394 -0.2936794 0.8510182
vn -0.4353394 -0.2936794 0.8510183
vn -0.4353394 -0.2936793 0.8510182
vn -0.4532659 -0.09718602 0.8860614
vn -0.453266 -0.09718603 0.8860614
vn -0.453266 -0.09718602 0.8860614
vn -0.453266 -0.09718603 0.8860614
vn -0.453266 0.09718602 0.8860614
vn -0.4532659 0.09718601 0.8860614
vn -0.453266 0.09718601 0.8860614
vn -0.453266 0.09718602 0.8860614
vn -0.4353396 0.2936796 0.8510181
vn -0.4353396 0.2936796 0.8510181
vn -0.4353396 0.2936796 0.8510181
vn -0.4353396 0.2936796 0.8510181
vn -0.3958072 0.4946362 0.7737387
vn -0.3958072 0.4946362 0.7737388
vn -0.3958072 0.4946362 0.7737389
vn -0.3958072 0.4946362 0.7737387
vn -0.3274513 0.6950037 0.6401137
vn -0.3274512 0.6950037 0.6401136
vn -0.3274513 0.6950037 0.6401137
vn -0.3274513 0.6950037 0.6401137
vn -0.2220532 0.8730801 0.4340779
vn -0.2220532 0.8730801 0.4340779
vn -0.2220532 0.87308 0.4340779
vn -0.2220532 0.87308 0.4340779
vn -0.07959237 0.9846099 0.1555903
vn -0.07959238 0.98461 0.1555903
vn -0.07959238 0.98461 0.1555903
vn -0.1040148 -0.9873439 0.1197202
vn -0.1040148 -0.9873439 0.1197202
vn -0.1040148 -0.9873438 0.1197202
vn -0.2958222 -0.8925002 0.3404889
vn -0.2958222 -0.8925002 0.3404889
vn -0.2958222 -0.8925001 0.3404889
vn -0.2958222 -0.8925002 0.3404889
vn -0.4482364 -0.7300099 0.5159163
vn -0.4482365 -0.73001 0.5159163
vn -0.4482364 -0.7300099 0.5159163
vn -0.4482364 -0.7300099 0.5159163
vn -0.5551864 -0.5323799 0.6390147
vn -0.5551864 -0.5323799 0.6390147
vn -0.5551864 -0.5323799 0.6390147
vn -0.5551864 -0.5323799 0.6390147
vn -0.6210428 -0.321475 0.7148145
vn -0.6210427 -0.321475 0.7148145
vn -0.6210427 -0.321475 0.7148145
vn -0.6210427 -0.321475 0.7148145
vn -0.6520717 -0.1072819 0.7505287
vn -0.6520716 -0.1072819 0.7505286
vn -0.6520717 -0.1072819 0.7505286
vn -0.6520716 -0.1072819 0.7505286
vn -0.6520716 0.1072819 0.7505286
vn -0.6520717 0.1072819 0.7505287
vn -0.6520716 0.1072819 0.7505286
vn -0.6520717 0.1072819 0.7505286
vn -0.6210426 0.3214754 0.7148144
vn -0.6210426 0.3214754 0.7148144
vn -0.6210426 0.3214754 0.7148144
vn -0.6210427 0.3214754 0.7148145
vn -0.5551865 0.5323798 0.6390148
vn -0.5551864 0.5323797 0.6390147
vn -0.5551864 0.5323797 0.6390147
vn -0.5551864 0.5323798 0.6390148
vn -0.4482365 0.7300098 0.5159164
vn -0.4482365 0.7300098 0.5159164
vn -0.4482365 0.7300098 0.5159164
vn -0.4482365 0.7300099 0.5159165
vn -0.2958222 0.8925003 0.3404885
vn -0.2958222 0.8925003 0.3404886
vn -0.2958222 0.8925003 0.3404885
vn -0.2958222 0.8925003 0.3404885
vn -0.1040149 0.9873439 0.1197201
vn -0.1040149 0.9873439 0.1197201
vn -0.1040149 0.9873439 0.1197201
vn -0.1214206 -0.9897301 0.07544097
vn -0.1214206 -0.9897301 0.07544097
vn -0.1214206 -0.9897301 0.07544097
vn -0.3514049 -0.9104089 0.2183349
vn -0.3514049 -0.9104089 0.2183349
vn -0.351405 -0.910409 0.2183349
vn -0.351405 -0.9104089 0.2183349
vn -0.5470174 -0.765022 0.3398727
vn -0.5470174 -0.7650219 0.3398727
vn -0.5470174 -0.7650219 0.3398727
vn -0.5470174 -0.7650219 0.3398727
vn -0.6960412 -0.5731505 0.4324638
vn -0.6960413 -0.5731506 0.4324639
vn -0.6960413 -0.5731506 0.4324639
vn -0.6960413 -0.5731506 0.4324638
vn -0.7946467 -0.3532248 0.4937296
vn -0.7946467 -0.3532248 0.4937296
vn -0.7946467 -0.3532248 0.4937296
vn -0.7946467 -0.3532248 0.4937297
vn -0.8433493 -0.119149 0.5239899
vn -0.8433493 -0.119149 0.5239899
vn -0.8433493 -0.119149 0.5239899
vn -0.8433493 -0.119149 0.5239899
vn -0.8433493 0.119149 0.52399
vn -0.8433493 0.119149 0.52399
vn -0.8433493 0.119149 0.5239899
vn -0.8433493 0.119149 0.52399
vn -0.7946465 0.3532251 0.4937298
vn -0.7946464 0.3532251 0.4937298
vn -0.7946464 0.3532251 0.4937298
vn -0.7946464 0.3532251 0.4937297
vn -0.6960412 0.5731505 0.432464
vn -0.6960412 0.5731505 0.432464
vn -0.6960412 0.5731505 0.432464
vn -0.6960412 0.5731506 0.4324641
vn -0.5470176 0.7650218 0.3398727
vn -0.5470175 0.7650217 0.3398727
vn -0.5470176 0.7650218 0.3398727
vn -0.5470176 0.7650218 0.3398727
vn -0.3514048 0.910409 0.2183348
vn -0.3514048 0.910409 0.2183348
vn -0.3514048 0.910409 0.2183348
vn -0.3514048 0.910409 0.2183348
vn -0.1214206 0.9897301 0.07544107
vn -0.1214206 0.9897301 0.07544107
vn -0.1214206 0.9897301 0.07544107
vn -0.1304827 -0.9911157 0.02576757
vn -0.1304828 -0.9911157 0.02576758
vn -0.1304827 -0.9911156 0.02576757
vn -0.3815956 -0.9212525 0.07535695
vn -0.3815956 -0.9212525 0.07535695
vn -0.3815955 -0.9212525 0.07535695
vn -0.3815955 -0.9212525 0.07535695
vn -0.6044096 -0.7876818 0.119358
vn -0.6044096 -0.7876818 0.119358
vn -0.6044096 -0.7876818 0.119358
vn -0.6044096 -0.7876818 0.119358
vn -0.7837922 -0.6014251 0.1547824
vn -0.7837922 -0.6014251 0.1547824
vn -0.7837922 -0.6014251 0.1547824
vn -0.7837923 -0.6014252 0.1547825
vn -0.9088765 -0.376469 0.1794841
vn -0.9088765 -0.376469 0.1794841
vn -0.9088765 -0.3764689 0.1794841
vn -0.9088765 -0.376469 0.1794841
vn -0.9729716 -0.1280942 0.1921413
vn -0.9729716 -0.1280942 0.1921413
vn -0.9729716 -0.1280942 0.1921413
vn -0.9729715 -0.1280942 0.1921413
vn -0.9729716 0.1280942 0.1921413
vn -0.9729716 0.1280942 0.1921413
vn -0.9729715 0.1280942 0.1921413
vn -0.9729716 0.1280942 0.1921413
vn -0.9088765 0.3764692 0.1794841
vn -0.9088764 0.3764691 0.1794841
vn -0.9088765 0.3764691 0.1794841
vn -0.9088764 0.3764691 0.1794841
vn -0.7837921 0.6014252 0.1547824
vn -0.7837921 0.6014252 0.1547824
vn -0.7837921 0.6014252 0.1547824
vn -0.7837921 0.6014252 0.1547824
vn -0.6044098 0.7876817 0.1193584
vn -0.6044098 0.7876817 0.1193583
vn -0.6044098 0.7876818 0.1193584
vn -0.6044098 0.7876817 0.1193583
vn -0.3815953 0.9212527 0.07535709
vn -0.3815952 0.9212526 0.07535708
vn -0.3815952 0.9212527 0.07535708
vn -0.3815953 0.9212527 0.07535709
vn -0.1304828 0.9911157 0.02576753
vn -0.1304828 0.9911157 0.02576753
vn -0.1304828 0.9911157 0.02576753
vn -0.1304828 -0.9911157 -0.02576758
vn -0.1304827 -0.9911157 -0.02576757
vn -0.1304827 -0.9911156 -0.02576757
vn -0.3815955 -0.9212525 -0.07535695
vn -0.3815955 -0.9212525 -0.07535695
vn -0.3815955 -0.9212525 -0.07535695
vn -0.3815955 -0.9212525 -0.07535695
vn -0.6044096 -0.7876818 -0.119358
vn -0.6044096 -0.7876818 -0.119358
vn -0.6044096 -0.7876818 -0.119358
vn -0.6044096 -0.7876818 -0.119358
vn -0.7837922 -0.6014251 -0.1547825
vn -0.7837922 -0.6014251 -0.1547825
vn -0.7837922 -0.6014251 -0.1547825
vn -0.7837922 -0.6014251 -0.1547825
vn -0.9088765 -0.376469 -0.1794841
vn -0.9088765 -0.376469 -0.1794841
vn -0.9088765 -0.376469 -0.1794841
vn -0.9088765 -0.376469 -0.1794841
vn -0.9729715 -0.1280942 -0.1921413
vn -0.9729716 -0.1280942 -0.1921413
vn -0.9729716 -0.1280942 -0.1921413
vn -0.9729716 -0.1280942 -0.1921413
vn -0.9729716 0.1280942 -0.1921413
vn -0.9729715 0.1280942 -0.1921413
vn -0.9729716 0.1280942 -0.1921413
vn -0.9729716 0.1280942 -0.1921413
vn -0.9088764 0.3764691 -0.1794841
vn -0.9088765 0.3764692 -0.1794841
vn -0.9088765 0.3764691 -0.1794841
vn -0.9088764 0.3764691 -0.1794841
vn -0.7837921 0.6014252 -0.1547824
vn -0.7837921 0.6014252 -0.1547824
vn -0.7837921 0.6014252 -0.1547824
vn -0.7837921 0.6014252 -0.1547824
vn -0.6044098 0.7876817 -0.1193583
vn -0.6044098 0.7876816 -0.1193583
vn -0.6044097 0.7876816 -0.1193583
vn -0.6044098 0.7876817 -0.1193583
vn -0.3815952 0.9212527 -0.07535708
vn -0.3815952 0.9212527 -0.07535708
vn -0.3815952 0.9212526 -0.07535707
vn -0.3815952 0.9212527 -0.07535708
vn -0.1304828 0.9911157 -0.02576756
vn -0.1304828 0.9911157 -0.02576756
vn -0.1304828 0.9911157 -0.02576756
vn -0.1214206 -0.9897301 -0.07544108
vn -0.1214206 -0.9897302 -0.0754411
vn -0.1214206 -0.9897301 -0.07544109
vn -0.3514049 -0.9104089 -0.2183351
vn -0.3514049 -0.9104089 -0.2183351
vn -0.3514049 -0.9104089 -0.2183351
vn -0.3514048 -0.9104089 -0.2183351
vn -0.5470173 -0.7650218 -0.3398731
vn -0.5470173 -0.7650218 -0.3398731
vn -0.5470173 -0.7650218 -0.3398731
vn -0.5470173 -0.7650217 -0.3398731
vn -0.6960409 -0.5731505 -0.4324644
vn -0.6960409 -0.5731505 -0.4324645
vn -0.6960409 -0.5731505 -0.4324644
vn -0.696041 -0.5731505 -0.4324645
vn -0.7946463 -0.3532248 -0.4937301
vn -0.7946464 -0.3532249 -0.4937301
vn -0.7946463 -0.3532248 -0.4937301
vn -0.7946464 -0.3532248 -0.4937301
vn -0.843349 -0.119149 -0.5239902
vn -0.8433492 -0.1191491 -0.5239903
vn -0.8433492 -0.1191491 -0.5239903
vn -0.8433491 -0.1191491 -0.5239903
vn -0.8433492 0.119149 -0.5239903
vn -0.843349 0.119149 -0.5239902
vn -0.8433491 0.119149 -0.5239903
vn -0.8433492 0.119149 -0.5239903
vn -0.7946464 0.3532249 -0.4937299
vn -0.7946464 0.3532249 -0.4937299
vn -0.7946464 0.3532248 -0.4937299
vn -0.7946465 0.3532249 -0.4937299
vn -0.6960409 0.5731508 -0.4324642
vn -0.6960409 0.5731508 -0.4324642
vn -0.6960409 0.5731508 -0.4324642
vn -0.6960409 0.5731508 -0.4324641
vn -0.5470175 0.7650216 -0.339873
vn -0.5470176 0.7650217 -0.339873
vn -0.5470175 0.7650216 -0.339873
vn -0.5470176 0.7650217 -0.339873
vn -0.3514047 0.910409 -0.2183347
vn -0.3514047 0.910409 -0.2183347
vn -0.3514048 0.910409 -0.2183347
vn -0.3514047 0.910409 -0.2183347
vn -0.1214207 0.9897301 -0.07544108
vn -0.1214207 0.9897301 -0.07544108
vn -0.1214207 0.9897301 -0.07544108
vn -0.1040148 -0.9873439 -0.1197201
vn -0.1040148 -0.9873439 -0.1197201
vn -0.1040148 -0.9873439 -0.1197201
vn -0.2958223 -0.8925002 -0.3404888
vn -0.2958223 -0.8925002 -0.3404888
vn -0.2958223 -0.8925002 -0.3404889
vn -0.2958223 -0.8925002 -0.3404888
vn -0.4482366 -0.7300099 -0.5159162
vn -0.4482366 -0.7300099 -0.5159162
vn -0.4482366 -0.7300099 -0.5159162
vn -0.4482366 -0.7300099 -0.5159162
vn -0.5551866 -0.5323799 -0.6390144
vn -0.5551866 -0.5323799 -0.6390144
vn -0.5551866 -0.5323799 -0.6390145
vn -0.5551866 -0.5323799 -0.6390145
vn -0.6210428 -0.321475 -0.7148144
vn -0.6210428 -0.321475 -0.7148144
vn -0.6210428 -0.321475 -0.7148144
vn -0.6210428 -0.3214751 -0.7148144
vn -0.6520717 -0.107282 -0.7505286
vn -0.6520717 -0.107282 -0.7505285
vn -0.6520717 -0.107282 -0.7505286
vn -0.6520717 -0.107282 -0.7505285
vn -0.6520716 0.107282 -0.7505286
vn -0.6520716 0.107282 -0.7505286
vn -0.6520717 0.107282 -0.7505286
vn -0.6520716 0.107282 -0.7505286
vn -0.6210425 0.3214751 -0.7148146
vn -0.6210425 0.3214751 -0.7148146
vn -0.6210425 0.3214751 -0.7148146
vn -0.6210425 0.3214751 -0.7148146
vn -0.5551863 0.53238 -0.6390147
vn -0.5551863 0.53238 -0.6390147
vn -0.5551863 0.5323799 -0.6390146
vn -0.5551863 0.53238 -0.6390147
vn -0.4482366 0.7300097 -0.5159165
vn -0.4482366 0.7300097 -0.5159165
vn -0.4482366 0.7300096 -0.5159165
vn -0.4482366 0.7300097 -0.5159165
vn -0.2958221 0.8925003 -0.3404887
vn -0.2958221 0.8925002 -0.3404886
vn -0.2958221 0.8925003 -0.3404886
vn -0.2958221 0.8925002 -0.3404886
vn -0.1040149 0.9873439 -0.1197201
vn -0.1040149 0.9873439 -0.1197201
vn -0.1040149 0.9873439 -0.1197201
vn -0.07959243 -0.98461 -0.1555902
vn -0.07959243 -0.98461 -0.1555902
vn -0.07959243 -0.98461 -0.1555902
vn -0.2220533 -0.87308 -0.4340781
vn -0.2220533 -0.87308 -0.4340781
vn -0.2220533 -0.8730799 -0.434078
vn -0.2220533 -0.87308 -0.4340781
vn -0.3274511 -0.6950039 -0.6401136
vn -0.3274511 -0.6950039 -0.6401136
vn -0.3274511 -0.6950039 -0.6401136
vn -0.3274511 -0.6950039 -0.6401136
vn -0.3958071 -0.4946361 -0.7737389
vn -0.3958071 -0.4946361 -0.7737389
vn -0.3958071 -0.4946361 -0.7737389
vn -0.3958071 -0.4946361 -0.7737389
vn -0.4353395 -0.2936793 -0.8510182
vn -0.4353395 -0.2936793 -0.8510182
vn -0.4353395 -0.2936794 -0.8510182
vn -0.4353395 -0.2936793 -0.8510182
vn -0.4532662 -0.09718611 -0.8860614
vn -0.4532661 -0.0971861 -0.8860614
vn -0.4532661 -0.0971861 -0.8860614
vn -0.4532661 -0.09718609 -0.8860613
vn -0.4532662 0.0971861 -0.8860614
vn -0.4532662 0.09718611 -0.8860614
vn -0.4532661 0.09718609 -0.8860613
vn -0.4532662 0.0971861 -0.8860614
vn -0.4353397 0.2936795 -0.851018
vn -0.4353398 0.2936795 -0.851018
vn -0.4353397 0.2936795 -0.851018
vn -0.4353397 0.2936795 -0.851018
vn -0.3958073 0.4946362 -0.7737387
vn -0.3958073 0.4946362 -0.7737387
vn -0.3958073 0.4946362 -0.7737387
vn -0.3958073 0.4946362 -0.7737387
vn -0.3274513 0.6950037 -0.6401136
vn -0.3274513 0.6950037 -0.6401136
vn -0.3274513 0.6950038 -0.6401137
vn -0.3274513 0.6950037 -0.6401136
vn -0.2220532 0.87308 -0.4340779
vn -0.2220532 0.8730801 -0.4340779
vn -0.2220532 0.8730801 -0.4340779
vn -0.2220532 0.8730801 -0.4340779
vn -0.0795924 0.98461 -0.1555904
vn -0.0795924 0.9846099 -0.1555904
vn -0.0795924 0.9846099 -0.1555904
vn -0.04991446 -0.9822605 -0.1807563
vn -0.04991446 -0.9822606 -0.1807563
vn -0.04991446 -0.9822605 -0.1807563
vn -0.1370572 -0.8572478 -0.4963282
vn -0.1370572 -0.8572478 -0.4963282
vn -0.1370572 -0.8572478 -0.4963282
vn -0.1370572 -0.8572477 -0.4963282
vn -0.1979761 -0.6684382 -0.716935
vn -0.1979761 -0.6684381 -0.716935
vn -0.1979761 -0.6684382 -0.716935
vn -0.1979761 -0.6684382 -0.7169351
vn -0.2352715 -0.4677122 -0.8519933
vn -0.2352715 -0.4677122 -0.8519933
vn -0.2352715 -0.4677122 -0.8519933
vn -0.2352715 -0.4677122 -0.8519933
vn -0.2559431 -0.2746607 -0.926852
vn -0.2559431 -0.2746607 -0.926852
vn -0.2559431 -0.2746607 -0.926852
vn -0.2559431 -0.2746607 -0.926852
vn -0.2650898 -0.09041727 -0.9599751
vn -0.2650897 -0.09041726 -0.9599751
vn -0.2650898 -0.09041727 -0.9599751
vn -0.2650897 -0.09041726 -0.9599751
vn -0.2650898 0.09041726 -0.9599751
vn -0.2650898 0.09041727 -0.9599751
vn -0.2650898 0.09041726 -0.9599751
vn -0.2650898 0.09041726 -0.959975
vn -0.255943 0.2746607 -0.926852
vn -0.255943 0.2746607 -0.926852
vn -0.255943 0.2746607 -0.926852
vn -0.255943 0.2746607 -0.926852
vn -0.2352714 0.4677125 -0.8519933
vn -0.2352714 0.4677124 -0.8519932
vn -0.2352714 0.4677124 -0.8519933
vn -0.2352714 0.4677124 -0.8519932
vn -0.1979761 0.668438 -0.7169352
vn -0.1979762 0.668438 -0.7169352
vn -0.1979761 0.668438 -0.7169352
vn -0.1979761 0.668438 -0.7169352
vn -0.1370571 0.8572479 -0.4963279
vn -0.1370571 0.8572479 -0.4963279
vn -0.1370571 0.8572479 -0.4963279
vn -0.1370571 0.8572479 -0.496328
vn -0.04991451 0.9822605 -0.1807564
vn -0.04991451 0.9822605 -0.1807564
vn -0.04991451 0.9822605 -0.1807564
vn -0.01700152 -0.9809117 -0.1937091
vn -0.01700152 -0.9809116 -0.1937091
vn -0.01700153 -0.9809117 -0.1937091
vn -0.04627007 -0.8484902 -0.5271845
vn -0.04627008 -0.8484902 -0.5271845
vn -0.04627007 -0.8484902 -0.5271845
vn -0.04627007 -0.8484902 -0.5271845
vn -0.06610999 -0.6544222 -0.7532338
vn -0.06610998 -0.6544222 -0.7532337
vn -0.06610998 -0.6544222 -0.7532337
vn -0.06610998 -0.6544222 -0.7532337
vn -0.07790047 -0.4540379 -0.8875704
vn -0.07790047 -0.4540379 -0.8875704
vn -0.07790046 -0.4540379 -0.8875703
vn -0.07790046 -0.4540379 -0.8875703
vn -0.08430077 -0.2652325 -0.9604921
vn -0.08430077 -0.2652325 -0.9604921
vn -0.08430077 -0.2652325 -0.9604921
vn -0.08430078 -0.2652325 -0.9604921
vn -0.08709992 -0.0870999 -0.9923846
vn -0.08709992 -0.0870999 -0.9923846
vn -0.08709993 -0.08709991 -0.9923847
vn -0.08709992 -0.0870999 -0.9923846
vn -0.08709992 0.08709989 -0.9923846
vn -0.08709992 0.08709989 -0.9923846
vn -0.08709992 0.08709989 -0.9923846
vn -0.08709993 0.08709989 -0.9923847
vn -0.08430079 0.2652326 -0.9604921
vn -0.08430079 0.2652326 -0.9604921
vn -0.08430079 0.2652326 -0.9604921
vn -0.08430079 0.2652326 -0.9604921
vn -0.07790045 0.454038 -0.8875703
vn -0.07790045 0.454038 -0.8875703
vn -0.07790045 0.454038 -0.8875703
vn -0.07790046 0.4540381 -0.8875703
vn -0.06611005 0.654422 -0.7532339
vn -0.06611005 0.654422 -0.7532339
vn -0.06611005 0.654422 -0.7532339
vn -0.06611005 0.654422 -0.7532339
vn -0.04626998 0.8484904 -0.5271842
vn -0.04626998 0.8484904 -0.5271842
vn -0.04626998 0.8484904 -0.5271842
vn -0.04626999 0.8484904 -0.5271842
vn -0.01700145 0.9809117 -0.1937092
vn -0.01700145 0.9809117 -0.1937092
vn -0.01700145 0.9809117 -0.1937092
vn 0.01700153 -0.9809117 -0.1937091
vn 0.01700153 -0.9809117 -0.1937091
vn 0.01700153 -0.9809117 -0.1937091
vn 0.04627008 -0.8484902 -0.5271845
vn 0.04627008 -0.8484902 -0.5271845
vn 0.04627008 -0.8484902 -0.5271845
vn 0.04627008 -0.8484901 -0.5271845
vn 0.06611007 -0.6544222 -0.7532337
vn 0.06611007 -0.6544222 -0.7532337
vn 0.06611007 -0.6544222 -0.7532337
vn 0.06611008 -0.6544222 -0.7532338
vn 0.07790064 -0.4540379 -0.8875703
vn 0.07790065 -0.4540379 -0.8875703
vn 0.07790065 -0.4540379 -0.8875704
vn 0.07790065 -0.4540379 -0.8875704
vn 0.08430094 -0.2652326 -0.9604921
vn 0.08430094 -0.2652325 -0.9604921
vn 0.08430094 -0.2652325 -0.9604921
vn 0.08430094 -0.2652326 -0.9604921
vn 0.08710001 -0.08709997 -0.9923846
vn 0.08710001 -0.08709997 -0.9923846
vn 0.08710001 -0.08709997 -0.9923846
vn 0.08710001 -0.08709997 -0.9923846
vn 0.08710001 0.08709995 -0.9923846
vn 0.08710001 0.08709995 -0.9923846
vn 0.08710001 0.08709995 -0.9923846
vn 0.08710001 0.08709995 -0.9923846
vn 0.08430095 0.2652327 -0.9604921
vn 0.08430095 0.2652327 -0.9604921
vn 0.08430095 0.2652327 -0.9604921
vn 0.08430095 0.2652327 -0.9604921
vn 0.07790065 0.4540381 -0.8875703
vn 0.07790065 0.4540381 -0.8875703
vn 0.07790065 0.4540381 -0.8875703
vn 0.07790065 0.4540381 -0.8875703
vn 0.06611026 0.654422 -0.7532339
vn 0.06611026 0.654422 -0.7532339
vn 0.06611025 0.654422 -0.7532339
vn 0.06611026 0.654422 -0.7532339
vn 0.04627018 0.8484904 -0.5271841
vn 0.04627018 0.8484904 -0.5271841
vn 0.04627018 0.8484905 -0.5271842
vn 0.04627018 0.8484904 -0.5271841
vn 0.01700154 0.9809117 -0.1937092
vn 0.01700154 0.9809117 -0.1937092
vn 0.01700154 0.9809117 -0.1937092
vn 0.0499145 -0.9822605 -0.1807563
vn 0.0499145 -0.9822605 -0.1807563
vn 0.0499145 -0.9822605 -0.1807563
vn 0.1370573 -0.8572477 -0.4963281
vn 0.1370573 -0.8572477 -0.4963281
vn 0.1370573 -0.8572477 -0.4963281
vn 0.1370573 -0.8572477 -0.4963281
vn 0.1979762 -0.6684381 -0.716935
vn 0.1979762 -0.6684381 -0.716935
vn 0.1979762 -0.6684381 -0.716935
vn 0.1979762 -0.6684381 -0.716935
vn 0.2352715 -0.4677122 -0.8519933
vn 0.2352715 -0.4677122 -0.8519933
vn 0.2352715 -0.4677123 -0.8519933
vn 0.2352715 -0.4677122 -0.8519933
vn 0.2559432 -0.2746607 -0.926852
vn 0.2559432 -0.2746606 -0.9268519
vn 0.2559432 -0.2746607 -0.9268519
vn 0.2559432 -0.2746607 -0.9268519
vn 0.2650899 -0.09041736 -0.959975
vn 0.2650899 -0.09041735 -0.9599751
vn 0.2650899 -0.09041735 -0.959975
vn 0.2650899 -0.09041735 -0.959975
vn 0.26509 0.09041735 -0.9599751
vn 0.26509 0.09041736 -0.959975
vn 0.26509 0.09041735 -0.959975
vn 0.26509 0.09041735 -0.959975
vn 0.2559432 0.2746607 -0.9268519
vn 0.2559432 0.2746608 -0.926852
vn 0.2559432 0.2746608 -0.9268519
vn 0.2559432 0.2746608 -0.9268519
vn 0.2352715 0.4677124 -0.8519932
vn 0.2352715 0.4677124 -0.8519931
vn 0.2352715 0.4677124 -0.8519932
vn 0.2352715 0.4677124 -0.8519931
vn 0.1979762 0.6684381 -0.7169351
vn 0.1979762 0.6684381 -0.7169351
vn 0.1979762 0.6684381 -0.7169351
vn 0.1979762 0.6684381 -0.7169352
vn 0.1370572 0.8572479 -0.4963279
vn 0.1370572 0.8572479 -0.4963279
vn 0.1370572 0.8572478 -0.4963279
vn 0.1370572 0.8572479 -0.4963279
vn 0.04991454 0.9822605 -0.1807565
vn 0.04991454 0.9822605 -0.1807565
vn 0.04991454 0.9822605 -0.1807564
vn 0.07959244 -0.98461 -0.1555902
vn 0.07959244 -0.98461 -0.1555902
vn 0.07959244 -0.98461 -0.1555902
vn 0.2220533 -0.8730799 -0.4340781
vn 0.2220533 -0.8730799 -0.4340781
vn 0.2220533 -0.8730799 -0.4340782
vn 0.2220533 -0.8730799 -0.4340781
vn 0.3274509 -0.6950039 -0.6401137
vn 0.3274509 -0.6950039 -0.6401137
vn 0.3274509 -0.6950039 -0.6401137
vn 0.3274509 -0.6950039 -0.6401137
vn 0.3958072 -0.4946359 -0.7737389
vn 0.3958072 -0.4946359 -0.773739
vn 0.3958072 -0.4946359 -0.773739
vn 0.3958072 -0.494636 -0.773739
vn 0.4353395 -0.2936796 -0.8510181
vn 0.4353395 -0.2936796 -0.8510181
vn 0.4353395 -0.2936796 -0.8510181
vn 0.4353395 -0.2936796 -0.8510181
vn 0.4532658 -0.09718608 -0.8860615
vn 0.4532658 -0.09718607 -0.8860615
vn 0.4532658 -0.09718608 -0.8860615
vn 0.4532658 -0.09718608 -0.8860615
vn 0.4532658 0.09718607 -0.8860615
vn 0.4532657 0.09718607 -0.8860615
vn 0.4532658 0.09718607 -0.8860615
vn 0.4532657 0.09718607 -0.8860615
vn 0.4353394 0.2936797 -0.8510181
vn 0.4353394 0.2936797 -0.8510181
vn 0.4353394 0.2936797 -0.8510182
vn 0.4353394 0.2936797 -0.8510181
vn 0.3958071 0.4946361 -0.7737389
vn 0.3958071 0.4946361 -0.7737389
vn 0.3958071 0.4946361 -0.773739
vn 0.3958071 0.4946361 -0.7737389
vn 0.327451 0.6950038 -0.6401137
vn 0.327451 0.6950038 -0.6401137
vn 0.327451 0.6950038 -0.6401137
vn 0.327451 0.6950039 -0.6401137
vn 0.2220532 0.8730801 -0.4340779
vn 0.2220532 0.8730801 -0.4340779
vn 0.2220532 0.8730801 -0.4340779
vn 0.2220532 0.8730801 -0.4340779
vn 0.07959247 0.9846099 -0.1555903
vn 0.07959247 0.9846099 -0.1555903
vn 0.07959247 0.9846099 -0.1555903
vn 0.1040148 -0.9873438 -0.1197201
vn 0.1040148 -0.9873439 -0.1197201
vn 0.1040148 -0.9873439 -0.1197201
vn 0.2958224 -0.8925002 -0.3404886
vn 0.2958224 -0.8925002 -0.3404887
vn 0.2958224 -0.8925002 -0.3404887
vn 0.2958224 -0.8925002 -0.3404887
vn 0.4482366 -0.73001 -0.5159159
vn 0.4482366 -0.7300101 -0.5159159
vn 0.4482366 -0.7300101 -0.5159159
vn 0.4482366 -0.7300101 -0.5159159
vn 0.5551866 -0.5323796 -0.6390147
vn 0.5551866 -0.5323796 -0.6390147
vn 0.5551866 -0.5323796 -0.6390147
vn 0.5551866 -0.5323796 -0.6390147
vn 0.6210428 -0.3214753 -0.7148142
vn 0.6210428 -0.3214753 -0.7148142
vn 0.6210428 -0.3214753 -0.7148144
vn 0.6210428 -0.3214753 -0.7148143
vn 0.6520721 -0.107282 -0.7505282
vn 0.6520721 -0.107282 -0.7505281
vn 0.6520721 -0.107282 -0.7505282
vn 0.6520721 -0.107282 -0.7505282
vn 0.6520721 0.107282 -0.7505282
vn 0.6520721 0.107282 -0.7505282
vn 0.6520721 0.107282 -0.7505282
vn 0.6520721 0.107282 -0.7505282
vn 0.621043 0.3214755 -0.714814
vn 0.621043 0.3214755 -0.714814
vn 0.621043 0.3214755 -0.714814
vn 0.621043 0.3214755 -0.7148141
vn 0.5551867 0.5323797 -0.6390145
vn 0.5551867 0.5323797 -0.6390145
vn 0.5551867 0.5323797 -0.6390145
vn 0.5551867 0.5323797 -0.6390145
vn 0.4482366 0.73001 -0.5159162
vn 0.4482366 0.7300099 -0.5159161
vn 0.4482366 0.73001 -0.5159162
vn 0.4482366 0.7300099 -0.5159162
vn 0.2958221 0.8925003 -0.3404886
vn 0.2958221 0.8925003 -0.3404886
vn 0.2958221 0.8925002 -0.3404886
vn 0.2958221 0.8925003 -0.3404886
vn 0.1040149 0.9873438 -0.1197202
vn 0.1040149 0.9873439 -0.1197202
vn 0.1040149 0.9873439 -0.1197202
vn 0.1214206 -0.9897301 -0.075441
vn 0.1214206 -0.9897302 -0.07544101
vn 0.1214206 -0.9897301 -0.075441
vn 0.351405 -0.9104089 -0.2183349
vn 0.351405 -0.9104089 -0.2183349
vn 0.351405 -0.9104089 -0.2183349
vn 0.351405 -0.9104089 -0.2183349
vn 0.5470173 -0.7650219 -0.3398728
vn 0.5470174 -0.7650219 -0.3398728
vn 0.5470174 -0.7650219 -0.3398728
vn 0.5470174 -0.7650219 -0.3398728
vn 0.6960412 -0.5731505 -0.4324641
vn 0.6960412 -0.5731505 -0.4324641
vn 0.6960412 -0.5731506 -0.4324642
vn 0.6960412 -0.5731505 -0.4324641
vn 0.7946465 -0.3532247 -0.4937299
vn 0.7946465 -0.3532247 -0.4937299
vn 0.7946464 -0.3532247 -0.4937299
vn 0.7946465 -0.3532247 -0.4937299
vn 0.8433493 -0.1191489 -0.5239901
vn 0.8433492 -0.1191489 -0.5239901
vn 0.8433493 -0.1191489 -0.5239902
vn 0.8433492 -0.1191489 -0.5239901
vn 0.8433492 0.1191489 -0.5239901
vn 0.8433493 0.1191489 -0.5239901
vn 0.8433492 0.1191489 -0.5239901
vn 0.8433493 0.1191489 -0.5239902
vn 0.7946463 0.353225 -0.4937301
vn 0.7946463 0.353225 -0.4937301
vn 0.7946463 0.353225 -0.4937301
vn 0.7946463 0.353225 -0.4937301
vn 0.696041 0.5731505 -0.4324643
vn 0.696041 0.5731505 -0.4324642
vn 0.696041 0.5731505 -0.4324643
vn 0.6960411 0.5731505 -0.4324643
vn 0.5470175 0.7650217 -0.3398729
vn 0.5470175 0.7650217 -0.3398729
vn 0.5470175 0.7650218 -0.3398729
vn 0.5470175 0.7650217 -0.3398729
vn 0.3514047 0.910409 -0.218335
vn 0.3514047 0.910409 -0.218335
vn 0.3514047 0.910409 -0.218335
vn 0.3514047 0.910409 -0.218335
vn 0.1214206 0.9897301 -0.07544119
vn 0.1214206 0.9897301 -0.07544119
vn 0.1214206 0.9897301 -0.0754412
vn 0.1304828 -0.9911157 -0.02576759
vn 0.1304827 -0.9911157 -0.02576759
vn 0.1304827 -0.9911156 -0.02576758
vn 0.3815956 -0.9212525 -0.07535698
vn 0.3815956 -0.9212525 -0.07535699
vn 0.3815956 -0.9212526 -0.07535699
vn 0.3815955 -0.9212525 -0.07535698
vn 0.6044095 -0.7876818 -0.1193579
vn 0.6044096 -0.7876819 -0.1193579
vn 0.6044096 -0.7876819 -0.1193579
vn 0.6044096 -0.7876818 -0.1193579
vn 0.7837922 -0.6014252 -0.1547821
vn 0.7837923 -0.6014252 -0.1547821
vn 0.7837923 -0.6014252 -0.1547821
vn 0.7837923 -0.6014252 -0.1547821
vn 0.9088766 -0.376469 -0.1794837
vn 0.9088766 -0.376469 -0.1794837
vn 0.9088766 -0.376469 -0.1794837
vn 0.9088766 -0.376469 -0.1794837
vn 0.9729716 -0.1280941 -0.1921412
vn 0.9729716 -0.1280941 -0.1921412
vn 0.9729716 -0.1280941 -0.1921412
vn 0.9729716 -0.1280941 -0.1921412
vn 0.9729716 0.1280941 -0.1921412
vn 0.9729716 0.1280941 -0.1921412
vn 0.9729716 0.128094 -0.1921412
vn 0.9729716 0.128094 -0.1921412
vn 0.9088765 0.3764692 -0.1794837
vn 0.9088766 0.3764692 -0.1794838
vn 0.9088765 0.3764691 -0.1794837
vn 0.9088765 0.3764692 -0.1794837
vn 0.7837922 0.6014252 -0.154782
vn 0.7837921 0.6014253 -0.1547821
vn 0.7837922 0.6014252 -0.154782
vn 0.7837922 0.6014253 -0.1547821
vn 0.6044097 0.7876816 -0.119358
vn 0.6044098 0.7876818 -0.119358
vn 0.6044098 0.7876818 -0.119358
vn 0.6044098 0.7876818 -0.119358
vn 0.3815953 0.9212526 -0.07535686
vn 0.3815953 0.9212526 -0.07535686
vn 0.3815953 0.9212526 -0.07535686
vn 0.3815953 0.9212526 -0.07535686
vn 0.1304828 0.9911157 -0.02576747
vn 0.1304828 0.9911157 -0.02576747
vn 0.1304828 0.9911157 -0.02576747
vn 0.1304828 -0.9911157 0.02576759
vn 0.1304828 -0.9911157 0.02576758
vn 0.1304828 -0.9911156 0.02576759
vn 0.3815955 -0.9212525 0.07535698
vn 0.3815956 -0.9212526 0.07535698
vn 0.3815955 -0.9212525 0.07535698
vn 0.3815955 -0.9212525 0.07535698
vn 0.6044096 -0.7876818 0.1193581
vn 0.6044096 -0.7876818 0.1193581
vn 0.6044096 -0.7876818 0.1193581
vn 0.6044096 -0.7876818 0.1193581
vn 0.7837922 -0.6014251 0.1547825
vn 0.7837921 -0.6014251 0.1547825
vn 0.7837922 -0.6014251 0.1547825
vn 0.7837922 -0.6014251 0.1547825
vn 0.9088765 -0.376469 0.1794842
vn 0.9088765 -0.376469 0.1794842
vn 0.9088765 -0.376469 0.1794842
vn 0.9088765 -0.376469 0.1794842
vn 0.9729715 -0.1280942 0.1921414
vn 0.9729716 -0.1280942 0.1921414
vn 0.9729716 -0.1280942 0.1921414
vn 0.9729715 -0.1280942 0.1921414
vn 0.9729716 0.1280942 0.1921414
vn 0.9729715 0.1280942 0.1921414
vn 0.9729715 0.1280942 0.1921414
vn 0.9729716 0.1280942 0.1921414
vn 0.9088765 0.3764691 0.1794842
vn 0.9088765 0.3764692 0.1794842
vn 0.9088764 0.3764691 0.1794842
vn 0.9088764 0.3764691 0.1794842
vn 0.7837921 0.6014252 0.1547825
vn 0.7837921 0.6014252 0.1547825
vn 0.7837921 0.6014252 0.1547825
vn 0.7837921 0.6014252 0.1547825
vn 0.6044098 0.7876816 0.1193584
vn 0.6044098 0.7876816 0.1193584
vn 0.6044098 0.7876816 0.1193584
vn 0.6044098 0.7876817 0.1193584
vn 0.3815952 0.9212526 0.07535712
vn 0.3815953 0.9212526 0.07535712
vn 0.3815952 0.9212526 0.07535711
vn 0.3815952 0.9212527 0.07535712
vn 0.1304828 0.9911157 0.02576757
vn 0.1304828 0.9911157 0.02576758
vn 0.1304828 0.9911156 0.02576757
vn 0.1214206 -0.9897302 0.07544101
vn 0.1214206 -0.9897301 0.075441
vn 0.1214206 -0.9897301 0.075441
vn 0.351405 -0.9104089 0.2183349
vn 0.351405 -0.9104089 0.218335
vn 0.351405 -0.9104089 0.2183349
vn 0.351405 -0.9104089 0.2183349
vn 0.5470175 -0.7650219 0.3398727
vn 0.5470175 -0.7650219 0.3398728
vn 0.5470175 -0.7650219 0.3398727
vn 0.5470175 -0.7650218 0.3398727
vn 0.6960413 -0.5731506 0.4324638
vn 0.6960413 -0.5731506 0.4324638
vn 0.6960413 -0.5731505 0.4324638
vn 0.6960413 -0.5731505 0.4324638
vn 0.7946467 -0.3532248 0.4937296
vn 0.7946467 -0.3532248 0.4937296
vn 0.7946467 -0.3532248 0.4937296
vn 0.7946467 -0.3532247 0.4937296
vn 0.8433493 -0.1191491 0.5239899
vn 0.8433493 -0.119149 0.5239899
vn 0.8433493 -0.1191491 0.5239899
vn 0.8433493 -0.1191491 0.5239899
vn 0.8433493 0.1191491 0.52399
vn 0.8433493 0.119149 0.52399
vn 0.8433493 0.119149 0.52399
vn 0.8433493 0.119149 0.52399
vn 0.7946464 0.353225 0.4937297
vn 0.7946464 0.3532251 0.4937298
vn 0.7946465 0.3532251 0.4937298
vn 0.7946465 0.3532251 0.4937297
vn 0.6960413 0.5731506 0.432464
vn 0.6960412 0.5731505 0.432464
vn 0.6960412 0.5731505 0.432464
vn 0.6960412 0.5731505 0.432464
vn 0.5470176 0.7650218 0.3398727
vn 0.5470176 0.7650218 0.3398727
vn 0.5470176 0.7650218 0.3398727
vn 0.5470176 0.7650218 0.3398727
vn 0.3514047 0.910409 0.2183347
vn 0.3514047 0.910409 0.2183347
vn 0.3514047 0.9104091 0.2183348
vn 0.3514047 0.910409 0.2183347
vn 0.1214207 0.9897301 0.07544107
vn 0.1214207 0.9897301 0.07544107
vn 0.1214207 0.9897301 0.07544107
vn 0.1040148 -0.9873439 0.1197201
vn 0.1040148 -0.9873438 0.1197201
vn 0.1040148 -0.987344 0.1197201
vn 0.2958223 -0.8925002 0.3404888
vn 0.2958223 -0.8925001 0.3404888
vn 0.2958223 -0.8925002 0.3404888
vn 0.2958223 -0.8925001 0.3404888
vn 0.4482364 -0.73001 0.5159162
vn 0.4482364 -0.73001 0.5159162
vn 0.4482364 -0.73001 0.5159162
vn 0.4482364 -0.73001 0.5159162
vn 0.5551865 -0.5323797 0.6390149
vn 0.5551864 -0.5323797 0.6390149
vn 0.5551864 -0.5323796 0.6390148
vn 0.5551864 -0.5323796 0.6390148
vn 0.6210426 -0.3214751 0.7148146
vn 0.6210425 -0.321475 0.7148146
vn 0.6210426 -0.3214751 0.7148146
vn 0.6210426 -0.3214751 0.7148145
vn 0.6520716 -0.107282 0.7505286
vn 0.6520716 -0.107282 0.7505286
vn 0.6520715 -0.107282 0.7505286
vn 0.6520716 -0.107282 0.7505286
vn 0.6520716 0.107282 0.7505286
vn 0.6520716 0.107282 0.7505286
vn 0.6520716 0.107282 0.7505286
vn 0.6520715 0.107282 0.7505286
vn 0.6210428 0.3214752 0.7148144
vn 0.6210428 0.3214752 0.7148143
vn 0.6210428 0.3214752 0.7148143
vn 0.6210428 0.3214752 0.7148143
vn 0.5551866 0.5323797 0.6390145
vn 0.5551866 0.5323798 0.6390146
vn 0.5551866 0.5323798 0.6390146
vn 0.5551866 0.5323797 0.6390145
vn 0.4482365 0.7300099 0.5159163
vn 0.4482365 0.7300099 0.5159163
vn 0.4482365 0.7300099 0.5159163
vn 0.4482365 0.7300099 0.5159163
vn 0.2958221 0.8925003 0.3404887
vn 0.2958221 0.8925002 0.3404887
vn 0.2958221 0.8925003 0.3404887
vn 0.2958221 0.8925003 0.3404887
vn 0.1040149 0.9873439 0.1197201
vn 0.1040149 0.9873438 0.1197201
vn 0.1040149 0.9873439 0.1197201
vn 0.07959236 -0.98461 0.1555903
vn 0.07959235 -0.9846099 0.1555903
vn 0.07959235 -0.9846099 0.1555903
vn 0.2220532 -0.8730799 0.4340782
vn 0.2220532 -0.8730799 0.4340782
vn 0.2220532 -0.8730799 0.4340782
vn 0.2220532 -0.8730799 0.4340782
vn 0.3274509 -0.6950039 0.6401137
vn 0.3274509 -0.6950039 0.6401138
vn 0.3274509 -0.6950039 0.6401137
vn 0.3274509 -0.6950038 0.6401137
vn 0.3958071 -0.494636 0.773739
vn 0.395807 -0.4946359 0.773739
vn 0.395807 -0.494636 0.773739
vn 0.395807 -0.4946359 0.773739
vn 0.4353396 -0.2936796 0.8510181
vn 0.4353396 -0.2936796 0.8510181
vn 0.4353396 -0.2936796 0.8510181
vn 0.4353396 -0.2936796 0.851018
vn 0.453266 -0.09718595 0.8860614
vn 0.453266 -0.09718596 0.8860614
vn 0.4532661 -0.09718597 0.8860614
vn 0.453266 -0.09718596 0.8860614
vn 0.453266 0.09718595 0.8860614
vn 0.453266 0.09718594 0.8860614
vn 0.453266 0.09718595 0.8860614
vn 0.4532661 0.09718595 0.8860614
vn 0.4353395 0.2936796 0.8510181
vn 0.4353395 0.2936796 0.8510181
vn 0.4353395 0.2936796 0.8510181
vn 0.4353395 0.2936796 0.8510181
vn 0.3958069 0.4946361 0.773739
vn 0.3958068 0.4946361 0.773739
vn 0.3958068 0.4946361 0.773739
vn 0.3958068 0.4946361 0.773739
vn 0.3274509 0.6950038 0.6401138
vn 0.3274509 0.6950039 0.6401138
vn 0.3274509 0.6950038 0.6401138
vn 0.3274509 0.6950038 0.6401138
vn 0.2220531 0.87308 0.4340779
vn 0.2220531 0.8730801 0.4340779
vn 0.2220531 0.87308 0.4340779
vn 0.2220531 0.87308 0.4340779
vn 0.07959237 0.98461 0.1555903
vn 0.07959237 0.98461 0.1555903
vn 0.07959236 0.9846099 0.1555903
vn 0.04991442 -0.9822605 0.1807563
vn 0.04991442 -0.9822605 0.1807564
vn 0.04991442 -0.9822605 0.1807564
vn 0.1370571 -0.8572477 0.4963283
vn 0.1370571 -0.8572477 0.4963283
vn 0.1370571 -0.8572477 0.4963283
vn 0.1370571 -0.8572477 0.4963283
vn 0.1979759 -0.6684381 0.7169352
vn 0.1979759 -0.6684381 0.7169352
vn 0.1979759 -0.6684381 0.7169352
vn 0.1979759 -0.6684381 0.7169352
vn 0.2352712 -0.4677123 0.8519933
vn 0.2352712 -0.4677123 0.8519933
vn 0.2352712 -0.4677123 0.8519933
vn 0.2352712 -0.4677123 0.8519934
vn 0.2559427 -0.2746608 0.9268521
vn 0.2559427 -0.2746608 0.9268521
vn 0.2559427 -0.2746608 0.9268521
vn 0.2559427 -0.2746608 0.9268521
vn 0.2650893 -0.09041712 0.9599752
vn 0.2650893 -0.09041713 0.9599752
vn 0.2650893 -0.09041713 0.9599752
vn 0.2650893 -0.09041713 0.9599752
vn 0.2650893 0.09041712 0.9599752
vn 0.2650893 0.09041712 0.9599752
vn 0.2650893 0.09041713 0.9599752
vn 0.2650893 0.09041712 0.9599752
vn 0.2559426 0.2746608 0.9268521
vn 0.2559426 0.2746608 0.9268521
vn 0.2559426 0.2746608 0.926852
vn 0.2559426 0.2746608 0.9268521
vn 0.2352711 0.4677124 0.8519933
vn 0.2352711 0.4677124 0.8519933
vn 0.2352711 0.4677124 0.8519933
vn 0.2352711 0.4677124 0.8519933
vn 0.1979761 0.668438 0.7169353
vn 0.1979761 0.668438 0.7169353
vn 0.1979761 0.668438 0.7169352
vn 0.1979761 0.668438 0.7169353
vn 0.1370571 0.8572478 0.4963279
vn 0.1370571 0.8572479 0.496328
vn 0.1370571 0.8572478 0.4963279
vn 0.1370571 0.8572479 0.496328
vn 0.04991447 0.9822605 0.1807563
vn 0.04991446 0.9822605 0.1807563
vn 0.04991446 0.9822605 0.1807563
vn 0.01700153 -0.9809117 0.193709
vn 0.01700153 -0.9809116 0.1937091
vn 0.01700153 -0.9809117 0.1937091
vn 0.04627011 -0.8484902 0.5271845
vn 0.0462701 -0.8484902 0.5271845
vn 0.04627011 -0.8484902 0.5271845
vn 0.0462701 -0.8484902 0.5271845
vn 0.06611004 -0.6544222 0.7532338
vn 0.06611004 -0.6544222 0.7532337
vn 0.06611004 -0.6544222 0.7532338
vn 0.06611004 -0.6544222 0.7532337
vn 0.07790053 -0.4540379 0.8875704
vn 0.07790053 -0.4540379 0.8875704
vn 0.07790053 -0.4540379 0.8875703
vn 0.07790053 -0.4540379 0.8875703
vn 0.08430083 -0.2652326 0.9604921
vn 0.08430083 -0.2652325 0.9604921
vn 0.08430083 -0.2652326 0.9604921
vn 0.08430084 -0.2652326 0.9604921
vn 0.08709998 -0.0870999 0.9923846
vn 0.08709998 -0.0870999 0.9923846
vn 0.08709999 -0.08709991 0.9923847
vn 0.08709998 -0.0870999 0.9923846
vn 0.08709998 0.08709989 0.9923846
vn 0.08709998 0.08709989 0.9923846
vn 0.08709998 0.08709989 0.9923846
vn 0.08709999 0.0870999 0.9923847
vn 0.08430085 0.2652326 0.9604921
vn 0.08430085 0.2652326 0.9604921
vn 0.08430085 0.2652326 0.9604921
vn 0.08430085 0.2652326 0.9604921
vn 0.07790053 0.4540381 0.8875703
vn 0.07790053 0.4540381 0.8875703
vn 0.07790053 0.4540381 0.8875703
vn 0.07790052 0.454038 0.8875702
vn 0.0661101 0.654422 0.7532339
vn 0.0661101 0.654422 0.7532339
vn 0.0661101 0.654422 0.7532339
vn 0.0661101 0.654422 0.7532339
vn 0.04627001 0.8484904 0.5271842
vn 0.04627001 0.8484904 0.5271842
vn 0.04627002 0.8484904 0.5271842
vn 0.04627001 0.8484904 0.5271842
vn 0.01700147 0.9809117 0.1937091
vn 0.01700147 0.9809117 0.1937091
vn 0.01700148 0.9809117 0.1937091
vt -0.04166667 0.08333334
vt 0 0.08333334
vt 0 0.08333334
vt -0.04166667 0.08333334
vt -0.04166667 0.1666667
vt 0 0.1666667
vt 0 0.08333334
vt -0.04166667 0.1666667
vt -0.04166667 0.25
vt 0 0.25
vt 0 0.1666667
vt -0.04166667 0.25
vt -0.04166667 0.3333333
vt 0 0.3333333
vt 0 0.25
vt -0.04166667 0.3333333
vt -0.04166667 0.4166667
vt 0 0.4166667
vt 0 0.3333333
vt -0.04166667 0.4166667
vt -0.04166667 0.5
vt 0 0.5
vt 0 0.4166667
vt -0.04166667 0.5
vt -0.04166667 0.5833334
vt 0 0.5833334
vt 0 0.5
vt -0.04166667 0.5833334
vt -0.04166667 0.6666667
vt 0 0.6666667
vt 0 0.5833334
vt -0.04166667 0.6666667
vt -0.04166667 0.75
vt 0 0.75
vt 0 0.6666667
vt -0.04166667 0.75
vt -0.04166667 0.8333334
vt 0 0.8333334
vt 0 0.75
vt -0.04166667 0.8333334
vt -0.04166667 0.9166667
vt 0 0.9166667
vt 0 0.8333334
vt -0.04166667 0.9166667
vt -0.04166667 1
vt 0 0.9166667
vt -0.08333334 0.08333334
vt -0.04166667 0.08333334
vt -0.04166667 0.08333334
vt -0.08333334 0.08333334
vt -0.08333334 0.1666667
vt -0.04166667 0.1666667
vt -0.04166667 0.08333334
vt -0.08333334 0.1666667
vt -0.08333334 0.25
vt -0.04166667 0.25
vt -0.04166667 0.1666667
vt -0.08333334 0.25
vt -0.08333334 0.3333333
vt -0.04166667 0.3333333
vt -0.04166667 0.25
vt -0.08333334 0.3333333
vt -0.08333334 0.4166667
vt -0.04166667 0.4166667
vt -0.04166667 0.3333333
vt -0.08333334 0.4166667
vt -0.08333334 0.5
vt -0.04166667 0.5
vt -0.04166667 0.4166667
vt -0.08333334 0.5
vt -0.08333334 0.5833334
vt -0.04166667 0.5833334
vt -0.04166667 0.5
vt -0.08333334 0.5833334
vt -0.08333334 0.6666667
vt -0.04166667 0.6666667
vt -0.04166667 0.5833334
vt -0.08333334 0.6666667
vt -0.08333334 0.75
vt -0.04166667 0.75
vt -0.04166667 0.6666667
vt -0.08333334 0.75
vt -0.08333334 0.8333334
vt -0.04166667 0.8333334
vt -0.04166667 0.75
vt -0.08333334 0.8333334
vt -0.08333334 0.9166667
vt -0.04166667 0.9166667
vt -0.04166667 0.8333334
vt -0.08333334 0.9166667
vt -0.08333334 1
vt -0.04166667 0.9166667
vt -0.125 0.08333334
vt -0.08333334 0.08333334
vt -0.08333334 0.08333334
vt -0.125 0.08333334
vt -0.125 0.1666667
vt -0.08333334 0.1666667
vt -0.08333334 0.08333334
vt -0.125 0.1666667
vt -0.125 0.25
vt -0.08333334 0.25
vt -0.08333334 0.1666667
vt -0.125 0.25
vt -0.125 0.3333333
vt -0.08333334 0.3333333
vt -0.08333334 0.25
vt -0.125 0.3333333
vt -0.125 0.4166667
vt -0.08333334 0.4166667
vt -0.08333334 0.3333333
vt -0.125 0.4166667
vt -0.125 0.5
vt -0.08333334 0.5
vt -0.08333334 0.4166667
vt -0.125 0.5
vt -0.125 0.5833334
vt -0.08333334 0.5833334
vt -0.08333334 0.5
vt -0.125 0.5833334
vt -0.125 0.6666667
vt -0.08333334 0.6666667
vt -0.08333334 0.5833334
vt -0.125 0.6666667
vt -0.125 0.75
vt -0.08333334 0.75
vt -0.08333334 0.6666667
vt -0.125 0.75
vt -0.125 0.8333334
vt -0.08333334 0.8333334
vt -0.08333334 0.75
vt -0.125 0.8333334
vt -0.125 0.9166667
vt -0.08333334 0.9166667
vt -0.08333334 0.8333334
vt -0.125 0.9166667
vt -0.125 1
vt -0.08333334 0.9166667
vt -0.1666667 0.08333334
vt -0.125 0.08333334
vt -0.125 0.08333334
vt -0.1666667 0.08333334
vt -0.1666667 0.1666667
vt -0.125 0.1666667
vt -0.125 0.08333334
vt -0.1666667 0.1666667
vt -0.1666667 0.25
vt -0.125 0.25
vt -0.125 0.1666667
vt -0.1666667 0.25
vt -0.1666667 0.3333333
vt -0.125 0.3333333
vt -0.125 0.25
vt -0.1666667 0.3333333
vt -0.1666667 0.4166667
vt -0.125 0.4166667
vt -0.125 0.3333333
vt -0.1666667 0.4166667
vt -0.1666667 0.5
vt -0.125 0.5
vt -0.125 0.4166667
vt -0.1666667 0.5
vt -0.1666667 0.5833334
vt -0.125 0.5833334
vt -0.125 0.5
vt -0.1666667 0.5833334
vt -0.1666667 0.6666667
vt -0.125 0.6666667
vt -0.125 0.5833334
vt -0.1666667 0.6666667
vt -0.1666667 0.75
vt -0.125 0.75
vt -0.125 0.6666667
vt -0.1666667 0.75
vt -0.1666667 0.8333334
vt -0.125 0.8333334
vt -0.125 0.75
vt -0.1666667 0.8333334
vt -0.1666667 0.9166667
vt -0.125 0.9166667
vt -0.125 0.8333334
vt -0.1666667 0.9166667
vt -0.1666667 1
vt -0.125 0.9166667
vt -0.2083333 0.08333334
vt -0.1666667 0.08333334
vt -0.1666667 0.08333334
vt -0.2083333 0.08333334
vt -0.2083333 0.1666667
vt -0.1666667 0.1666667
vt -0.1666667 0.08333334
vt -0.2083333 0.1666667
vt -0.2083333 0.25
vt -0.1666667 0.25
vt -0.1666667 0.1666667
vt -0.2083333 0.25
vt -0.2083333 0.3333333
vt -0.1666667 0.3333333
vt -0.1666667 0.25
vt -0.2083333 0.3333333
vt -0.2083333 0.4166667
vt -0.1666667 0.4166667
vt -0.1666667 0.3333333
vt -0.2083333 0.4166667
vt -0.2083333 0.5
vt -0.1666667 0.5
vt -0.1666667 0.4166667
vt -0.2083333 0.5
vt -0.2083333 0.5833334
vt -0.1666667 0.5833334
vt -0.1666667 0.5
vt -0.2083333 0.5833334
vt -0.2083333 0.6666667
vt -0.1666667 0.6666667
vt -0.1666667 0.5833334
vt -0.2083333 0.6666667
vt -0.2083333 0.75
vt -0.1666667 0.75
vt -0.1666667 0.6666667
vt -0.2083333 0.75
vt -0.2083333 0.8333334
vt -0.1666667 0.8333334
vt -0.1666667 0.75
vt -0.2083333 0.8333334
vt -0.2083333 0.9166667
vt -0.1666667 0.9166667
vt -0.1666667 0.8333334
vt -0.2083333 0.9166667
vt -0.2083333 1
vt -0.1666667 0.9166667
vt -0.25 0.08333334
vt -0.2083333 0.08333334
vt -0.2083333 0.08333334
vt -0.25 0.08333334
vt -0.25 0.1666667
vt -0.2083333 0.1666667
vt -0.2083333 0.08333334
vt -0.25 0.1666667
vt -0.25 0.25
vt -0.2083333 0.25
vt -0.2083333 0.1666667
vt -0.25 0.25
vt -0.25 0.3333333
vt -0.2083333 0.3333333
vt -0.2083333 0.25
vt -0.25 0.3333333
vt -0.25 0.4166667
vt -0.2083333 0.4166667
vt -0.2083333 0.3333333
vt -0.25 0.4166667
vt -0.25 0.5
vt -0.2083333 0.5
vt -0.2083333 0.4166667
vt -0.25 0.5
vt -0.25 0.5833334
vt -0.2083333 0.5833334
vt -0.2083333 0.5
vt -0.25 0.5833334
vt -0.25 0.6666667
vt -0.2083333 0.6666667
vt -0.2083333 0.5833334
vt -0.25 0.6666667
vt -0.25 0.75
vt -0.2083333 0.75
vt -0.2083333 0.6666667
vt -0.25 0.75
vt -0.25 0.8333334
vt -0.2083333 0.8333334
vt -0.2083333 0.75
vt -0.25 0.8333334
vt -0.25 0.9166667
vt -0.2083333 0.9166667
vt -0.2083333 0.8333334
vt -0.25 0.9166667
vt -0.25 1
vt -0.2083333 0.9166667
vt -0.2916667 0.08333334
vt -0.25 0.08333334
vt -0.25 0.08333334
vt -0.2916667 0.08333334
vt -0.2916667 0.1666667
vt -0.25 0.1666667
vt -0.25 0.08333334
vt -0.2916667 0.1666667
vt -0.2916667 0.25
vt -0.25 0.25
vt -0.25 0.1666667
vt -0.2916667 0.25
vt -0.2916667 0.3333333
vt -0.25 0.3333333
vt -0.25 0.25
vt -0.2916667 0.3333333
vt -0.2916667 0.4166667
vt -0.25 0.4166667
vt -0.25 0.3333333
vt -0.2916667 0.4166667
vt -0.2916667 0.5
vt -0.25 0.5
vt -0.25 0.4166667
vt -0.2916667 0.5
vt -0.2916667 0.5833334
vt -0.25 0.5833334
vt -0.25 0.5
vt -0.2916667 0.5833334
vt -0.2916667 0.6666667
vt -0.25 0.6666667
vt -0.25 0.5833334
vt -0.2916667 0.6666667
vt -0.2916667 0.75
vt -0.25 0.75
vt -0.25 0.6666667
vt -0.2916667 0.75
vt -0.2916667 0.8333334
vt -0.25 0.8333334
vt -0.25 0.75
vt -0.2916667 0.8333334
vt -0.2916667 0.9166667
vt -0.25 0.9166667
vt -0.25 0.8333334
vt -0.2916667 0.9166667
vt -0.2916667 1
vt -0.25 0.9166667
vt -0.3333333 0.08333334
vt -0.2916667 0.08333334
vt -0.2916667 0.08333334
vt -0.3333333 0.08333334
vt -0.3333333 0.1666667
vt -0.2916667 0.1666667
vt -0.2916667 0.08333334
vt -0.3333333 0.1666667
vt -0.3333333 0.25
vt -0.2916667 0.25
vt -0.2916667 0.1666667
vt -0.3333333 0.25
vt -0.3333333 0.3333333
vt -0.2916667 0.3333333
vt -0.2916667 0.25
vt -0.3333333 0.3333333
vt -0.3333333 0.4166667
vt -0.2916667 0.4166667
vt -0.2916667 0.3333333
vt -0.3333333 0.4166667
vt -0.3333333 0.5
vt -0.2916667 0.5
vt -0.2916667 0.4166667
vt -0.3333333 0.5
vt -0.3333333 0.5833334
vt -0.2916667 0.5833334
vt -0.2916667 0.5
vt -0.3333333 0.5833334
vt -0.3333333 0.6666667
vt -0.2916667 0.6666667
vt -0.2916667 0.5833334
vt -0.3333333 0.6666667
vt -0.3333333 0.75
vt -0.2916667 0.75
vt -0.2916667 0.6666667
vt -0.3333333 0.75
vt -0.3333333 0.8333334
vt -0.2916667 0.8333334
vt -0.2916667 0.75
vt -0.3333333 0.8333334
vt -0.3333333 0.9166667
vt -0.2916667 0.9166667
vt -0.2916667 0.8333334
vt -0.3333333 0.9166667
vt -0.3333333 1
vt -0.2916667 0.9166667
vt -0.375 0.08333334
vt -0.3333333 0.08333334
vt -0.3333333 0.08333334
vt -0.375 0.08333334
vt -0.375 0.1666667
vt -0.3333333 0.1666667
vt -0.3333333 0.08333334
vt -0.375 0.1666667
vt -0.375 0.25
vt -0.3333333 0.25
vt -0.3333333 0.1666667
vt -0.375 0.25
vt -0.375 0.3333333
vt -0.3333333 0.3333333
vt -0.3333333 0.25
vt -0.375 0.3333333
vt -0.375 0.4166667
vt -0.3333333 0.4166667
vt -0.3333333 0.3333333
vt -0.375 0.4166667
vt -0.375 0.5
vt -0.3333333 0.5
vt -0.3333333 0.4166667
vt -0.375 0.5
vt -0.375 0.5833334
vt -0.3333333 0.5833334
vt -0.3333333 0.5
vt -0.375 0.5833334
vt -0.375 0.6666667
vt -0.3333333 0.6666667
vt -0.3333333 0.5833334
vt -0.375 0.6666667
vt -0.375 0.75
vt -0.3333333 0.75
vt -0.3333333 0.6666667
vt -0.375 0.75
vt -0.375 0.8333334
vt -0.3333333 0.8333334
vt -0.3333333 0.75
vt -0.375 0.8333334
vt -0.375 0.9166667
vt -0.3333333 0.9166667
vt -0.3333333 0.8333334
vt -0.375 0.9166667
vt -0.375 1
vt -0.3333333 0.9166667
vt -0.4166667 0.08333334
vt -0.375 0.08333334
vt -0.375 0.08333334
vt -0.4166667 0.08333334
vt -0.4166667 0.1666667
vt -0.375 0.1666667
vt -0.375 0.08333334
vt -0.4166667 0.1666667
vt -0.4166667 0.25
vt -0.375 0.25
vt -0.375 0.1666667
vt -0.4166667 0.25
vt -0.4166667 0.3333333
vt -0.375 0.3333333
vt -0.375 0.25
vt -0.4166667 0.3333333
vt -0.4166667 0.4166667
vt -0.375 0.4166667
vt -0.375 0.3333333
vt -0.4166667 0.4166667
vt -0.4166667 0.5
vt -0.375 0.5
vt -0.375 0.4166667
vt -0.4166667 0.5
vt -0.4166667 0.5833334
vt -0.375 0.5833334
vt -0.375 0.5
vt -0.4166667 0.5833334
vt -0.4166667 0.6666667
vt -0.375 0.6666667
vt -0.375 0.5833334
vt -0.4166667 0.6666667
vt -0.4166667 0.75
vt -0.375 0.75
vt -0.375 0.6666667
vt -0.4166667 0.75
vt -0.4166667 0.8333334
vt -0.375 0.8333334
vt -0.375 0.75
vt -0.4166667 0.8333334
vt -0.4166667 0.9166667
vt -0.375 0.9166667
vt -0.375 0.8333334
vt -0.4166667 0.9166667
vt -0.4166667 1
vt -0.375 0.9166667
vt -0.4583333 0.08333334
vt -0.4166667 0.08333334
vt -0.4166667 0.08333334
vt -0.4583333 0.08333334
vt -0.4583333 0.1666667
vt -0.4166667 0.1666667
vt -0.4166667 0.08333334
vt -0.4583333 0.1666667
vt -0.4583333 0.25
vt -0.4166667 0.25
vt -0.4166667 0.1666667
vt -0.4583333 0.25
vt -0.4583333 0.3333333
vt -0.4166667 0.3333333
vt -0.4166667 0.25
vt -0.4583333 0.3333333
vt -0.4583333 0.4166667
vt -0.4166667 0.4166667
vt -0.4166667 0.3333333
vt -0.4583333 0.4166667
vt -0.4583333 0.5
vt -0.4166667 0.5
vt -0.4166667 0.4166667
vt -0.4583333 0.5
vt -0.4583333 0.5833334
vt -0.4166667 0.5833334
vt -0.4166667 0.5
vt -0.4583333 0.5833334
vt -0.4583333 0.6666667
vt -0.4166667 0.6666667
vt -0.4166667 0.5833334
vt -0.4583333 0.6666667
vt -0.4583333 0.75
vt -0.4166667 0.75
vt -0.4166667 0.6666667
vt -0.4583333 0.75
vt -0.4583333 0.8333334
vt -0.4166667 0.8333334
vt -0.4166667 0.75
vt -0.4583333 0.8333334
vt -0.4583333 0.9166667
vt -0.4166667 0.9166667
vt -0.4166667 0.8333334
vt -0.4583333 0.9166667
vt -0.4583333 1
vt -0.4166667 0.9166667
vt -0.5 0.08333334
vt -0.4583333 0.08333334
vt -0.4583333 0.08333334
vt -0.5 0.08333334
vt -0.5 0.1666667
vt -0.4583333 0.1666667
vt -0.4583333 0.08333334
vt -0.5 0.1666667
vt -0.5 0.25
vt -0.4583333 0.25
vt -0.4583333 0.1666667
vt -0.5 0.25
vt -0.5 0.3333333
vt -0.4583333 0.3333333
vt -0.4583333 0.25
vt -0.5 0.3333333
vt -0.5 0.4166667
vt -0.4583333 0.4166667
vt -0.4583333 0.3333333
vt -0.5 0.4166667
vt -0.5 0.5
vt -0.4583333 0.5
vt -0.4583333 0.4166667
vt -0.5 0.5
vt -0.5 0.5833334
vt -0.4583333 0.5833334
vt -0.4583333 0.5
vt -0.5 0.5833334
vt -0.5 0.6666667
vt -0.4583333 0.6666667
vt -0.4583333 0.5833334
vt -0.5 0.6666667
vt -0.5 0.75
vt -0.4583333 0.75
vt -0.4583333 0.6666667
vt -0.5 0.75
vt -0.5 0.8333334
vt -0.4583333 0.8333334
vt -0.4583333 0.75
vt -0.5 0.8333334
vt -0.5 0.9166667
vt -0.4583333 0.9166667
vt -0.4583333 0.8333334
vt -0.5 0.9166667
vt -0.5 1
vt -0.4583333 0.9166667
vt -0.5416667 0.08333334
vt -0.5 0.08333334
vt -0.5 0.08333334
vt -0.5416667 0.08333334
vt -0.5416667 0.1666667
vt -0.5 0.1666667
vt -0.5 0.08333334
vt -0.5416667 0.1666667
vt -0.5416667 0.25
vt -0.5 0.25
vt -0.5 0.1666667
vt -0.5416667 0.25
vt -0.5416667 0.3333333
vt -0.5 0.3333333
vt -0.5 0.25
vt -0.5416667 0.3333333
vt -0.5416667 0.4166667
vt -0.5 0.4166667
vt -0.5 0.3333333
vt -0.5416667 0.4166667
vt -0.5416667 0.5
vt -0.5 0.5
vt -0.5 0.4166667
vt -0.5416667 0.5
vt -0.5416667 0.5833334
vt -0.5 0.5833334
vt -0.5 0.5
vt -0.5416667 0.5833334
vt -0.5416667 0.6666667
vt -0.5 0.6666667
vt -0.5 0.5833334
vt -0.5416667 0.6666667
vt -0.5416667 0.75
vt -0.5 0.75
vt -0.5 0.6666667
vt -0.5416667 0.75
vt -0.5416667 0.8333334
vt -0.5 0.8333334
vt -0.5 0.75
vt -0.5416667 0.8333334
vt -0.5416667 0.9166667
vt -0.5 0.9166667
vt -0.5 0.8333334
vt -0.5416667 0.9166667
vt -0.5416667 1
vt -0.5 0.9166667
vt -0.5833334 0.08333334
vt -0.5416667 0.08333334
vt -0.5416667 0.08333334
vt -0.5833334 0.08333334
vt -0.5833334 0.1666667
vt -0.5416667 0.1666667
vt -0.5416667 0.08333334
vt -0.5833334 0.1666667
vt -0.5833334 0.25
vt -0.5416667 0.25
vt -0.5416667 0.1666667
vt -0.5833334 0.25
vt -0.5833334 0.3333333
vt -0.5416667 0.3333333
vt -0.5416667 0.25
vt -0.5833334 0.3333333
vt -0.5833334 0.4166667
vt -0.5416667 0.4166667
vt -0.5416667 0.3333333
vt -0.5833334 0.4166667
vt -0.5833334 0.5
vt -0.5416667 0.5
vt -0.5416667 0.4166667
vt -0.5833334 0.5
vt -0.5833334 0.5833334
vt -0.5416667 0.5833334
vt -0.5416667 0.5
vt -0.5833334 0.5833334
vt -0.5833334 0.6666667
vt -0.5416667 0.6666667
vt -0.5416667 0.5833334
vt -0.5833334 0.6666667
vt -0.5833334 0.75
vt -0.5416667 0.75
vt -0.5416667 0.6666667
vt -0.5833334 0.75
vt -0.5833334 0.8333334
vt -0.5416667 0.8333334
vt -0.5416667 0.75
vt -0.5833334 0.8333334
vt -0.5833334 0.9166667
vt -0.5416667 0.9166667
vt -0.5416667 0.8333334
vt -0.5833334 0.9166667
vt -0.5833334 1
vt -0.5416667 0.9166667
vt -0.625 0.08333334
vt -0.5833334 0.08333334
vt -0.5833334 0.08333334
vt -0.625 0.08333334
vt -0.625 0.1666667
vt -0.5833334 0.1666667
vt -0.5833334 0.08333334
vt -0.625 0.1666667
vt -0.625 0.25
vt -0.5833334 0.25
vt -0.5833334 0.1666667
vt -0.625 0.25
vt -0.625 0.3333333
vt -0.5833334 0.3333333
vt -0.5833334 0.25
vt -0.625 0.3333333
vt -0.625 0.4166667
vt -0.5833334 0.4166667
vt -0.5833334 0.3333333
vt -0.625 0.4166667
vt -0.625 0.5
vt -0.5833334 0.5
vt -0.5833334 0.4166667
vt -0.625 0.5
vt -0.625 0.5833334
vt -0.5833334 0.5833334
vt -0.5833334 0.5
vt -0.625 0.5833334
vt -0.625 0.6666667
vt -0.5833334 0.6666667
vt -0.5833334 0.5833334
vt -0.625 0.6666667
vt -0.625 0.75
vt -0.5833334 0.75
vt -0.5833334 0.6666667
vt -0.625 0.75
vt -0.625 0.8333334
vt -0.5833334 0.8333334
vt -0.5833334 0.75
vt -0.625 0.8333334
vt -0.625 0.9166667
vt -0.5833334 0.9166667
vt -0.5833334 0.8333334
vt -0.625 0.9166667
vt -0.625 1
vt -0.5833334 0.9166667
vt -0.6666667 0.08333334
vt -0.625 0.08333334
vt -0.625 0.08333334
vt -0.6666667 0.08333334
vt -0.6666667 0.1666667
vt -0.625 0.1666667
vt -0.625 0.08333334
vt -0.6666667 0.1666667
vt -0.6666667 0.25
vt -0.625 0.25
vt -0.625 0.1666667
vt -0.6666667 0.25
vt -0.6666667 0.3333333
vt -0.625 0.3333333
vt -0.625 0.25
vt -0.6666667 0.3333333
vt -0.6666667 0.4166667
vt -0.625 0.4166667
vt -0.625 0.3333333
vt -0.6666667 0.4166667
vt -0.6666667 0.5
vt -0.625 0.5
vt -0.625 0.4166667
vt -0.6666667 0.5
vt -0.6666667 0.5833334
vt -0.625 0.5833334
vt -0.625 0.5
vt -0.6666667 0.5833334
vt -0.6666667 0.6666667
vt -0.625 0.6666667
vt -0.625 0.5833334
vt -0.6666667 0.6666667
vt -0.6666667 0.75
vt -0.625 0.75
vt -0.625 0.6666667
vt -0.6666667 0.75
vt -0.6666667 0.8333334
vt -0.625 0.8333334
vt -0.625 0.75
vt -0.6666667 0.8333334
vt -0.6666667 0.9166667
vt -0.625 0.9166667
vt -0.625 0.8333334
vt -0.6666667 0.9166667
vt -0.6666667 1
vt -0.625 0.9166667
vt -0.7083334 0.08333334
vt -0.6666667 0.08333334
vt -0.6666667 0.08333334
vt -0.7083334 0.08333334
vt -0.7083334 0.1666667
vt -0.6666667 0.1666667
vt -0.6666667 0.08333334
vt -0.7083334 0.1666667
vt -0.7083334 0.25
vt -0.6666667 0.25
vt -0.6666667 0.1666667
vt -0.7083334 0.25
vt -0.7083334 0.3333333
vt -0.6666667 0.3333333
vt -0.6666667 0.25
vt -0.7083334 0.3333333
vt -0.7083334 0.4166667
vt -0.6666667 0.4166667
vt -0.6666667 0.3333333
vt -0.7083334 0.4166667
vt -0.7083334 0.5
vt -0.6666667 0.5
vt -0.6666667 0.4166667
vt -0.7083334 0.5
vt -0.7083334 0.5833334
vt -0.6666667 0.5833334
vt -0.6666667 0.5
vt -0.7083334 0.5833334
vt -0.7083334 0.6666667
vt -0.6666667 0.6666667
vt -0.6666667 0.5833334
vt -0.7083334 0.6666667
vt -0.7083334 0.75
vt -0.6666667 0.75
vt -0.6666667 0.6666667
vt -0.7083334 0.75
vt -0.7083334 0.8333334
vt -0.6666667 0.8333334
vt -0.6666667 0.75
vt -0.7083334 0.8333334
vt -0.7083334 0.9166667
vt -0.6666667 0.9166667
vt -0.6666667 0.8333334
vt -0.7083334 0.9166667
vt -0.7083334 1
vt -0.6666667 0.9166667
vt -0.75 0.08333334
vt -0.7083334 0.08333334
vt -0.7083334 0.08333334
vt -0.75 0.08333334
vt -0.75 0.1666667
vt -0.7083334 0.1666667
vt -0.7083334 0.08333334
vt -0.75 0.1666667
vt -0.75 0.25
vt -0.7083334 0.25
vt -0.7083334 0.1666667
vt -0.75 0.25
vt -0.75 0.3333333
vt -0.7083334 0.3333333
vt -0.7083334 0.25
vt -0.75 0.3333333
vt -0.75 0.4166667
vt -0.7083334 0.4166667
vt -0.7083334 0.3333333
vt -0.75 0.4166667
vt -0.75 0.5
vt -0.7083334 0.5
vt -0.7083334 0.4166667
vt -0.75 0.5
vt -0.75 0.5833334
vt -0.7083334 0.5833334
vt -0.7083334 0.5
vt -0.75 0.5833334
vt -0.75 0.6666667
vt -0.7083334 0.6666667
vt -0.7083334 0.5833334
vt -0.75 0.6666667
vt -0.75 0.75
vt -0.7083334 0.75
vt -0.7083334 0.6666667
vt -0.75 0.75
vt -0.75 0.8333334
vt -0.7083334 0.8333334
vt -0.7083334 0.75
vt -0.75 0.8333334
vt -0.75 0.9166667
vt -0.7083334 0.9166667
vt -0.7083334 0.8333334
vt -0.75 0.9166667
vt -0.75 1
vt -0.7083334 0.9166667
vt -0.7916667 0.08333334
vt -0.75 0.08333334
vt -0.75 0.08333334
vt -0.7916667 0.08333334
vt -0.7916667 0.1666667
vt -0.75 0.1666667
vt -0.75 0.08333334
vt -0.7916667 0.1666667
vt -0.7916667 0.25
vt -0.75 0.25
vt -0.75 0.1666667
vt -0.7916667 0.25
vt -0.7916667 0.3333333
vt -0.75 0.3333333
vt -0.75 0.25
vt -0.7916667 0.3333333
vt -0.7916667 0.4166667
vt -0.75 0.4166667
vt -0.75 0.3333333
vt -0.7916667 0.4166667
vt -0.7916667 0.5
vt -0.75 0.5
vt -0.75 0.4166667
vt -0.7916667 0.5
vt -0.7916667 0.5833334
vt -0.75 0.5833334
vt -0.75 0.5
vt -0.7916667 0.5833334
vt -0.7916667 0.6666667
vt -0.75 0.6666667
vt -0.75 0.5833334
vt -0.7916667 0.6666667
vt -0.7916667 0.75
vt -0.75 0.75
vt -0.75 0.6666667
vt -0.7916667 0.75
vt -0.7916667 0.8333334
vt -0.75 0.8333334
vt -0.75 0.75
vt -0.7916667 0.8333334
vt -0.7916667 0.9166667
vt -0.75 0.9166667
vt -0.75 0.8333334
vt -0.7916667 0.9166667
vt -0.7916667 1
vt -0.75 0.9166667
vt -0.8333334 0.08333334
vt -0.7916667 0.08333334
vt -0.7916667 0.08333334
vt -0.8333334 0.08333334
vt -0.8333334 0.1666667
vt -0.7916667 0.1666667
vt -0.7916667 0.08333334
vt -0.8333334 0.1666667
vt -0.8333334 0.25
vt -0.7916667 0.25
vt -0.7916667 0.1666667
vt -0.8333334 0.25
vt -0.8333334 0.3333333
vt -0.7916667 0.3333333
vt -0.7916667 0.25
vt -0.8333334 0.3333333
vt -0.8333334 0.4166667
vt -0.7916667 0.4166667
vt -0.7916667 0.3333333
vt -0.8333334 0.4166667
vt -0.8333334 0.5
vt -0.7916667 0.5
vt -0.7916667 0.4166667
vt -0.8333334 0.5
vt -0.8333334 0.5833334
vt -0.7916667 0.5833334
vt -0.7916667 0.5
vt -0.8333334 0.5833334
vt -0.8333334 0.6666667
vt -0.7916667 0.6666667
vt -0.7916667 0.5833334
vt -0.8333334 0.6666667
vt -0.8333334 0.75
vt -0.7916667 0.75
vt -0.7916667 0.6666667
vt -0.8333334 0.75
vt -0.8333334 0.8333334
vt -0.7916667 0.8333334
vt -0.7916667 0.75
vt -0.8333334 0.8333334
vt -0.8333334 0.9166667
vt -0.7916667 0.9166667
vt -0.7916667 0.8333334
vt -0.8333334 0.9166667
vt -0.8333334 1
vt -0.7916667 0.9166667
vt -0.875 0.08333334
vt -0.8333334 0.08333334
vt -0.8333334 0.08333334
vt -0.875 0.08333334
vt -0.875 0.1666667
vt -0.8333334 0.1666667
vt -0.8333334 0.08333334
vt -0.875 0.1666667
vt -0.875 0.25
vt -0.8333334 0.25
vt -0.8333334 0.1666667
vt -0.875 0.25
vt -0.875 0.3333333
vt -0.8333334 0.3333333
vt -0.8333334 0.25
vt -0.875 0.3333333
vt -0.875 0.4166667
vt -0.8333334 0.4166667
vt -0.8333334 0.3333333
vt -0.875 0.4166667
vt -0.875 0.5
vt -0.8333334 0.5
vt -0.8333334 0.4166667
vt -0.875 0.5
vt -0.875 0.5833334
vt -0.8333334 0.5833334
vt -0.8333334 0.5
vt -0.875 0.5833334
vt -0.875 0.6666667
vt -0.8333334 0.6666667
vt -0.8333334 0.5833334
vt -0.875 0.6666667
vt -0.875 0.75
vt -0.8333334 0.75
vt -0.8333334 0.6666667
vt -0.875 0.75
vt -0.875 0.8333334
vt -0.8333334 0.8333334
vt -0.8333334 0.75
vt -0.875 0.8333334
vt -0.875 0.9166667
vt -0.8333334 0.9166667
vt -0.8333334 0.8333334
vt -0.875 0.9166667
vt -0.875 1
vt -0.8333334 0.9166667
vt -0.9166667 0.08333334
vt -0.875 0.08333334
vt -0.875 0.08333334
vt -0.9166667 0.08333334
vt -0.9166667 0.1666667
vt -0.875 0.1666667
vt -0.875 0.08333334
vt -0.9166667 0.1666667
vt -0.9166667 0.25
vt -0.875 0.25
vt -0.875 0.1666667
vt -0.9166667 0.25
vt -0.9166667 0.3333333
vt -0.875 0.3333333
vt -0.875 0.25
vt -0.9166667 0.3333333
vt -0.9166667 0.4166667
vt -0.875 0.4166667
vt -0.875 0.3333333
vt -0.9166667 0.4166667
vt -0.9166667 0.5
vt -0.875 0.5
vt -0.875 0.4166667
vt -0.9166667 0.5
vt -0.9166667 0.5833334
vt -0.875 0.5833334
vt -0.875 0.5
vt -0.9166667 0.5833334
vt -0.9166667 0.6666667
vt -0.875 0.6666667
vt -0.875 0.5833334
vt -0.9166667 0.6666667
vt -0.9166667 0.75
vt -0.875 0.75
vt -0.875 0.6666667
vt -0.9166667 0.75
vt -0.9166667 0.8333334
vt -0.875 0.8333334
vt -0.875 0.75
vt -0.9166667 0.8333334
vt -0.9166667 0.9166667
vt -0.875 0.9166667
vt -0.875 0.8333334
vt -0.9166667 0.9166667
vt -0.9166667 1
vt -0.875 0.9166667
vt -0.9583334 0.08333334
vt -0.9166667 0.08333334
vt -0.9166667 0.08333334
vt -0.9583334 0.08333334
vt -0.9583334 0.1666667
vt -0.9166667 0.1666667
vt -0.9166667 0.08333334
vt -0.9583334 0.1666667
vt -0.9583334 0.25
vt -0.9166667 0.25
vt -0.9166667 0.1666667
vt -0.9583334 0.25
vt -0.9583334 0.3333333
vt -0.9166667 0.3333333
vt -0.9166667 0.25
vt -0.9583334 0.3333333
vt -0.9583334 0.4166667
vt -0.9166667 0.4166667
vt -0.9166667 0.3333333
vt -0.9583334 0.4166667
vt -0.9583334 0.5
vt -0.9166667 0.5
vt -0.9166667 0.4166667
vt -0.9583334 0.5
vt -0.9583334 0.5833334
vt -0.9166667 0.5833334
vt -0.9166667 0.5
vt -0.9583334 0.5833334
vt -0.9583334 0.6666667
vt -0.9166667 0.6666667
vt -0.9166667 0.5833334
vt -0.9583334 0.6666667
vt -0.9583334 0.75
vt -0.9166667 0.75
vt -0.9166667 0.6666667
vt -0.9583334 0.75
vt -0.9583334 0.8333334
vt -0.9166667 0.8333334
vt -0.9166667 0.75
vt -0.9583334 0.8333334
vt -0.9583334 0.9166667
vt -0.9166667 0.9166667
vt -0.9166667 0.8333334
vt -0.9583334 0.9166667
vt -0.9583334 1
vt -0.9166667 0.9166667
vt -1 0.08333334
vt -0.9583334 0.08333334
vt -0.9583334 0.08333334
vt -1 0.08333334
vt -1 0.1666667
vt -0.9583334 0.1666667
vt -0.9583334 0.08333334
vt -1 0.1666667
vt -1 0.25
vt -0.9583334 0.25
vt -0.9583334 0.1666667
vt -1 0.25
vt -1 0.3333333
vt -0.9583334 0.3333333
vt -0.9583334 0.25
vt -1 0.3333333
vt -1 0.4166667
vt -0.9583334 0.4166667
vt -0.9583334 0.3333333
vt -1 0.4166667
vt -1 0.5
vt -0.9583334 0.5
vt -0.9583334 0.4166667
vt -1 0.5
vt -1 0.5833334
vt -0.9583334 0.5833334
vt -0.9583334 0.5
vt -1 0.5833334
vt -1 0.6666667
vt -0.9583334 0.6666667
vt -0.9583334 0.5833334
vt -1 0.6666667
vt -1 0.75
vt -0.9583334 0.75
vt -0.9583334 0.6666667
vt -1 0.75
vt -1 0.8333334
vt -0.9583334 0.8333334
vt -0.9583334 0.75
vt -1 0.8333334
vt -1 0.9166667
vt -0.9583334 0.9166667
vt -0.9583334 0.8333334
vt -1 0.9166667
vt -1 1
vt -0.9583334 0.9166667
usemtl Material
f 1107/1107/1107 1106/1106/1106 1105/1105/1105
f 1110/1110/1110 1109/1109/1109 1108/1108/1108
f 1110/1110/1110 1108/1108/1108 1111/1111/1111
f 1114/1114/1114 1113/1113/1113 1112/1112/1112
f 1114/1114/1114 1112/1112/1112 1115/1115/1115
f 1118/1118/1118 1117/1117/1117 1116/1116/1116
f 1118/1118/1118 1116/1116/1116 1119/1119/1119
f 1122/1122/1122 1121/1121/1121 1120/1120/1120
f 1122/1122/1122 1120/1120/1120 1123/1123/1123
f 1126/1126/1126 1125/1125/1125 1124/1124/1124
f 1126/1126/1126 1124/1124/1124 1127/1127/1127
f 1130/1130/1130 1129/1129/1129 1128/1128/1128
f 1130/1130/1130 1128/1128/1128 1131/1131/1131
f 1134/1134/1134 1133/1133/1133 1132/1132/1132
f 1134/1134/1134 1132/1132/1132 1135/1135/1135
f 1138/1138/1138 1137/1137/1137 1136/1136/1136
f 1138/1138/1138 1136/1136/1136 1139/1139/1139
f 1142/1142/1142 1141/1141/1141 1140/1140/1140
f 1142/1142/1142 1140/1140/1140 1143/1143/1143
f 1146/1146/1146 1145/1145/1145 1144/1144/1144
f 1146/1146/1146 1144/1144/1144 1147/1147/1147
f 1150/1150/1150 1149/1149/1149 1148/1148/1148
f 1153/1153/1153 1152/1152/1152 1151/1151/1151
f 1156/1156/1156 1155/1155/1155 1154/1154/1154
f 1156/1156/1156 1154/1154/1154 1157/1157/1157
f 1160/1160/1160 1159/1159/1159 1158/1158/1158
f 1160/1160/1160 1158/1158/1158 1161/1161/1161
f 1164/1164/1164 1163/1163/1163 1162/1162/1162
f 1164/1164/1164 1162/1162/1162 1165/1165/1165
f 1168/1168/1168 1167/1167/1167 1166/1166/1166
f 1168/1168/1168 1166/1166/1166 1169/1169/1169
f 1172/1172/1172 1171/1171/1171 1170/1170/1170
f 1172/1172/1172 1170/1170/1170 1173/1173/1173
f 1176/1176/1176 1175/1175/1175 1174/1174/1174
f 1176/1176/1176 1174/1174/1174 1177/1177/1177
f 1180/1180/1180 1179/1179/1179 1178/1178/1178
f 1180/1180/1180 1178/1178/1178 1181/1181/1181
f 1184/1184/1184 1183/1183/1183 1182/1182/1182
f 1184/1184/1184 1182/1182/1182 1185/1185/1185
f 1188/1188/1188 1187/1187/1187 1186/1186/1186
f 1188/1188/1188 1186/1186/1186 1189/1189/1189
f 1192/1192/1192 1191/1191/1191 1190/1190/1190
f 1192/1192/1192 1190/1190/1190 1193/1193/1193
f 1196/1196/1196 1195/1195/1195 1194/1194/1194
f 1199/1199/1199 1198/1198/1198 1197/1197/1197
f 1202/1202/1202 1201/1201/1201 1200/1200/1200
f 1202/1202/1202 1200/1200/1200 1203/1203/1203
f 1206/1206/1206 1205/1205/1205 1204/1204/1204
f 1206/1206/1206 1204/1204/1204 1207/1207/1207
f 1210/1210/1210 1209/1209/1209 1208/1208/1208
f 1210/1210/1210 1208/1208/1208 1211/1211/1211
f 1214/1214/1214 1213/1213/1213 1212/1212/1212
f 1214/1214/1214 1212/1212/1212 1215/1215/1215
f 1218/1218/1218 1217/1217/1217 1216/1216/1216
f 1218/1218/1218 1216/1216/1216 1219/1219/1219
f 1222/1222/1222 1221/1221/1221 1220/1220/1220
f 1222/1222/1222 1220/1220/1220 1223/1223/1223
f 1226/1226/1226 1225/1225/1225 1224/1224/1224
f 1226/1226/1226 1224/1224/1224 1227/1227/1227
f 1230/1230/1230 1229/1229/1229 1228/1228/1228
f 1230/1230/1230 1228/1228/1228 1231/1231/1231
f 1234/1234/1234 1233/1233/1233 1232/1232/1232
f 1234/1234/1234 1232/1232/1232 1235/1235/1235
f 1238/1238/1238 1237/1237/1237 1236/1236/1236
f 1238/1238/1238 1236/1236/1236 1239/1239/1239
f 1242/1242/1242 1241/1241/1241 1240/1240/1240
f 1245/1245/1245 1244/1244/1244 1243/1243/1243
f 1248/1248/1248 1247/1247/1247 1246/1246/1246
f 1248/1248/1248 1246/1246/1246 1249/1249/1249
f 1252/1252/1252 1251/1251/1251 1250/1250/1250
f 1252/1252/1252 1250/1250/1250 1253/1253/1253
f 1256/1256/1256 1255/1255/1255 1254/1254/1254
f 1256/1256/1256 1254/1254/1254 1257/1257/1257
f 1260/1260/1260 1259/1259/1259 1258/1258/1258
f 1260/1260/1260 1258/1258/1258 1261/1261/1261
f 1264/1264/1264 1263/1263/1263 1262/1262/1262
f 1264/1264/1264 1262/1262/1262 1265/1265/1265
f 1268/1268/1268 1267/1267/1267 1266/1266/1266
f 1268/1268/1268 1266/1266/1266 1269/1269/1269
f 1272/1272/1272 1271/1271/1271 1270/1270/1270
f 1272/1272/1272 1270/1270/1270 1273/1273/1273
f 1276/1276/1276 1275/1275/1275 1274/1274/1274
f 1276/1276/1276 1274/1274/1274 1277/1277/1277
f 1280/1280/1280 1279/1279/1279 1278/1278/1278
f 1280/1280/1280 1278/1278/1278 1281/1281/1281
f 1284/1284/1284 1283/1283/1283 1282/1282/1282
f 1284/1284/1284 1282/1282/1282 1285/1285/1285
f 1288/1288/1288 1287/1287/1287 1286/1286/1286
f 1291/1291/1291 1290/1290/1290 1289/1289/1289
f 1294/1294/1294 1293/1293/1293 1292/1292/1292
f 1294/1294/1294 1292/1292/1292 1295/1295/1295
f 1298/1298/1298 1297/1297/1297 1296/1296/1296
f 1298/1298/1298 1296/1296/1296 1299/1299/1299
f 1302/1302/1302 1301/1301/1301 1300/1300/1300
f 1302/1302/1302 1300/1300/1300 1303/1303/1303
f 1306/1306/1306 1305/1305/1305 1304/1304/1304
f 1306/1306/1306 1304/1304/1304 1307/1307/1307
f 1310/1310/1310 1309/1309/1309 1308/1308/1308
f 1310/1310/1310 1308/1308/1308 1311/1311/1311
f 1314/1314/1314 1313/1313/1313 1312/1312/1312
f 1314/1314/1314 1312/1312/1312 1315/1315/1315
f 1318/1318/1318 1317/1317/1317 1316/1316/1316
f 1318/1318/1318 1316/1316/1316 1319/1319/1319
f 1322/1322/1322 1321/1321/1321 1320/1320/1320
f 1322/1322/1322 1320/1320/1320 1323/1323/1323
f 1326/1326/1326 1325/1325/1325 1324/1324/1324
f 1326/1326/1326 1324/1324/1324 1327/1327/1327
f 1330/1330/1330 1329/1329/1329 1328/1328/1328
f 1330/1330/1330 1328/1328/1328 1331/1331/1331
f 1334/1334/1334 1333/1333/1333 1332/1332/1332
f 1337/1337/1337 1336/1336/1336 1335/1335/1335
f 1340/1340/1340 1339/1339/1339 1338/1338/1338
f 1340/1340/1340 1338/1338/1338 1341/1341/1341
f 1344/1344/1344 1343/1343/1343 1342/1342/1342
f 1344/1344/1344 1342/1342/1342 1345/1345/1345
f 1348/1348/1348 1347/1347/1347 1346/1346/1346
f 1348/1348/1348 1346/1346/1346 1349/1349/1349
f 1352/1352/1352 1351/1351/1351 1350/1350/1350
f 1352/1352/1352 1350/1350/1350 1353/1353/1353
f 1356/1356/1356 1355/1355/1355 1354/1354/1354
f 1356/1356/1356 1354/1354/1354 1357/1357/1357
f 1360/1360/1360 1359/1359/1359 1358/1358/1358
f 1360/1360/1360 1358/1358/1358 1361/1361/1361
f 1364/1364/1364 1363/1363/1363 1362/1362/1362
f 1364/1364/1364 1362/1362/1362 1365/1365/1365
f 1368/1368/1368 1367/1367/1367 1366/1366/1366
f 1368/1368/1368 1366/1366/1366 1369/1369/1369
f 1372/1372/1372 1371/1371/1371 1370/1370/1370
f 1372/1372/1372 1370/1370/1370 1373/1373/1373
f 1376/1376/1376 1375/1375/1375 1374/1374/1374
f 1376/1376/1376 1374/1374/1374 1377/1377/1377
f 1380/1380/1380 1379/1379/1379 1378/1378/1378
f 1383/1383/1383 1382/1382/1382 1381/1381/1381
f 1386/1386/1386 1385/1385/1385 1384/1384/1384
f 1386/1386/1386 1384/1384/1384 1387/1387/1387
f 1390/1390/1390 1389/1389/1389 1388/1388/1388
f 1390/1390/1390 1388/1388/1388 1391/1391/1391
f 1394/1394/1394 1393/1393/1393 1392/1392/1392
f 1394/1394/1394 1392/1392/1392 1395/1395/1395
f 1398/1398/1398 1397/1397/1397 1396/1396/1396
f 1398/1398/1398 1396/1396/1396 1399/1399/1399
f 1402/1402/1402 1401/1401/1401 1400/1400/1400
f 1402/1402/1402 1400/1400/1400 1403/1403/1403
f 1406/1406/1406 1405/1405/1405 1404/1404/1404
f 1406/1406/1406 1404/1404/1404 1407/1407/1407
f 1410/1410/1410 1409/1409/1409 1408/1408/1408
f 1410/1410/1410 1408/1408/1408 1411/1411/1411
f 1414/1414/1414 1413/1413/1413 1412/1412/1412
f 1414/1414/1414 1412/1412/1412 1415/1415/1415
f 1418/1418/1418 1417/1417/1417 1416/1416/1416
f 1418/1418/1418 1416/1416/1416 1419/1419/1419
f 1422/1422/1422 1421/1421/1421 1420/1420/1420
f 1422/1422/1422 1420/1420/1420 1423/1423/1423
f 1426/1426/1426 1425/1425/1425 1424/1424/1424
f 1429/1429/1429 1428/1428/1428 1427/1427/1427
f 1432/1432/1432 1431/1431/1431 1430/1430/1430
f 1432/1432/1432 1430/1430/1430 1433/1433/1433
f 1436/1436/1436 1435/1435/1435 1434/1434/1434
f 1436/1436/1436 1434/1434/1434 1437/1437/1437
f 1440/1440/1440 1439/1439/1439 1438/1438/1438
f 1440/1440/1440 1438/1438/1438 1441/1441/1441
f 1444/1444/1444 1443/1443/1443 1442/1442/1442
f 1444/1444/1444 1442/1442/1442 1445/1445/1445
f 1448/1448/1448 1447/1447/1447 1446/1446/1446
f 1448/1448/1448 1446/1446/1446 1449/1449/1449
f 1452/1452/1452 1451/1451/1451 1450/1450/1450
f 1452/1452/1452 1450/1450/1450 1453/1453/1453
f 1456/1456/1456 1455/1455/1455 1454/1454/1454
f 1456/1456/1456 1454/1454/1454 1457/1457/1457
f 1460/1460/1460 1459/1459/1459 1458/1458/1458
f 1460/1460/1460 1458/1458/1458 1461/1461/1461
f 1464/1464/1464 1463/1463/1463 1462/1462/1462
f 1464/1464/1464 1462/1462/1462 1465/1465/1465
f 1468/1468/1468 1467/1467/1467 1466/1466/1466
f 1468/1468/1468 1466/1466/1466 1469/1469/1469
f 1472/1472/1472 1471/1471/1471 1470/1470/1470
f 1475/1475/1475 1474/1474/1474 1473/1473/1473
f 1478/1478/1478 1477/1477/1477 1476/1476/1476
f 1478/1478/1478 1476/1476/1476 1479/1479/1479
f 1482/1482/1482 1481/1481/1481 1480/1480/1480
f 1482/1482/1482 1480/1480/1480 1483/1483/1483
f 1486/1486/1486 1485/1485/1485 1484/1484/1484
f 1486/1486/1486 1484/1484/1484 1487/1487/1487
f 1490/1490/1490 1489/1489/1489 1488/1488/1488
f 1490/1490/1490 1488/1488/1488 1491/1491/1491
f 1494/1494/1494 1493/1493/1493 1492/1492/1492
f 1494/1494/1494 1492/1492/1492 1495/1495/1495
f 1498/1498/1498 1497/1497/1497 1496/1496/1496
f 1498/1498/1498 1496/1496/1496 1499/1499/1499
f 1502/1502/1502 1501/1501/1501 1500/1500/1500
f 1502/1502/1502 1500/1500/1500 1503/1503/1503
f 1506/1506/1506 1505/1505/1505 1504/1504/1504
f 1506/1506/1506 1504/1504/1504 1507/1507/1507
f 1510/1510/1510 1509/1509/1509 1508/1508/1508
f 1510/1510/1510 1508/1508/1508 1511/1511/1511
f 1514/1514/1514 1513/1513/1513 1512/1512/1512
f 1514/1514/1514 1512/1512/1512 1515/1515/1515
f 1518/1518/1518 1517/1517/1517 1516/1516/1516
f 1521/1521/1521 1520/1520/1520 1519/1519/1519
f 1524/1524/1524 1523/1523/1523 1522/1522/1522
f 1524/1524/1524 1522/1522/1522 1525/1525/1525
f 1528/1528/1528 1527/1527/1527 1526/1526/1526
f 1528/1528/1528 1526/1526/1526 1529/1529/1529
f 1532/1532/1532 1531/1531/1531 1530/1530/1530
f 1532/1532/1532 1530/1530/1530 1533/1533/1533
f 1536/1536/1536 1535/1535/1535 1534/1534/1534
f 1536/1536/1536 1534/1534/1534 1537/1537/1537
f 1540/1540/1540 1539/1539/1539 1538/1538/1538
f 1540/1540/1540 1538/1538/1538 1541/1541/1541
f 1544/1544/1544 1543/1543/1543 1542/1542/1542
f 1544/1544/1544 1542/1542/1542 1545/1545/1545
f 1548/1548/1548 1547/1547/1547 1546/1546/1546
f 1548/1548/1548 1546/1546/1546 1549/1549/1549
f 1552/1552/1552 1551/1551/1551 1550/1550/1550
f 1552/1552/1552 1550/1550/1550 1553/1553/1553
f 1556/1556/1556 1555/1555/1555 1554/1554/1554
f 1556/1556/1556 1554/1554/1554 1557/1557/1557
f 1560/1560/1560 1559/1559/1559 1558/1558/1558
f 1560/1560/1560 1558/1558/1558 1561/1561/1561
f 1564/1564/1564 1563/1563/1563 1562/1562/1562
f 1567/1567/1567 1566/1566/1566 1565/1565/1565
f 1570/1570/1570 1569/1569/1569 1568/1568/1568
f 1570/1570/1570 1568/1568/1568 1571/1571/1571
f 1574/1574/1574 1573/1573/1573 1572/1572/1572
f 1574/1574/1574 1572/1572/1572 1575/1575/1575
f 1578/1578/1578 1577/1577/1577 1576/1576/1576
f 1578/1578/1578 1576/1576/1576 1579/1579/1579
f 1582/1582/1582 1581/1581/1581 1580/1580/1580
f 1582/1582/1582 1580/1580/1580 1583/1583/1583
f 1586/1586/1586 1585/1585/1585 1584/1584/1584
f 1586/1586/1586 1584/1584/1584 1587/1587/1587
f 1590/1590/1590 1589/1589/1589 1588/1588/1588
f 1590/1590/1590 1588/1588/1588 1591/1591/1591
f 1594/1594/1594 1593/1593/1593 1592/1592/1592
f 1594/1594/1594 1592/1592/1592 1595/1595/1595
f 1598/1598/1598 1597/1597/1597 1596/1596/1596
f 1598/1598/1598 1596/1596/1596 1599/1599/1599
f 1602/1602/1602 1601/1601/1601 1600/1600/1600
f 1602/1602/1602 1600/1600/1600 1603/1603/1603
f 1606/1606/1606 1605/1605/1605 1604/1604/1604
f 1606/1606/1606 1604/1604/1604 1607/1607/1607
f 1610/1610/1610 1609/1609/1609 1608/1608/1608
f 1613/1613/1613 1612/1612/1612 1611/1611/1611
f 1616/1616/1616 1615/1615/1615 1614/1614/1614
f 1616/1616/1616 1614/1614/1614 1617/1617/1617
f 1620/1620/1620 1619/1619/1619 1618/1618/1618
f 1620/1620/1620 1618/1618/1618 1621/1621/1621
f 1624/1624/1624 1623/1623/1623 1622/1622/1622
f 1624/1624/1624 1622/1622/1622 1625/1625/1625
f 1628/1628/1628 1627/1627/1627 1626/1626/1626
f 1628/1628/1628 1626/1626/1626 1629/1629/1629
f 1632/1632/1632 1631/1631/1631 1630/1630/1630
f 1632/1632/1632 1630/1630/1630 1633/1633/1633
f 1636/1636/1636 1635/1635/1635 1634/1634/1634
f 1636/1636/1636 1634/1634/1634 1637/1637/1637
f 1640/1640/1640 1639/1639/1639 1638/1638/1638
f 1640/1640/1640 1638/1638/1638 1641/1641/1641
f 1644/1644/1644 1643/1643/1643 1642/1642/1642
f 1644/1644/1644 1642/1642/1642 1645/1645/1645
f 1648/1648/1648 1647/1647/1647 1646/1646/1646
f 1648/1648/1648 1646/1646/1646 1649/1649/1649
f 1652/1652/1652 1651/1651/1651 1650/1650/1650
f 1652/1652/1652 1650/1650/1650 1653/1653/1653
f 1656/1656/1656 1655/1655/1655 1654/1654/1654
f 1659/1659/1659 1658/1658/1658 1657/1657/1657
f 1662/1662/1662 1661/1661/1661 1660/1660/1660
f 1662/1662/1662 1660/1660/1660 1663/1663/1663
f 1666/1666/1666 1665/1665/1665 1664/1664/1664
f 1666/1666/1666 1664/1664/1664 1667/1667/1667
f 1670/1670/1670 1669/1669/1669 1668/1668/1668
f 1670/1670/1670 1668/1668/1668 1671/1671/1671
f 1674/1674/1674 1673/1673/1673 1672/1672/1672
f 1674/1674/1674 1672/1672/1672 1675/1675/1675
f 1678/1678/1678 1677/1677/1677 1676/1676/1676
f 1678/1678/1678 1676/1676/1676 1679/1679/1679
f 1682/1682/1682 1681/1681/1681 1680/1680/1680
f 1682/1682/1682 1680/1680/1680 1683/1683/1683
f 1686/1686/1686 1685/1685/1685 1684/1684/1684
f 1686/1686/1686 1684/1684/1684 1687/1687/1687
f 1690/1690/1690 1689/1689/1689 1688/1688/1688
f 1690/1690/1690 1688/1688/1688 1691/1691/1691
f 1694/1694/1694 1693/1693/1693 1692/1692/1692
f 1694/1694/1694 1692/1692/1692 1695/1695/1695
f 1698/1698/1698 1697/1697/1697 1696/1696/1696
f 1698/1698/1698 1696/1696/1696 1699/1699/1699
f 1702/1702/1702 1701/1701/1701 1700/1700/1700
f 1705/1705/1705 1704/1704/1704 1703/1703/1703
f 1708/1708/1708 1707/1707/1707 1706/1706/1706
f 1708/1708/1708 1706/1706/1706 1709/1709/1709
f 1712/1712/1712 1711/1711/1711 1710/1710/1710
f 1712/1712/1712 1710/1710/1710 1713/1713/1713
f 1716/1716/1716 1715/1715/1715 1714/1714/1714
f 1716/1716/1716 1714/1714/1714 1717/1717/1717
f 1720/1720/1720 1719/1719/1719 1718/1718/1718
f 1720/1720/1720 1718/1718/1718 1721/1721/1721
f 1724/1724/1724 1723/1723/1723 1722/1722/1722
f 1724/1724/1724 1722/1722/1722 1725/1725/1725
f 1728/1728/1728 1727/1727/1727 1726/1726/1726
f 1728/1728/1728 1726/1726/1726 1729/1729/1729
f 1732/1732/1732 1731/1731/1731 1730/1730/1730
f 1732/1732/1732 1730/1730/1730 1733/1733/1733
f 1736/1736/1736 1735/1735/1735 1734/1734/1734
f 1736/1736/1736 1734/1734/1734 1737/1737/1737
f 1740/1740/1740 1739/1739/1739 1738/1738/1738
f 1740/1740/1740 1738/1738/1738 1741/1741/1741
f 1744/1744/1744 1743/1743/1743 1742/1742/1742
f 1744/1744/1744 1742/1742/1742 1745/1745/1745
f 1748/1748/1748 1747/1747/1747 1746/1746/1746
f 1751/1751/1751 1750/1750/1750 1749/1749/1749
f 1754/1754/1754 1753/1753/1753 1752/1752/1752
f 1754/1754/1754 1752/1752/1752 1755/1755/1755
f 1758/1758/1758 1757/1757/1757 1756/1756/1756
f 1758/1758/1758 1756/1756/1756 1759/1759/1759
f 1762/1762/1762 1761/1761/1761 1760/1760/1760
f 1762/1762/1762 1760/1760/1760 1763/1763/1763
f 1766/1766/1766 1765/1765/1765 1764/1764/1764
f 1766/1766/1766 1764/1764/1764 1767/1767/1767
f 1770/1770/1770 1769/1769/1769 1768/1768/1768
f 1770/1770/1770 1768/1768/1768 1771/1771/1771
f 1774/1774/1774 1773/1773/1773 1772/1772/1772
f 1774/1774/1774 1772/1772/1772 1775/1775/1775
f 1778/1778/1778 1777/1777/1777 1776/1776/1776
f 1778/1778/1778 1776/1776/1776 1779/1779/1779
f 1782/1782/1782 1781/1781/1781 1780/1780/1780
f 1782/1782/1782 1780/1780/1780 1783/1783/1783
f 1786/1786/1786 1785/1785/1785 1784/1784/1784
f 1786/1786/1786 1784/1784/1784 1787/1787/1787
f 1790/1790/1790 1789/1789/1789 1788/1788/1788
f 1790/1790/1790 1788/1788/1788 1791/1791/1791
f 1794/1794/1794 1793/1793/1793 1792/1792/1792
f 1797/1797/1797 1796/1796/1796 1795/1795/1795
f 1800/1800/1800 1799/1799/1799 1798/1798/1798
f 1800/1800/1800 1798/1798/1798 1801/1801/1801
f 1804/1804/1804 1803/1803/1803 1802/1802/1802
f 1804/1804/1804 1802/1802/1802 1805/1805/1805
f 1808/1808/1808 1807/1807/1807 1806/1806/1806
f 1808/1808/1808 1806/1806/1806 1809/1809/1809
f 1812/1812/1812 1811/1811/1811 1810/1810/1810
f 1812/1812/1812 1810/1810/1810 1813/1813/1813
f 1816/1816/1816 1815/1815/1815 1814/1814/1814
f 1816/1816/1816 1814/1814/1814 1817/1817/1817
f 1820/1820/1820 1819/1819/1819 1818/1818/1818
f 1820/1820/1820 1818/1818/1818 1821/1821/1821
f 1824/1824/1824 1823/1823/1823 1822/1822/1822
f 1824/1824/1824 1822/1822/1822 1825/1825/1825
f 1828/1828/1828 1827/1827/1827 1826/1826/1826
f 1828/1828/1828 1826/1826/1826 1829/1829/1829
f 1832/1832/1832 1831/1831/1831 1830/1830/1830
f 1832/1832/1832 1830/1830/1830 1833/1833/1833
f 1836/1836/1836 1835/1835/1835 1834/1834/1834
f 1836/1836/1836 1834/1834/1834 1837/1837/1837
f 1840/1840/1840 1839/1839/1839 1838/1838/1838
f 1843/1843/1843 1842/1842/1842 1841/1841/1841
f 1846/1846/1846 1845/1845/1845 1844/1844/1844
f 1846/1846/1846 1844/1844/1844 1847/1847/1847
f 1850/1850/1850 1849/1849/1849 1848/1848/1848
f 1850/1850/1850 1848/1848/1848 1851/1851/1851
f 1854/1854/1854 1853/1853/1853 1852/1852/1852
f 1854/1854/1854 1852/1852/1852 1855/1855/1855
f 1858/1858/1858 1857/1857/1857 1856/1856/1856
f 1858/1858/1858 1856/1856/1856 1859/1859/1859
f 1862/1862/1862 1861/1861/1861 1860/1860/1860
f 1862/1862/1862 1860/1860/1860 1863/1863/1863
f 1866/1866/1866 1865/1865/1865 1864/1864/1864
f 1866/1866/1866 1864/1864/1864 1867/1867/1867
f 1870/1870/1870 1869/1869/1869 1868/1868/1868
f 1870/1870/1870 1868/1868/1868 1871/1871/1871
f 1874/1874/1874 1873/1873/1873 1872/1872/1872
f 1874/1874/1874 1872/1872/1872 1875/1875/1875
f 1878/1878/1878 1877/1877/1877 1876/1876/1876
f 1878/1878/1878 1876/1876/1876 1879/1879/1879
f 1882/1882/1882 1881/1881/1881 1880/1880/1880
f 1882/1882/1882 1880/1880/1880 1883/1883/1883
f 1886/1886/1886 1885/1885/1885 1884/1884/1884
f 1889/1889/1889 1888/1888/1888 1887/1887/1887
f 1892/1892/1892 1891/1891/1891 1890/1890/1890
f 1892/1892/1892 1890/1890/1890 1893/1893/1893
f 1896/1896/1896 1895/1895/1895 1894/1894/1894
f 1896/1896/1896 1894/1894/1894 1897/1897/1897
f 1900/1900/1900 1899/1899/1899 1898/1898/1898
f 1900/1900/1900 1898/1898/1898 1901/1901/1901
f 1904/1904/1904 1903/1903/1903 1902/1902/1902
f 1904/1904/1904 1902/1902/1902 1905/1905/1905
f 1908/1908/1908 1907/1907/1907 1906/1906/1906
f 1908/1908/1908 1906/1906/1906 1909/1909/1909
f 1912/1912/1912 1911/1911/1911 1910/1910/1910
f 1912/1912/1912 1910/1910/1910 1913/1913/1913
f 1916/1916/1916 1915/1915/1915 1914/1914/1914
f 1916/1916/1916 1914/1914/1914 1917/1917/1917
f 1920/1920/1920 1919/1919/1919 1918/1918/1918
f 1920/1920/1920 1918/1918/1918 1921/1921/1921
f 1924/1924/1924 1923/1923/1923 1922/1922/1922
f 1924/1924/1924 1922/1922/1922 1925/1925/1925
f 1928/1928/1928 1927/1927/1927 1926/1926/1926
f 1928/1928/1928 1926/1926/1926 1929/1929/1929
f 1932/1932/1932 1931/1931/1931 1930/1930/1930
f 1935/1935/1935 1934/1934/1934 1933/1933/1933
f 1938/1938/1938 1937/1937/1937 1936/1936/1936
f 1938/1938/1938 1936/1936/1936 1939/1939/1939
f 1942/1942/1942 1941/1941/1941 1940/1940/1940
f 1942/1942/1942 1940/1940/1940 1943/1943/1943
f 1946/1946/1946 1945/1945/1945 1944/1944/1944
f 1946/1946/1946 1944/1944/1944 1947/1947/1947
f 1950/1950/1950 1949/1949/1949 1948/1948/1948
f 1950/1950/1950 1948/1948/1948 1951/1951/1951
f 1954/1954/1954 1953/1953/1953 1952/1952/1952
f 1954/1954/1954 1952/1952/1952 1955/1955/1955
f 1958/1958/1958 1957/1957/1957 1956/1956/1956
f 1958/1958/1958 1956/1956/1956 1959/1959/1959
f 1962/1962/1962 1961/1961/1961 1960/1960/1960
f 1962/1962/1962 1960/1960/1960 1963/1963/1963
f 1966/1966/1966 1965/1965/1965 1964/1964/1964
f 1966/1966/1966 1964/1964/1964 1967/1967/1967
f 1970/1970/1970 1969/1969/1969 1968/1968/1968
f 1970/1970/1970 1968/1968/1968 1971/1971/1971
f 1974/1974/1974 1973/1973/1973 1972/1972/1972
f 1974/1974/1974 1972/1972/1972 1975/1975/1975
f 1978/1978/1978 1977/1977/1977 1976/1976/1976
f 1981/1981/1981 1980/1980/1980 1979/1979/1979
f 1984/1984/1984 1983/1983/1983 1982/1982/1982
f 1984/1984/1984 1982/1982/1982 1985/1985/1985
f 1988/1988/1988 1987/1987/1987 1986/1986/1986
f 1988/1988/1988 1986/1986/1986 1989/1989/1989
f 1992/1992/1992 1991/1991/1991 1990/1990/1990
f 1992/1992/1992 1990/1990/1990 1993/1993/1993
f 1996/1996/1996 1995/1995/1995 1994/1994/1994
f 1996/1996/1996 1994/1994/1994 1997/1997/1997
f 2000/2000/2000 1999/1999/1999 1998/1998/1998
f 2000/2000/2000 1998/1998/1998 2001/2001/2001
f 2004/2004/2004 2003/2003/2003 2002/2002/2002
f 2004/2004/2004 2002/2002/2002 2005/2005/2005
f 2008/2008/2008 2007/2007/2007 2006/2006/2006
f 2008/2008/2008 2006/2006/2006 2009/2009/2009
f 2012/2012/2012 2011/2011/2011 2010/2010/2010
f 2012/2012/2012 2010/2010/2010 2013/2013/2013
f 2016/2016/2016 2015/2015/2015 2014/2014/2014
f 2016/2016/2016 2014/2014/2014 2017/2017/2017
f 2020/2020/2020 2019/2019/2019 2018/2018/2018
f 2020/2020/2020 2018/2018/2018 2021/2021/2021
f 2024/2024/2024 2023/2023/2023 2022/2022/2022
f 2027/2027/2027 2026/2026/2026 2025/2025/2025
f 2030/2030/2030 2029/2029/2029 2028/2028/2028
f 2030/2030/2030 2028/2028/2028 2031/2031/2031
f 2034/2034/2034 2033/2033/2033 2032/2032/2032
f 2034/2034/2034 2032/2032/2032 2035/2035/2035
f 2038/2038/2038 2037/2037/2037 2036/2036/2036
f 2038/2038/2038 2036/2036/2036 2039/2039/2039
f 2042/2042/2042 2041/2041/2041 2040/2040/2040
f 2042/2042/2042 2040/2040/2040 2043/2043/2043
f 2046/2046/2046 2045/2045/2045 2044/2044/2044
f 2046/2046/2046 2044/2044/2044 2047/2047/2047
f 2050/2050/2050 2049/2049/2049 2048/2048/2048
f 2050/2050/2050 2048/2048/2048 2051/2051/2051
f 2054/2054/2054 2053/2053/2053 2052/2052/2052
f 2054/2054/2054 2052/2052/2052 2055/2055/2055
f 2058/2058/2058 2057/2057/2057 2056/2056/2056
f 2058/2058/2058 2056/2056/2056 2059/2059/2059
f 2062/2062/2062 2061/2061/2061 2060/2060/2060
f 2062/2062/2062 2060/2060/2060 2063/2063/2063
f 2066/2066/2066 2065/2065/2065 2064/2064/2064
f 2066/2066/2066 2064/2064/2064 2067/2067/2067
f 2070/2070/2070 2069/2069/2069 2068/2068/2068
f 2073/2073/2073 2072/2072/2072 2071/2071/2071
f 2076/2076/2076 2075/2075/2075 2074/2074/2074
f 2076/2076/2076 2074/2074/2074 2077/2077/2077
f 2080/2080/2080 2079/2079/2079 2078/2078/2078
f 2080/2080/2080 2078/2078/2078 2081/2081/2081
f 2084/2084/2084 2083/2083/2083 2082/2082/2082
f 2084/2084/2084 2082/2082/2082 2085/2085/2085
f 2088/2088/2088 2087/2087/2087 2086/2086/2086
f 2088/2088/2088 2086/2086/2086 2089/2089/2089
f 2092/2092/2092 2091/2091/2091 2090/2090/2090
f 2092/2092/2092 2090/2090/2090 2093/2093/2093
f 2096/2096/2096 2095/2095/2095 2094/2094/2094
f 2096/2096/2096 2094/2094/2094 2097/2097/2097
f 2100/2100/2100 2099/2099/2099 2098/2098/2098
f 2100/2100/2100 2098/2098/2098 2101/2101/2101
f 2104/2104/2104 2103/2103/2103 2102/2102/2102
f 2104/2104/2104 2102/2102/2102 2105/2105/2105
f 2108/2108/2108 2107/2107/2107 2106/2106/2106
f 2108/2108/2108 2106/2106/2106 2109/2109/2109
f 2112/2112/2112 2111/2111/2111 2110/2110/2110
f 2112/2112/2112 2110/2110/2110 2113/2113/2113
f 2116/2116/2116 2115/2115/2115 2114/2114/2114
f 2119/2119/2119 2118/2118/2118 2117/2117/2117
f 2122/2122/2122 2121/2121/2121 2120/2120/2120
f 2122/2122/2122 2120/2120/2120 2123/2123/2123
f 2126/2126/2126 2125/2125/2125 2124/2124/2124
f 2126/2126/2126 2124/2124/2124 2127/2127/2127
f 2130/2130/2130 2129/2129/2129 2128/2128/2128
f 2130/2130/2130 2128/2128/2128 2131/2131/2131
f 2134/2134/2134 2133/2133/2133 2132/2132/2132
f 2134/2134/2134 2132/2132/2132 2135/2135/2135
f 2138/2138/2138 2137/2137/2137 2136/2136/2136
f 2138/2138/2138 2136/2136/2136 2139/2139/2139
f 2142/2142/2142 2141/2141/2141 2140/2140/2140
f 2142/2142/2142 2140/2140/2140 2143/2143/2143
f 2146/2146/2146 2145/2145/2145 2144/2144/2144
f 2146/2146/2146 2144/2144/2144 2147/2147/2147
f 2150/2150/2150 2149/2149/2149 2148/2148/2148
f 2150/2150/2150 2148/2148/2148 2151/2151/2151
f 2154/2154/2154 2153/2153/2153 2152/2152/2152
f 2154/2154/2154 2152/2152/2152 2155/2155/2155
f 2158/2158/2158 2157/2157/2157 2156/2156/2156
f 2158/2158/2158 2156/2156/2156 2159/2159/2159
f 2162/2162/2162 2161/2161/2161 2160/2160/2160
f 2165/2165/2165 2164/2164/2164 2163/2163/2163
f 2168/2168/2168 2167/2167/2167 2166/2166/2166
f 2168/2168/2168 2166/2166/2166 2169/2169/2169
f 2172/2172/2172 2171/2171/2171 2170/2170/2170
f 2172/2172/2172 2170/2170/2170 2173/2173/2173
f 2176/2176/2176 2175/2175/2175 2174/2174/2174
f 2176/2176/2176 2174/2174/2174 2177/2177/2177
f 2180/2180/2180 2179/2179/2179 2178/2178/2178
f 2180/2180/2180 2178/2178/2178 2181/2181/2181
f 2184/2184/2184 2183/2183/2183 2182/2182/2182
f 2184/2184/2184 2182/2182/2182 2185/2185/2185
f 2188/2188/2188 2187/2187/2187 2186/2186/2186
f 2188/2188/2188 2186/2186/2186 2189/2189/2189
f 2192/2192/2192 2191/2191/2191 2190/2190/2190
f 2192/2192/2192 2190/2190/2190 2193/2193/2193
f 2196/2196/2196 2195/2195/2195 2194/2194/2194
f 2196/2196/2196 2194/2194/2194 2197/2197/2197
f 2200/2200/2200 2199/2199/2199 2198/2198/2198
f 2200/2200/2200 2198/2198/2198 2201/2201/2201
f 2204/2204/2204 2203/2203/2203 2202/2202/2202
f 2204/2204/2204 2202/2202/2202 2205/2205/2205
f 2208/2208/2208 2207/2207/2207 2206/2206/2206
o 立方体
v 0.0473734 0.8690245 -0.3703109
v 0.04737351 0.8690244 0.3771735
v -0.05963888 0.8690244 0.3771735
v -0.05963898 0.8690245 -0.3703109
v -0.05963898 0.809895 -0.3703108
v -0.05963888 0.809895 0.3771735
v 0.04737351 0.809895 0.3771735
v 0.0473734 0.809895 -0.3703109
v 0.0473734 0.809895 -0.3703109
v 0.04737351 0.809895 0.3771735
v 0.04737351 0.8690244 0.3771735
v 0.0473734 0.8690245 -0.3703109
v -0.05963898 0.8690245 -0.3703109
v -0.05963888 0.8690244 0.3771735
v -0.05963888 0.809895 0.3771735
v -0.05963898 0.809895 -0.3703108
v 0.04737351 0.8690244 0.3771735
v 0.04737351 0.809895 0.3771735
v -0.05963888 0.809895 0.3771735
v -0.05963888 0.8690244 0.3771735
v -0.05963898 0.8690245 -0.3703109
v -0.05963898 0.809895 -0.3703108
v 0.0473734 0.809895 -0.3703109
v 0.0473734 0.8690245 -0.3703109
vn 0 1 1.192093E-07
vn 0 1 1.192093E-07
vn 0 1 1.192093E-07
vn 0 1 1.192093E-07
vn 0 -1 -1.192093E-07
vn 0 -1 -1.192093E-07
vn 0 -1 -1.192093E-07
vn 0 -1 -1.192093E-07
vn 1 0 -1.421554E-07
vn 1 0 -1.421554E-07
vn 1 0 -1.421554E-07
vn 1 0 -1.421554E-07
vn -1 0 1.421554E-07
vn -1 0 1.421554E-07
vn -1 0 1.421554E-07
vn -1 0 1.421554E-07
vn 1.421554E-07 -1.192093E-07 1
vn 1.421554E-07 -1.192093E-07 1
vn 1.421554E-07 -1.192093E-07 1
vn 1.421554E-07 -1.192093E-07 1
vn -1.421554E-07 1.192093E-07 -1
vn -1.421554E-07 1.192093E-07 -1
vn -1.421554E-07 1.192093E-07 -1
vn -1.421554E-07 1.192093E-07 -1
vt 0 0
vt 0 1
vt 1 1
vt 1 0
vt 0 0
vt 0 1
vt 1 1
vt 1 0
vt 0 0
vt 0 1
vt 1 1
vt 1 0
vt 0 0
vt 0 1
vt 1 1
vt 1 0
vt 0 0
vt 0 1
vt 1 1
vt 1 0
vt 0 0
vt 0 1
vt 1 1
vt 1 0
usemtl Default
f 2211/2211/2211 2210/2210/2210 2209/2209/2209
f 2211/2211/2211 2209/2209/2209 2212/2212/2212
f 2215/2215/2215 2214/2214/2214 2213/2213/2213
f 2215/2215/2215 2213/2213/2213 2216/2216/2216
f 2219/2219/2219 2218/2218/2218 2217/2217/2217
f 2219/2219/2219 2217/2217/2217 2220/2220/2220
f 2223/2223/2223 2222/2222/2222 2221/2221/2221
f 2223/2223/2223 2221/2221/2221 2224/2224/2224
f 2227/2227/2227 2226/2226/2226 2225/2225/2225
f 2227/2227/2227 2225/2225/2225 2228/2228/2228
f 2231/2231/2231 2230/2230/2230 2229/2229/2229
f 2231/2231/2231 2229/2229/2229 2232/2232/2232
o 立方体 1
v 0.04737353 0.3602886 -0.5800483
v 0.04737353 0.658881 -0.5800483
v -0.05963885 0.658881 -0.5800483
v -0.05963885 0.3602886 -0.5800483
v -0.05963885 0.3602886 -0.5209199
v -0.05963885 0.658881 -0.5209199
v 0.04737353 0.658881 -0.5209199
v 0.04737353 0.3602886 -0.5209199
v 0.04737353 0.3602886 -0.5209199
v 0.04737353 0.658881 -0.5209199
v 0.04737353 0.658881 -0.5800483
v 0.04737353 0.3602886 -0.5800483
v -0.05963885 0.3602886 -0.5800483
v -0.05963885 0.658881 -0.5800483
v -0.05963885 0.658881 -0.5209199
v -0.05963885 0.3602886 -0.5209199
v 0.04737353 0.658881 -0.5800483
v 0.04737353 0.658881 -0.5209199
v -0.05963885 0.658881 -0.5209199
v -0.05963885 0.658881 -0.5800483
v -0.05963885 0.3602886 -0.5800483
v -0.05963885 0.3602886 -0.5209199
v 0.04737353 0.3602886 -0.5209199
v 0.04737353 0.3602886 -0.5800483
vn 0 0 -1
vn 0 0 -1
vn 0 0 -1
vn 0 0 -1
vn 0 0 1
vn 0 0 1
vn 0 0 1
vn 0 0 1
vn 1 0 0
vn 1 0 0
vn 1 0 0
vn 1 0 0
vn -1 0 0
vn -1 0 0
vn -1 0 0
vn -1 0 0
vn 0 1 0
vn 0 1 0
vn 0 1 0
vn 0 1 0
vn 0 -1 0
vn 0 -1 0
vn 0 -1 0
vn 0 -1 0
vt 0 0
vt 0 1
vt 1 1
vt 1 0
vt 0 0
vt 0 1
vt 1 1
vt 1 0
vt 0 0
vt 0 1
vt 1 1
vt 1 0
vt 0 0
vt 0 1
vt 1 1
vt 1 0
vt 0 0
vt 0 1
vt 1 1
vt 1 0
vt 0 0
vt 0 1
vt 1 1
vt 1 0
usemtl Default
f 2235/2235/2235 2234/2234/2234 2233/2233/2233
f 2235/2235/2235 2233/2233/2233 2236/2236/2236
f 2239/2239/2239 2238/2238/2238 2237/2237/2237
f 2239/2239/2239 2237/2237/2237 2240/2240/2240
f 2243/2243/2243 2242/2242/2242 2241/2241/2241
f 2243/2243/2243 2241/2241/2241 2244/2244/2244
f 2247/2247/2247 2246/2246/2246 2245/2245/2245
f 2247/2247/2247 2245/2245/2245 2248/2248/2248
f 2251/2251/2251 2250/2250/2250 2249/2249/2249
f 2251/2251/2251 2249/2249/2249 2252/2252/2252
f 2255/2255/2255 2254/2254/2254 2253/2253/2253
f 2255/2255/2255 2253/2253/2253 2256/2256/2256
o 立方体 2
v 0.04737353 0.6160371 0.5410161
v 0.0473735 0.8271738 0.3298793
v -0.05963888 0.8271738 0.3298793
v -0.05963885 0.6160371 0.5410161
v -0.05963885 0.6578471 0.5828261
v -0.05963888 0.8689838 0.3716894
v 0.04737351 0.8689838 0.3716894
v 0.04737353 0.6578471 0.5828261
v 0.04737353 0.6578471 0.5828261
v 0.04737351 0.8689838 0.3716894
v 0.0473735 0.8271738 0.3298793
v 0.04737353 0.6160371 0.5410161
v -0.05963885 0.6160371 0.5410161
v -0.05963888 0.8271738 0.3298793
v -0.05963888 0.8689838 0.3716894
v -0.05963885 0.6578471 0.5828261
v 0.0473735 0.8271738 0.3298793
v 0.04737351 0.8689838 0.3716894
v -0.05963888 0.8689838 0.3716894
v -0.05963888 0.8271738 0.3298793
v -0.05963885 0.6160371 0.5410161
v -0.05963885 0.6578471 0.5828261
v 0.04737353 0.6578471 0.5828261
v 0.04737353 0.6160371 0.5410161
vn -9.700059E-08 -0.7071068 -0.7071067
vn -9.700059E-08 -0.7071068 -0.7071067
vn -9.700059E-08 -0.7071068 -0.7071067
vn -9.700059E-08 -0.7071068 -0.7071067
vn 9.700059E-08 0.7071068 0.7071067
vn 9.700059E-08 0.7071068 0.7071067
vn 9.700059E-08 0.7071068 0.7071067
vn 9.700059E-08 0.7071068 0.7071067
vn 1 -3.518167E-09 -1.336614E-07
vn 1 -3.518167E-09 -1.336614E-07
vn 1 -3.518167E-09 -1.336614E-07
vn 1 -3.518167E-09 -1.336614E-07
vn -1 3.518167E-09 1.336614E-07
vn -1 3.518167E-09 1.336614E-07
vn -1 3.518167E-09 1.336614E-07
vn -1 3.518167E-09 1.336614E-07
vn -9.202518E-08 0.7071067 -0.7071068
vn -9.202518E-08 0.7071067 -0.7071068
vn -9.202518E-08 0.7071067 -0.7071068
vn -9.202518E-08 0.7071067 -0.7071068
vn 9.202518E-08 -0.7071067 0.7071068
vn 9.202518E-08 -0.7071067 0.7071068
vn 9.202518E-08 -0.7071067 0.7071068
vn 9.202518E-08 -0.7071067 0.7071068
vt 0 0
vt 0 1
vt 1 1
vt 1 0
vt 0 0
vt 0 1
vt 1 1
vt 1 0
vt 0 0
vt 0 1
vt 1 1
vt 1 0
vt 0 0
vt 0 1
vt 1 1
vt 1 0
vt 0 0
vt 0 1
vt 1 1
vt 1 0
vt 0 0
vt 0 1
vt 1 1
vt 1 0
usemtl Default
f 2259/2259/2259 2258/2258/2258 2257/2257/2257
f 2259/2259/2259 2257/2257/2257 2260/2260/2260
f 2263/2263/2263 2262/2262/2262 2261/2261/2261
f 2263/2263/2263 2261/2261/2261 2264/2264/2264
f 2267/2267/2267 2266/2266/2266 2265/2265/2265
f 2267/2267/2267 2265/2265/2265 2268/2268/2268
f 2271/2271/2271 2270/2270/2270 2269/2269/2269
f 2271/2271/2271 2269/2269/2269 2272/2272/2272
f 2275/2275/2275 2274/2274/2274 2273/2273/2273
f 2275/2275/2275 2273/2273/2273 2276/2276/2276
f 2279/2279/2279 2278/2278/2278 2277/2277/2277
f 2279/2279/2279 2277/2277/2277 2280/2280/2280
o 立方体 3
v 0.04737353 0.3602886 0.5227694
v 0.04737353 0.658881 0.5227694
v -0.05963885 0.658881 0.5227694
v -0.05963885 0.3602886 0.5227694
v -0.05963885 0.3602886 0.5818978
v -0.05963885 0.658881 0.5818978
v 0.04737353 0.658881 0.5818978
v 0.04737353 0.3602886 0.5818978
v 0.04737353 0.3602886 0.5818978
v 0.04737353 0.658881 0.5818978
v 0.04737353 0.658881 0.5227694
v 0.04737353 0.3602886 0.5227694
v -0.05963885 0.3602886 0.5227694
v -0.05963885 0.658881 0.5227694
v -0.05963885 0.658881 0.5818978
v -0.05963885 0.3602886 0.5818978
v 0.04737353 0.658881 0.5227694
v 0.04737353 0.658881 0.5818978
v -0.05963885 0.658881 0.5818978
v -0.05963885 0.658881 0.5227694
v -0.05963885 0.3602886 0.5227694
v -0.05963885 0.3602886 0.5818978
v 0.04737353 0.3602886 0.5818978
v 0.04737353 0.3602886 0.5227694
vn 0 0 -1
vn 0 0 -1
vn 0 0 -1
vn 0 0 -1
vn 0 0 1
vn 0 0 1
vn 0 0 1
vn 0 0 1
vn 1 0 0
vn 1 0 0
vn 1 0 0
vn 1 0 0
vn -1 0 0
vn -1 0 0
vn -1 0 0
vn -1 0 0
vn 0 1 0
vn 0 1 0
vn 0 1 0
vn 0 1 0
vn 0 -1 0
vn 0 -1 0
vn 0 -1 0
vn 0 -1 0
vt 0 0
vt 0 1
vt 1 1
vt 1 0
vt 0 0
vt 0 1
vt 1 1
vt 1 0
vt 0 0
vt 0 1
vt 1 1
vt 1 0
vt 0 0
vt 0 1
vt 1 1
vt 1 0
vt 0 0
vt 0 1
vt 1 1
vt 1 0
vt 0 0
vt 0 1
vt 1 1
vt 1 0
usemtl Default
f 2283/2283/2283 2282/2282/2282 2281/2281/2281
f 2283/2283/2283 2281/2281/2281 2284/2284/2284
f 2287/2287/2287 2286/2286/2286 2285/2285/2285
f 2287/2287/2287 2285/2285/2285 2288/2288/2288
f 2291/2291/2291 2290/2290/2290 2289/2289/2289
f 2291/2291/2291 2289/2289/2289 2292/2292/2292
f 2295/2295/2295 2294/2294/2294 2293/2293/2293
f 2295/2295/2295 2293/2293/2293 2296/2296/2296
f 2299/2299/2299 2298/2298/2298 2297/2297/2297
f 2299/2299/2299 2297/2297/2297 2300/2300/2300
f 2303/2303/2303 2302/2302/2302 2301/2301/2301
f 2303/2303/2303 2301/2301/2301 2304/2304/2304
o 立方体 4
v 0.04737337 0.6590577 -0.5798342
v 0.0473734 0.8701944 -0.3686974
v -0.05963898 0.8701944 -0.3686974
v -0.05963901 0.6590577 -0.5798342
v -0.059639 0.6172476 -0.5380241
v -0.05963897 0.8283843 -0.3268874
v 0.04737341 0.8283843 -0.3268874
v 0.04737338 0.6172476 -0.5380241
v 0.04737338 0.6172476 -0.5380241
v 0.04737341 0.8283843 -0.3268874
v 0.0473734 0.8701944 -0.3686974
v 0.04737337 0.6590577 -0.5798342
v -0.05963901 0.6590577 -0.5798342
v -0.05963898 0.8701944 -0.3686974
v -0.05963897 0.8283843 -0.3268874
v -0.059639 0.6172476 -0.5380241
v 0.0473734 0.8701944 -0.3686974
v 0.04737341 0.8283843 -0.3268874
v -0.05963897 0.8283843 -0.3268874
v -0.05963898 0.8701944 -0.3686974
v -0.05963901 0.6590577 -0.5798342
v -0.059639 0.6172476 -0.5380241
v 0.04737338 0.6172476 -0.5380241
v 0.04737337 0.6590577 -0.5798342
vn -9.700059E-08 0.7071068 -0.7071067
vn -9.700059E-08 0.7071068 -0.7071067
vn -9.700059E-08 0.7071068 -0.7071067
vn -9.700059E-08 0.7071068 -0.7071067
vn 9.700059E-08 -0.7071068 0.7071067
vn 9.700059E-08 -0.7071068 0.7071067
vn 9.700059E-08 -0.7071068 0.7071067
vn 9.700059E-08 -0.7071068 0.7071067
vn 1 -3.51816E-09 -1.406977E-07
vn 1 -3.51816E-09 -1.406977E-07
vn 1 -3.51816E-09 -1.406977E-07
vn 1 -3.51816E-09 -1.406977E-07
vn -1 3.51816E-09 1.406977E-07
vn -1 3.51816E-09 1.406977E-07
vn -1 3.51816E-09 1.406977E-07
vn -1 3.51816E-09 1.406977E-07
vn 1.01976E-07 0.7071067 0.7071068
vn 1.01976E-07 0.7071067 0.7071068
vn 1.01976E-07 0.7071067 0.7071068
vn 1.01976E-07 0.7071067 0.7071068
vn -1.01976E-07 -0.7071067 -0.7071068
vn -1.01976E-07 -0.7071067 -0.7071068
vn -1.01976E-07 -0.7071067 -0.7071068
vn -1.01976E-07 -0.7071067 -0.7071068
vt 0 0
vt 0 1
vt 1 1
vt 1 0
vt 0 0
vt 0 1
vt 1 1
vt 1 0
vt 0 0
vt 0 1
vt 1 1
vt 1 0
vt 0 0
vt 0 1
vt 1 1
vt 1 0
vt 0 0
vt 0 1
vt 1 1
vt 1 0
vt 0 0
vt 0 1
vt 1 1
vt 1 0
usemtl Default
f 2307/2307/2307 2306/2306/2306 2305/2305/2305
f 2307/2307/2307 2305/2305/2305 2308/2308/2308
f 2311/2311/2311 2310/2310/2310 2309/2309/2309
f 2311/2311/2311 2309/2309/2309 2312/2312/2312
f 2315/2315/2315 2314/2314/2314 2313/2313/2313
f 2315/2315/2315 2313/2313/2313 2316/2316/2316
f 2319/2319/2319 2318/2318/2318 2317/2317/2317
f 2319/2319/2319 2317/2317/2317 2320/2320/2320
f 2323/2323/2323 2322/2322/2322 2321/2321/2321
f 2323/2323/2323 2321/2321/2321 2324/2324/2324
f 2327/2327/2327 2326/2326/2326 2325/2325/2325
f 2327/2327/2327 2325/2325/2325 2328/2328/2328
