# Export from Prisma3D 3.1.0
mtllib 组.mtl
o 圆柱体
v -0.1233245 0.4367602 0.5374554
v -0.1208436 0.4378187 0.5204712
v -0.1585238 0.4430413 0.5152926
v -0.1610047 0.4419828 0.5322769
v -0.1208436 0.4378187 0.5204712
v -0.1183627 0.4388772 0.5034869
v -0.1560429 0.4440998 0.4983084
v -0.1585238 0.4430413 0.5152926
v -0.08898599 0.4200739 0.5414313
v -0.08650509 0.4211324 0.5244471
v -0.1208436 0.4378187 0.5204712
v -0.1233245 0.4367602 0.5374554
v -0.08650509 0.4211324 0.5244471
v -0.08402419 0.4221909 0.5074629
v -0.1183627 0.4388772 0.5034869
v -0.1208436 0.4378187 0.5204712
v -0.06135055 0.3935574 0.5438154
v -0.05886964 0.3946159 0.5268312
v -0.08650509 0.4211324 0.5244471
v -0.08898599 0.4200739 0.5414313
v -0.05886964 0.3946159 0.5268312
v -0.05638874 0.3956744 0.509847
v -0.08402419 0.4221909 0.5074629
v -0.08650509 0.4211324 0.5244471
v -0.04312327 0.3598063 0.5443745
v -0.04064237 0.3608648 0.5273902
v -0.05886964 0.3946159 0.5268312
v -0.06135055 0.3935574 0.5438154
v -0.04064237 0.3608648 0.5273902
v -0.03816146 0.3619233 0.510406
v -0.05638874 0.3956744 0.509847
v -0.05886964 0.3946159 0.5268312
v -0.03608835 0.3221243 0.5430536
v -0.03360745 0.3231828 0.5260693
v -0.04064237 0.3608648 0.5273902
v -0.04312327 0.3598063 0.5443745
v -0.03360745 0.3231828 0.5260693
v -0.03112654 0.3242413 0.5090851
v -0.03816146 0.3619233 0.510406
v -0.04064237 0.3608648 0.5273902
v -0.2739918 0.3550988 0.5103578
v -0.2715109 0.3561573 0.4933736
v -0.276357 0.3182331 0.4903021
v -0.2788379 0.3171746 0.5072864
v -0.2715109 0.3561573 0.4933736
v -0.26903 0.3572158 0.4763893
v -0.2738761 0.3192916 0.4733179
v -0.276357 0.3182331 0.4903021
v -0.257739 0.389553 0.5148792
v -0.2552581 0.3906115 0.4978949
v -0.2715109 0.3561573 0.4933736
v -0.2739918 0.3550988 0.5103578
v -0.2552581 0.3906115 0.4978949
v -0.2527772 0.39167 0.4809107
v -0.26903 0.3572158 0.4763893
v -0.2715109 0.3561573 0.4933736
v -0.2316706 0.4171645 0.5204079
v -0.2291897 0.4182231 0.5034236
v -0.2552581 0.3906115 0.4978949
v -0.257739 0.389553 0.5148792
v -0.2291897 0.4182231 0.5034236
v -0.2267088 0.4192816 0.4864394
v -0.2527772 0.39167 0.4809107
v -0.2552581 0.3906115 0.4978949
v -0.1983382 0.4352306 0.5264027
v -0.1958573 0.4362891 0.5094185
v -0.2291897 0.4182231 0.5034236
v -0.2316706 0.4171645 0.5204079
v -0.1958573 0.4362891 0.5094185
v -0.1933764 0.4373477 0.4924343
v -0.2267088 0.4192816 0.4864394
v -0.2291897 0.4182231 0.5034236
v -0.1610047 0.4419828 0.5322769
v -0.1585238 0.4430413 0.5152926
v -0.1958573 0.4362891 0.5094185
v -0.1983382 0.4352306 0.5264027
v -0.1585238 0.4430413 0.5152926
v -0.1560429 0.4440998 0.4983084
v -0.1933764 0.4373477 0.4924343
v -0.1958573 0.4362891 0.5094185
v -0.1525013 0.3217665 0.4912015
v -0.1542721 0.3829332 0.494755
v -0.135432 0.3803219 0.4973442
v -0.1542721 0.3829332 0.494755
v -0.1560429 0.4440998 0.4983084
v -0.1183627 0.4388772 0.5034869
v -0.135432 0.3803219 0.4973442
v -0.1525013 0.3217665 0.4912015
v -0.135432 0.3803219 0.4973442
v -0.1182628 0.3719787 0.4993322
v -0.135432 0.3803219 0.4973442
v -0.1183627 0.4388772 0.5034869
v -0.08402419 0.4221909 0.5074629
v -0.1182628 0.3719787 0.4993322
v -0.1525013 0.3217665 0.4912015
v -0.1182628 0.3719787 0.4993322
v -0.104445 0.3587205 0.5005243
v -0.1182628 0.3719787 0.4993322
v -0.08402419 0.4221909 0.5074629
v -0.05638874 0.3956744 0.509847
v -0.104445 0.3587205 0.5005243
v -0.1525013 0.3217665 0.4912015
v -0.104445 0.3587205 0.5005243
v -0.09533137 0.3418449 0.5008038
v -0.104445 0.3587205 0.5005243
v -0.05638874 0.3956744 0.509847
v -0.03816146 0.3619233 0.510406
v -0.09533137 0.3418449 0.5008038
v -0.1525013 0.3217665 0.4912015
v -0.09533137 0.3418449 0.5008038
v -0.09181391 0.3230039 0.5001433
v -0.09533137 0.3418449 0.5008038
v -0.03816146 0.3619233 0.510406
v -0.03112654 0.3242413 0.5090851
v -0.09181391 0.3230039 0.5001433
v -0.1525013 0.3217665 0.4912015
v -0.2131887 0.320529 0.4822597
v -0.2107656 0.3394912 0.4837955
v -0.2131887 0.320529 0.4822597
v -0.2738761 0.3192916 0.4733179
v -0.26903 0.3572158 0.4763893
v -0.2107656 0.3394912 0.4837955
v -0.1525013 0.3217665 0.4912015
v -0.2107656 0.3394912 0.4837955
v -0.2026393 0.3567182 0.4860561
v -0.2107656 0.3394912 0.4837955
v -0.26903 0.3572158 0.4763893
v -0.2527772 0.39167 0.4809107
v -0.2026393 0.3567182 0.4860561
v -0.1525013 0.3217665 0.4912015
v -0.2026393 0.3567182 0.4860561
v -0.189605 0.370524 0.4888205
v -0.2026393 0.3567182 0.4860561
v -0.2527772 0.39167 0.4809107
v -0.2267088 0.4192816 0.4864394
v -0.189605 0.370524 0.4888205
v -0.1525013 0.3217665 0.4912015
v -0.189605 0.370524 0.4888205
v -0.1729389 0.3795571 0.4918179
v -0.189605 0.370524 0.4888205
v -0.2267088 0.4192816 0.4864394
v -0.1933764 0.4373477 0.4924343
v -0.1729389 0.3795571 0.4918179
v -0.1525013 0.3217665 0.4912015
v -0.1729389 0.3795571 0.4918179
v -0.1542721 0.3829332 0.494755
v -0.1729389 0.3795571 0.4918179
v -0.1933764 0.4373477 0.4924343
v -0.1560429 0.4440998 0.4983084
v -0.1542721 0.3829332 0.494755
v -0.1574631 0.3196495 0.52517
v -0.1592339 0.3808161 0.5287234
v -0.1779007 0.37744 0.5257863
v -0.1592339 0.3808161 0.5287234
v -0.1610047 0.4419828 0.5322769
v -0.1983382 0.4352306 0.5264027
v -0.1779007 0.37744 0.5257863
v -0.1574631 0.3196495 0.52517
v -0.1779007 0.37744 0.5257863
v -0.1945668 0.368407 0.5227889
v -0.1779007 0.37744 0.5257863
v -0.1983382 0.4352306 0.5264027
v -0.2316706 0.4171645 0.5204079
v -0.1945668 0.368407 0.5227889
v -0.1574631 0.3196495 0.52517
v -0.1945668 0.368407 0.5227889
v -0.2076011 0.3546012 0.5200245
v -0.1945668 0.368407 0.5227889
v -0.2316706 0.4171645 0.5204079
v -0.257739 0.389553 0.5148792
v -0.2076011 0.3546012 0.5200245
v -0.1574631 0.3196495 0.52517
v -0.2076011 0.3546012 0.5200245
v -0.2157274 0.3373742 0.5177639
v -0.2076011 0.3546012 0.5200245
v -0.257739 0.389553 0.5148792
v -0.2739918 0.3550988 0.5103578
v -0.2157274 0.3373742 0.5177639
v -0.1574631 0.3196495 0.52517
v -0.2157274 0.3373742 0.5177639
v -0.2181505 0.318412 0.5162281
v -0.2157274 0.3373742 0.5177639
v -0.2739918 0.3550988 0.5103578
v -0.2788379 0.3171746 0.5072864
v -0.2181505 0.318412 0.5162281
v -0.1574631 0.3196495 0.52517
v -0.09677573 0.3208869 0.5341117
v -0.1002932 0.3397279 0.5347722
v -0.09677573 0.3208869 0.5341117
v -0.03608835 0.3221243 0.5430536
v -0.04312327 0.3598063 0.5443745
v -0.1002932 0.3397279 0.5347722
v -0.1574631 0.3196495 0.52517
v -0.1002932 0.3397279 0.5347722
v -0.1094068 0.3566034 0.5344927
v -0.1002932 0.3397279 0.5347722
v -0.04312327 0.3598063 0.5443745
v -0.06135055 0.3935574 0.5438154
v -0.1094068 0.3566034 0.5344927
v -0.1574631 0.3196495 0.52517
v -0.1094068 0.3566034 0.5344927
v -0.1232246 0.3698617 0.5333006
v -0.1094068 0.3566034 0.5344927
v -0.06135055 0.3935574 0.5438154
v -0.08898599 0.4200739 0.5414313
v -0.1232246 0.3698617 0.5333006
v -0.1574631 0.3196495 0.52517
v -0.1232246 0.3698617 0.5333006
v -0.1403938 0.3782048 0.5313126
v -0.1232246 0.3698617 0.5333006
v -0.08898599 0.4200739 0.5414313
v -0.1233245 0.4367602 0.5374554
v -0.1403938 0.3782048 0.5313126
v -0.1574631 0.3196495 0.52517
v -0.1403938 0.3782048 0.5313126
v -0.1592339 0.3808161 0.5287234
v -0.1403938 0.3782048 0.5313126
v -0.1233245 0.4367602 0.5374554
v -0.1610047 0.4419828 0.5322769
v -0.1592339 0.3808161 0.5287234
v -0.03112654 0.3242413 0.5090851
v -0.03360745 0.3231828 0.5260693
v -0.03608835 0.3221243 0.5430536
v -0.09677573 0.3208869 0.5341117
v -0.1574631 0.3196495 0.52517
v -0.2181505 0.318412 0.5162281
v -0.2788379 0.3171746 0.5072864
v -0.276357 0.3182331 0.4903021
v -0.2738761 0.3192916 0.4733179
v -0.2131887 0.320529 0.4822597
v -0.1525013 0.3217665 0.4912015
v -0.09181391 0.3230039 0.5001433
vn -0.2779205 -0.9553705 -0.1001379
vn -0.2779205 -0.9553705 -0.1001379
vn 0.02888933 -0.9979002 -0.05797249
vn 0.02888933 -0.9979002 -0.05797249
vn -0.2779205 -0.9553705 -0.1001379
vn -0.2779205 -0.9553705 -0.1001379
vn 0.02888934 -0.9979002 -0.05797249
vn 0.02888933 -0.9979002 -0.05797249
vn -0.5576572 -0.8194239 -0.1325268
vn -0.5576571 -0.8194238 -0.1325268
vn -0.2779205 -0.9553705 -0.1001379
vn -0.2779205 -0.9553705 -0.1001379
vn -0.5576571 -0.8194238 -0.1325268
vn -0.5576572 -0.8194239 -0.1325268
vn -0.2779205 -0.9553705 -0.1001379
vn -0.2779205 -0.9553705 -0.1001379
vn -0.7829661 -0.6032176 -0.1519633
vn -0.7829661 -0.6032176 -0.1519633
vn -0.5576571 -0.8194238 -0.1325268
vn -0.5576572 -0.8194239 -0.1325268
vn -0.7829661 -0.6032176 -0.1519633
vn -0.7829661 -0.6032176 -0.1519633
vn -0.5576572 -0.8194239 -0.1325268
vn -0.5576571 -0.8194238 -0.1325268
vn -0.931689 -0.327806 -0.1565229
vn -0.931689 -0.327806 -0.1565229
vn -0.7829661 -0.6032176 -0.1519633
vn -0.7829661 -0.6032176 -0.1519633
vn -0.931689 -0.327806 -0.1565229
vn -0.931689 -0.327806 -0.1565229
vn -0.7829661 -0.6032176 -0.1519633
vn -0.7829661 -0.6032176 -0.1519633
vn -0.9723932 -0.1761741 -0.1530184
vn -0.9723932 -0.1761741 -0.1530184
vn -0.931689 -0.327806 -0.1565229
vn -0.931689 -0.327806 -0.1565229
vn -0.9723932 -0.1761741 -0.1530184
vn -0.9723932 -0.1761741 -0.1530184
vn -0.931689 -0.327806 -0.1565229
vn -0.931689 -0.327806 -0.1565229
vn 0.9495584 -0.2894469 0.1206639
vn 0.9495584 -0.2894469 0.1206639
vn 0.9814404 -0.1363347 0.1348634
vn 0.9814404 -0.1363347 0.1348634
vn 0.9495584 -0.2894469 0.1206639
vn 0.9495584 -0.2894469 0.1206639
vn 0.9814404 -0.1363347 0.1348634
vn 0.9814404 -0.1363347 0.1348634
vn 0.8169478 -0.5705953 0.0837712
vn 0.8169478 -0.5705953 0.0837712
vn 0.9495584 -0.2894469 0.1206639
vn 0.9495584 -0.2894469 0.1206639
vn 0.8169478 -0.5705953 0.0837712
vn 0.8169478 -0.5705953 0.0837712
vn 0.9495584 -0.2894469 0.1206639
vn 0.9495584 -0.2894469 0.1206639
vn 0.6044158 -0.7957288 0.03869539
vn 0.6044158 -0.7957288 0.03869539
vn 0.8169478 -0.5705953 0.0837712
vn 0.8169478 -0.5705953 0.0837712
vn 0.6044158 -0.7957288 0.03869539
vn 0.6044158 -0.7957288 0.03869539
vn 0.8169478 -0.5705953 0.0837712
vn 0.8169478 -0.5705953 0.0837712
vn 0.3328761 -0.9429161 -0.01014197
vn 0.3328761 -0.9429161 -0.01014197
vn 0.6044158 -0.7957288 0.03869539
vn 0.6044158 -0.7957288 0.03869539
vn 0.3328761 -0.9429161 -0.01014197
vn 0.3328761 -0.9429161 -0.01014197
vn 0.6044158 -0.7957288 0.03869539
vn 0.6044158 -0.7957288 0.03869539
vn 0.02888933 -0.9979002 -0.05797249
vn 0.02888933 -0.9979002 -0.05797249
vn 0.3328761 -0.9429161 -0.01014197
vn 0.3328761 -0.9429161 -0.01014197
vn 0.02888933 -0.9979002 -0.05797249
vn 0.02888934 -0.9979002 -0.05797249
vn 0.3328761 -0.9429161 -0.01014197
vn 0.3328761 -0.9429161 -0.01014197
vn -0.1442634 -0.06155205 0.9876233
vn -0.1442634 -0.06155205 0.9876233
vn -0.1442634 -0.06155205 0.9876233
vn -0.1442634 -0.06155205 0.9876233
vn -0.1442634 -0.06155205 0.9876232
vn -0.1442634 -0.06155205 0.9876232
vn -0.1442634 -0.06155205 0.9876233
vn -0.1442634 -0.06155205 0.9876233
vn -0.1442634 -0.06155205 0.9876233
vn -0.1442634 -0.06155205 0.9876233
vn -0.1442634 -0.06155205 0.9876233
vn -0.1442634 -0.06155205 0.9876232
vn -0.1442634 -0.06155205 0.9876233
vn -0.1442634 -0.06155205 0.9876233
vn -0.1442634 -0.06155205 0.9876233
vn -0.1442634 -0.06155205 0.9876233
vn -0.1442634 -0.06155205 0.9876233
vn -0.1442634 -0.06155205 0.9876233
vn -0.1442634 -0.06155205 0.9876233
vn -0.1442634 -0.06155205 0.9876233
vn -0.1442634 -0.06155205 0.9876233
vn -0.1442634 -0.06155205 0.9876233
vn -0.1442634 -0.06155205 0.9876233
vn -0.1442634 -0.06155205 0.9876233
vn -0.1442634 -0.06155205 0.9876233
vn -0.1442634 -0.06155205 0.9876233
vn -0.1442634 -0.06155205 0.9876233
vn -0.1442634 -0.06155205 0.9876233
vn -0.1442634 -0.06155205 0.9876233
vn -0.1442634 -0.06155205 0.9876233
vn -0.1442634 -0.06155205 0.9876233
vn -0.1442634 -0.06155205 0.9876233
vn -0.1442634 -0.06155205 0.9876233
vn -0.1442634 -0.06155205 0.9876233
vn -0.1442634 -0.06155205 0.9876233
vn -0.1442634 -0.06155205 0.9876233
vn -0.1442634 -0.06155205 0.9876233
vn -0.1442634 -0.06155205 0.9876233
vn -0.1442634 -0.06155205 0.9876233
vn -0.1442634 -0.06155205 0.9876233
vn -0.1442634 -0.06155205 0.9876233
vn -0.1442634 -0.06155205 0.9876233
vn -0.1442634 -0.06155205 0.9876233
vn -0.1442634 -0.06155205 0.9876233
vn -0.1442634 -0.06155205 0.9876233
vn -0.1442634 -0.06155205 0.9876233
vn -0.1442634 -0.06155205 0.9876233
vn -0.1442634 -0.06155205 0.9876233
vn -0.1442634 -0.06155205 0.9876233
vn -0.1442634 -0.06155205 0.9876233
vn -0.1442634 -0.06155205 0.9876233
vn -0.1442634 -0.06155205 0.9876233
vn -0.1442634 -0.06155205 0.9876233
vn -0.1442634 -0.06155205 0.9876233
vn -0.1442634 -0.06155205 0.9876232
vn -0.1442634 -0.06155205 0.9876233
vn -0.1442634 -0.06155205 0.9876233
vn -0.1442634 -0.06155205 0.9876233
vn -0.1442634 -0.06155205 0.9876233
vn -0.1442634 -0.06155205 0.9876233
vn -0.1442634 -0.06155205 0.9876232
vn -0.1442633 -0.06155205 0.9876233
vn -0.1442634 -0.06155205 0.9876233
vn -0.1442634 -0.06155205 0.9876233
vn -0.1442634 -0.06155205 0.9876233
vn -0.1442634 -0.06155205 0.9876233
vn -0.1442634 -0.06155205 0.9876233
vn -0.1442633 -0.06155205 0.9876233
vn -0.1442634 -0.06155205 0.9876232
vn -0.1442634 -0.06155205 0.9876233
vn 0.1442634 0.06155205 -0.9876233
vn 0.1442634 0.06155205 -0.9876233
vn 0.1442634 0.06155205 -0.9876233
vn 0.1442634 0.06155205 -0.9876233
vn 0.1442634 0.06155205 -0.9876232
vn 0.1442633 0.06155205 -0.9876233
vn 0.1442634 0.06155205 -0.9876233
vn 0.1442634 0.06155205 -0.9876233
vn 0.1442634 0.06155205 -0.9876233
vn 0.1442634 0.06155205 -0.9876233
vn 0.1442634 0.06155205 -0.9876233
vn 0.1442633 0.06155205 -0.9876233
vn 0.1442634 0.06155205 -0.9876232
vn 0.1442634 0.06155205 -0.9876233
vn 0.1442634 0.06155205 -0.9876233
vn 0.1442634 0.06155205 -0.9876233
vn 0.1442634 0.06155205 -0.9876233
vn 0.1442634 0.06155205 -0.9876233
vn 0.1442634 0.06155205 -0.9876232
vn 0.1442634 0.06155205 -0.9876233
vn 0.1442634 0.06155205 -0.9876233
vn 0.1442634 0.06155205 -0.9876233
vn 0.1442634 0.06155205 -0.9876233
vn 0.1442634 0.06155205 -0.9876233
vn 0.1442634 0.06155205 -0.9876233
vn 0.1442634 0.06155205 -0.9876233
vn 0.1442634 0.06155205 -0.9876233
vn 0.1442634 0.06155205 -0.9876233
vn 0.1442634 0.06155205 -0.9876233
vn 0.1442634 0.06155205 -0.9876233
vn 0.1442634 0.06155205 -0.9876233
vn 0.1442634 0.06155205 -0.9876233
vn 0.1442634 0.06155205 -0.9876233
vn 0.1442634 0.06155205 -0.9876233
vn 0.1442634 0.06155205 -0.9876233
vn 0.1442634 0.06155205 -0.9876233
vn 0.1442634 0.06155205 -0.9876233
vn 0.1442634 0.06155205 -0.9876233
vn 0.1442634 0.06155205 -0.9876233
vn 0.1442634 0.06155205 -0.9876233
vn 0.1442634 0.06155205 -0.9876233
vn 0.1442634 0.06155205 -0.9876233
vn 0.1442634 0.06155205 -0.9876233
vn 0.1442634 0.06155205 -0.9876233
vn 0.1442634 0.06155205 -0.9876233
vn 0.1442634 0.06155205 -0.9876233
vn 0.1442634 0.06155205 -0.9876233
vn 0.1442634 0.06155205 -0.9876233
vn 0.1442634 0.06155205 -0.9876233
vn 0.1442634 0.06155205 -0.9876233
vn 0.1442634 0.06155205 -0.9876233
vn 0.1442634 0.06155205 -0.9876233
vn 0.1442634 0.06155205 -0.9876233
vn 0.1442634 0.06155205 -0.9876233
vn 0.1442634 0.06155205 -0.9876233
vn 0.1442634 0.06155205 -0.9876233
vn 0.1442634 0.06155205 -0.9876233
vn 0.1442634 0.06155205 -0.9876233
vn 0.1442634 0.06155205 -0.9876233
vn 0.1442634 0.06155205 -0.9876233
vn 0.1442634 0.06155205 -0.9876233
vn 0.1442634 0.06155205 -0.9876232
vn 0.1442634 0.06155205 -0.9876233
vn 0.1442634 0.06155205 -0.9876233
vn 0.1442634 0.06155205 -0.9876233
vn 0.1442634 0.06155205 -0.9876233
vn 0.1442634 0.06155205 -0.9876233
vn 0.1442634 0.06155205 -0.9876232
vn 0.1442634 0.06155205 -0.9876232
vn 0.1442634 0.06155205 -0.9876233
vn -0.02888929 0.9979002 0.05797249
vn 0 0 0
vn -0.02888929 0.9979002 0.05797249
vn 0 0 0
vn 0 0 0
vn 0 0 0
vn -0.02888929 0.9979002 0.05797249
vn 0 0 0
vn -0.02888929 0.9979002 0.05797249
vn 0 0 0
vn 0 0 0
vn 0 0 0
vt -0.05 0
vt -0.05 0.5
vt 0 0.5
vt 0 0
vt -0.05 0.5
vt -0.05 1
vt 0 1
vt 0 0.5
vt -0.1 0
vt -0.1 0.5
vt -0.05 0.5
vt -0.05 0
vt -0.1 0.5
vt -0.1 1
vt -0.05 1
vt -0.05 0.5
vt -0.15 0
vt -0.15 0.5
vt -0.1 0.5
vt -0.1 0
vt -0.15 0.5
vt -0.15 1
vt -0.1 1
vt -0.1 0.5
vt -0.2 0
vt -0.2 0.5
vt -0.15 0.5
vt -0.15 0
vt -0.2 0.5
vt -0.2 1
vt -0.15 1
vt -0.15 0.5
vt -0.25 0
vt -0.25 0.5
vt -0.2 0.5
vt -0.2 0
vt -0.25 0.5
vt -0.25 1
vt -0.2 1
vt -0.2 0.5
vt -0.8 0
vt -0.8 0.5
vt -0.75 0.5
vt -0.75 0
vt -0.8 0.5
vt -0.8 1
vt -0.75 1
vt -0.75 0.5
vt -0.85 0
vt -0.85 0.5
vt -0.8 0.5
vt -0.8 0
vt -0.85 0.5
vt -0.85 1
vt -0.8 1
vt -0.8 0.5
vt -0.9 0
vt -0.9 0.5
vt -0.85 0.5
vt -0.85 0
vt -0.9 0.5
vt -0.9 1
vt -0.85 1
vt -0.85 0.5
vt -0.95 0
vt -0.95 0.5
vt -0.9 0.5
vt -0.9 0
vt -0.95 0.5
vt -0.95 1
vt -0.9 1
vt -0.9 0.5
vt -1 0
vt -1 0.5
vt -0.95 0.5
vt -0.95 0
vt -1 0.5
vt -1 1
vt -0.95 1
vt -0.95 0.5
vt 0.5 0.5
vt 0.5 0.75
vt 0.5772542 0.7377641
vt 0.5 0.75
vt 0.5 1
vt 0.6545085 0.9755282
vt 0.5772542 0.7377641
vt 0.5 0.5
vt 0.5772542 0.7377641
vt 0.6469463 0.7022542
vt 0.5772542 0.7377641
vt 0.6545085 0.9755282
vt 0.7938926 0.9045085
vt 0.6469463 0.7022542
vt 0.5 0.5
vt 0.6469463 0.7022542
vt 0.7022542 0.6469463
vt 0.6469463 0.7022542
vt 0.7938926 0.9045085
vt 0.9045085 0.7938926
vt 0.7022542 0.6469463
vt 0.5 0.5
vt 0.7022542 0.6469463
vt 0.7377641 0.5772542
vt 0.7022542 0.6469463
vt 0.9045085 0.7938926
vt 0.9755282 0.6545085
vt 0.7377641 0.5772542
vt 0.5 0.5
vt 0.7377641 0.5772542
vt 0.75 0.5
vt 0.7377641 0.5772542
vt 0.9755282 0.6545085
vt 1 0.5
vt 0.75 0.5
vt 0.5 0.5
vt 0.25 0.5
vt 0.2622359 0.5772543
vt 0.25 0.5
vt 0 0.5
vt 0.02447176 0.6545086
vt 0.2622359 0.5772543
vt 0.5 0.5
vt 0.2622359 0.5772543
vt 0.2977458 0.6469464
vt 0.2622359 0.5772543
vt 0.02447176 0.6545086
vt 0.09549159 0.7938927
vt 0.2977458 0.6469464
vt 0.5 0.5
vt 0.2977458 0.6469464
vt 0.3530537 0.7022543
vt 0.2977458 0.6469464
vt 0.09549159 0.7938927
vt 0.2061075 0.9045086
vt 0.3530537 0.7022543
vt 0.5 0.5
vt 0.3530537 0.7022543
vt 0.4227458 0.7377641
vt 0.3530537 0.7022543
vt 0.2061075 0.9045086
vt 0.3454915 0.9755282
vt 0.4227458 0.7377641
vt 0.5 0.5
vt 0.4227458 0.7377641
vt 0.5000001 0.75
vt 0.4227458 0.7377641
vt 0.3454915 0.9755282
vt 0.5000001 1
vt 0.5000001 0.75
vt 0.5 0.5
vt 0.5000001 0.75
vt 0.4227458 0.7377641
vt 0.5000001 0.75
vt 0.5000001 1
vt 0.3454915 0.9755282
vt 0.4227458 0.7377641
vt 0.5 0.5
vt 0.4227458 0.7377641
vt 0.3530537 0.7022543
vt 0.4227458 0.7377641
vt 0.3454915 0.9755282
vt 0.2061075 0.9045086
vt 0.3530537 0.7022543
vt 0.5 0.5
vt 0.3530537 0.7022543
vt 0.2977458 0.6469464
vt 0.3530537 0.7022543
vt 0.2061075 0.9045086
vt 0.09549159 0.7938927
vt 0.2977458 0.6469464
vt 0.5 0.5
vt 0.2977458 0.6469464
vt 0.2622359 0.5772543
vt 0.2977458 0.6469464
vt 0.09549159 0.7938927
vt 0.02447176 0.6545086
vt 0.2622359 0.5772543
vt 0.5 0.5
vt 0.2622359 0.5772543
vt 0.25 0.5
vt 0.2622359 0.5772543
vt 0.02447176 0.6545086
vt 0 0.5
vt 0.25 0.5
vt 0.5 0.5
vt 0.75 0.5
vt 0.7377641 0.5772542
vt 0.75 0.5
vt 1 0.5
vt 0.9755282 0.6545085
vt 0.7377641 0.5772542
vt 0.5 0.5
vt 0.7377641 0.5772542
vt 0.7022542 0.6469463
vt 0.7377641 0.5772542
vt 0.9755282 0.6545085
vt 0.9045085 0.7938926
vt 0.7022542 0.6469463
vt 0.5 0.5
vt 0.7022542 0.6469463
vt 0.6469463 0.7022542
vt 0.7022542 0.6469463
vt 0.9045085 0.7938926
vt 0.7938926 0.9045085
vt 0.6469463 0.7022542
vt 0.5 0.5
vt 0.6469463 0.7022542
vt 0.5772542 0.7377641
vt 0.6469463 0.7022542
vt 0.7938926 0.9045085
vt 0.6545085 0.9755282
vt 0.5772542 0.7377641
vt 0.5 0.5
vt 0.5772542 0.7377641
vt 0.5 0.75
vt 0.5772542 0.7377641
vt 0.6545085 0.9755282
vt 0.5 1
vt 0.5 0.75
vt -0.25 1
vt -0.25 0.5
vt 1 0.5
vt 0.75 0.5
vt 0.5 0.5
vt 0.25 0.5
vt -0.75 0
vt -0.75 0.5
vt 0 0.5
vt 0.25 0.5
vt 0.5 0.5
vt 0.75 0.5
usemtl Material
f 3/3/3 2/2/2 1/1/1
f 3/3/3 1/1/1 4/4/4
f 7/7/7 6/6/6 5/5/5
f 7/7/7 5/5/5 8/8/8
f 11/11/11 10/10/10 9/9/9
f 11/11/11 9/9/9 12/12/12
f 15/15/15 14/14/14 13/13/13
f 15/15/15 13/13/13 16/16/16
f 19/19/19 18/18/18 17/17/17
f 19/19/19 17/17/17 20/20/20
f 23/23/23 22/22/22 21/21/21
f 23/23/23 21/21/21 24/24/24
f 27/27/27 26/26/26 25/25/25
f 27/27/27 25/25/25 28/28/28
f 31/31/31 30/30/30 29/29/29
f 31/31/31 29/29/29 32/32/32
f 35/35/35 34/34/34 33/33/33
f 35/35/35 33/33/33 36/36/36
f 39/39/39 38/38/38 37/37/37
f 39/39/39 37/37/37 40/40/40
f 43/43/43 42/42/42 41/41/41
f 43/43/43 41/41/41 44/44/44
f 47/47/47 46/46/46 45/45/45
f 47/47/47 45/45/45 48/48/48
f 51/51/51 50/50/50 49/49/49
f 51/51/51 49/49/49 52/52/52
f 55/55/55 54/54/54 53/53/53
f 55/55/55 53/53/53 56/56/56
f 59/59/59 58/58/58 57/57/57
f 59/59/59 57/57/57 60/60/60
f 63/63/63 62/62/62 61/61/61
f 63/63/63 61/61/61 64/64/64
f 67/67/67 66/66/66 65/65/65
f 67/67/67 65/65/65 68/68/68
f 71/71/71 70/70/70 69/69/69
f 71/71/71 69/69/69 72/72/72
f 75/75/75 74/74/74 73/73/73
f 75/75/75 73/73/73 76/76/76
f 79/79/79 78/78/78 77/77/77
f 79/79/79 77/77/77 80/80/80
f 83/83/83 82/82/82 81/81/81
f 86/86/86 85/85/85 84/84/84
f 86/86/86 84/84/84 87/87/87
f 90/90/90 89/89/89 88/88/88
f 93/93/93 92/92/92 91/91/91
f 93/93/93 91/91/91 94/94/94
f 97/97/97 96/96/96 95/95/95
f 100/100/100 99/99/99 98/98/98
f 100/100/100 98/98/98 101/101/101
f 104/104/104 103/103/103 102/102/102
f 107/107/107 106/106/106 105/105/105
f 107/107/107 105/105/105 108/108/108
f 111/111/111 110/110/110 109/109/109
f 114/114/114 113/113/113 112/112/112
f 114/114/114 112/112/112 115/115/115
f 118/118/118 117/117/117 116/116/116
f 121/121/121 120/120/120 119/119/119
f 121/121/121 119/119/119 122/122/122
f 125/125/125 124/124/124 123/123/123
f 128/128/128 127/127/127 126/126/126
f 128/128/128 126/126/126 129/129/129
f 132/132/132 131/131/131 130/130/130
f 135/135/135 134/134/134 133/133/133
f 135/135/135 133/133/133 136/136/136
f 139/139/139 138/138/138 137/137/137
f 142/142/142 141/141/141 140/140/140
f 142/142/142 140/140/140 143/143/143
f 146/146/146 145/145/145 144/144/144
f 149/149/149 148/148/148 147/147/147
f 149/149/149 147/147/147 150/150/150
f 153/153/153 152/152/152 151/151/151
f 156/156/156 155/155/155 154/154/154
f 156/156/156 154/154/154 157/157/157
f 160/160/160 159/159/159 158/158/158
f 163/163/163 162/162/162 161/161/161
f 163/163/163 161/161/161 164/164/164
f 167/167/167 166/166/166 165/165/165
f 170/170/170 169/169/169 168/168/168
f 170/170/170 168/168/168 171/171/171
f 174/174/174 173/173/173 172/172/172
f 177/177/177 176/176/176 175/175/175
f 177/177/177 175/175/175 178/178/178
f 181/181/181 180/180/180 179/179/179
f 184/184/184 183/183/183 182/182/182
f 184/184/184 182/182/182 185/185/185
f 188/188/188 187/187/187 186/186/186
f 191/191/191 190/190/190 189/189/189
f 191/191/191 189/189/189 192/192/192
f 195/195/195 194/194/194 193/193/193
f 198/198/198 197/197/197 196/196/196
f 198/198/198 196/196/196 199/199/199
f 202/202/202 201/201/201 200/200/200
f 205/205/205 204/204/204 203/203/203
f 205/205/205 203/203/203 206/206/206
f 209/209/209 208/208/208 207/207/207
f 212/212/212 211/211/211 210/210/210
f 212/212/212 210/210/210 213/213/213
f 216/216/216 215/215/215 214/214/214
f 219/219/219 218/218/218 217/217/217
f 219/219/219 217/217/217 220/220/220
f 228/228/228 227/227/227 226/226/226
f 230/230/230 228/228/228 226/226/226
f 230/230/230 229/229/229 228/228/228
f 230/230/230 226/226/226 225/225/225
f 230/230/230 225/225/225 231/231/231
f 224/224/224 231/231/231 225/225/225
f 224/224/224 232/232/232 231/231/231
f 222/222/222 232/232/232 224/224/224
f 222/222/222 221/221/221 232/232/232
f 223/223/223 222/222/222 224/224/224
o 圆柱体 1
v -0.2304467 0.2875057 0.5039116
v -0.2278301 0.288567 0.486948
v -0.1525349 0.278279 0.4979188
v -0.1551516 0.2772177 0.5148824
v -0.2278301 0.288567 0.486948
v -0.2252134 0.2896283 0.4699843
v -0.1499182 0.2793403 0.4809551
v -0.1525349 0.278279 0.4979188
v -0.2991256 0.320735 0.4953966
v -0.2965089 0.3217963 0.478433
v -0.2278301 0.288567 0.486948
v -0.2304467 0.2875057 0.5039116
v -0.2965089 0.3217963 0.478433
v -0.2938922 0.3228576 0.4614693
v -0.2252134 0.2896283 0.4699843
v -0.2278301 0.288567 0.486948
v -0.3544654 0.373653 0.4901709
v -0.3518488 0.3747142 0.4732072
v -0.2965089 0.3217963 0.478433
v -0.2991256 0.320735 0.4953966
v -0.3518488 0.3747142 0.4732072
v -0.349232 0.3757755 0.4562436
v -0.2938922 0.3228576 0.4614693
v -0.2965089 0.3217963 0.478433
v -0.3910491 0.4410796 0.4887461
v -0.3884324 0.4421408 0.4717824
v -0.3518488 0.3747142 0.4732072
v -0.3544654 0.373653 0.4901709
v -0.3884324 0.4421408 0.4717824
v -0.3858157 0.4432021 0.4548188
v -0.349232 0.3757755 0.4562436
v -0.3518488 0.3747142 0.4732072
v -0.4052957 0.5164146 0.4912616
v -0.402679 0.5174758 0.4742979
v -0.3884324 0.4421408 0.4717824
v -0.3910491 0.4410796 0.4887461
v -0.402679 0.5174758 0.4742979
v -0.4000623 0.5185371 0.4573343
v -0.3858157 0.4432021 0.4548188
v -0.3884324 0.4421408 0.4717824
v 0.07009927 0.4514588 0.5605286
v 0.07271595 0.45252 0.543565
v 0.08220113 0.5283892 0.5497746
v 0.07958446 0.527328 0.5667382
v 0.07271595 0.45252 0.543565
v 0.07533265 0.4535813 0.5266013
v 0.08481783 0.5294505 0.5328109
v 0.08220113 0.5283892 0.5497746
v 0.03781082 0.3824821 0.5512328
v 0.04042749 0.3835433 0.5342692
v 0.07271595 0.45252 0.543565
v 0.07009927 0.4514588 0.5605286
v 0.04042749 0.3835433 0.5342692
v 0.04304418 0.3846046 0.5173055
v 0.07533265 0.4535813 0.5266013
v 0.07271595 0.45252 0.543565
v -0.01412031 0.3271497 0.5397606
v -0.01150362 0.328211 0.522797
v 0.04042749 0.3835433 0.5342692
v 0.03781082 0.3824821 0.5512328
v -0.01150362 0.328211 0.522797
v -0.008886933 0.3292723 0.5058333
v 0.04304418 0.3846046 0.5173055
v 0.04042749 0.3835433 0.5342692
v -0.08061056 0.2908781 0.5272352
v -0.07799387 0.2919394 0.5102715
v -0.01150362 0.328211 0.522797
v -0.01412031 0.3271497 0.5397606
v -0.07799387 0.2919394 0.5102715
v -0.07537719 0.2930007 0.4933078
v -0.008886933 0.3292723 0.5058333
v -0.01150362 0.328211 0.522797
v -0.1551516 0.2772177 0.5148824
v -0.1525349 0.278279 0.4979188
v -0.07799387 0.2919394 0.5102715
v -0.08061056 0.2908781 0.5272352
v -0.1525349 0.278279 0.4979188
v -0.1499182 0.2793403 0.4809551
v -0.07537719 0.2930007 0.4933078
v -0.07799387 0.2919394 0.5102715
v -0.1576223 0.5239938 0.4950726
v -0.1537702 0.4016671 0.4880139
v -0.1914178 0.406811 0.4825284
v -0.1537702 0.4016671 0.4880139
v -0.1499182 0.2793403 0.4809551
v -0.2252134 0.2896283 0.4699843
v -0.1914178 0.406811 0.4825284
v -0.1576223 0.5239938 0.4950726
v -0.1914178 0.406811 0.4825284
v -0.2257572 0.4234257 0.4782709
v -0.1914178 0.406811 0.4825284
v -0.2252134 0.2896283 0.4699843
v -0.2938922 0.3228576 0.4614693
v -0.2257572 0.4234257 0.4782709
v -0.1576223 0.5239938 0.4950726
v -0.2257572 0.4234257 0.4782709
v -0.2534271 0.4498847 0.4756581
v -0.2257572 0.4234257 0.4782709
v -0.2938922 0.3228576 0.4614693
v -0.349232 0.3757755 0.4562436
v -0.2534271 0.4498847 0.4756581
v -0.1576223 0.5239938 0.4950726
v -0.2534271 0.4498847 0.4756581
v -0.271719 0.483598 0.4749457
v -0.2534271 0.4498847 0.4756581
v -0.349232 0.3757755 0.4562436
v -0.3858157 0.4432021 0.4548188
v -0.271719 0.483598 0.4749457
v -0.1576223 0.5239938 0.4950726
v -0.271719 0.483598 0.4749457
v -0.2788423 0.5212654 0.4762034
v -0.271719 0.483598 0.4749457
v -0.3858157 0.4432021 0.4548188
v -0.4000623 0.5185371 0.4573343
v -0.2788423 0.5212654 0.4762034
v -0.1576223 0.5239938 0.4950726
v -0.03640223 0.5267221 0.5139418
v -0.04114483 0.4887876 0.510837
v -0.03640223 0.5267221 0.5139418
v 0.08481783 0.5294505 0.5328109
v 0.07533265 0.4535813 0.5266013
v -0.04114483 0.4887876 0.510837
v -0.1576223 0.5239938 0.4950726
v -0.04114483 0.4887876 0.510837
v -0.05728906 0.4542992 0.506189
v -0.04114483 0.4887876 0.510837
v 0.07533265 0.4535813 0.5266013
v 0.04304418 0.3846046 0.5173055
v -0.05728906 0.4542992 0.506189
v -0.1576223 0.5239938 0.4950726
v -0.05728906 0.4542992 0.506189
v -0.0832546 0.426633 0.500453
v -0.05728906 0.4542992 0.506189
v 0.04304418 0.3846046 0.5173055
v -0.008886933 0.3292723 0.5058333
v -0.0832546 0.426633 0.500453
v -0.1576223 0.5239938 0.4950726
v -0.0832546 0.426633 0.500453
v -0.1164997 0.4084972 0.4941902
v -0.0832546 0.426633 0.500453
v -0.008886933 0.3292723 0.5058333
v -0.07537719 0.2930007 0.4933078
v -0.1164997 0.4084972 0.4941902
v -0.1576223 0.5239938 0.4950726
v -0.1164997 0.4084972 0.4941902
v -0.1537702 0.4016671 0.4880139
v -0.1164997 0.4084972 0.4941902
v -0.07537719 0.2930007 0.4933078
v -0.1499182 0.2793403 0.4809551
v -0.1537702 0.4016671 0.4880139
v -0.1628556 0.5218713 0.5289999
v -0.1590036 0.3995445 0.5219411
v -0.1217331 0.4063747 0.5281175
v -0.1590036 0.3995445 0.5219411
v -0.1551516 0.2772177 0.5148824
v -0.08061056 0.2908781 0.5272352
v -0.1217331 0.4063747 0.5281175
v -0.1628556 0.5218713 0.5289999
v -0.1217331 0.4063747 0.5281175
v -0.08848797 0.4245105 0.5343803
v -0.1217331 0.4063747 0.5281175
v -0.08061056 0.2908781 0.5272352
v -0.01412031 0.3271497 0.5397606
v -0.08848797 0.4245105 0.5343803
v -0.1628556 0.5218713 0.5289999
v -0.08848797 0.4245105 0.5343803
v -0.06252243 0.4521767 0.5401164
v -0.08848797 0.4245105 0.5343803
v -0.01412031 0.3271497 0.5397606
v 0.03781082 0.3824821 0.5512328
v -0.06252243 0.4521767 0.5401164
v -0.1628556 0.5218713 0.5289999
v -0.06252243 0.4521767 0.5401164
v -0.0463782 0.486665 0.5447643
v -0.06252243 0.4521767 0.5401164
v 0.03781082 0.3824821 0.5512328
v 0.07009927 0.4514588 0.5605286
v -0.0463782 0.486665 0.5447643
v -0.1628556 0.5218713 0.5289999
v -0.0463782 0.486665 0.5447643
v -0.0416356 0.5245996 0.5478691
v -0.0463782 0.486665 0.5447643
v 0.07009927 0.4514588 0.5605286
v 0.07958446 0.527328 0.5667382
v -0.0416356 0.5245996 0.5478691
v -0.1628556 0.5218713 0.5289999
v -0.2840757 0.5191429 0.5101308
v -0.2769524 0.4814754 0.508873
v -0.2840757 0.5191429 0.5101308
v -0.4052957 0.5164146 0.4912616
v -0.3910491 0.4410796 0.4887461
v -0.2769524 0.4814754 0.508873
v -0.1628556 0.5218713 0.5289999
v -0.2769524 0.4814754 0.508873
v -0.2586605 0.4477621 0.5095854
v -0.2769524 0.4814754 0.508873
v -0.3910491 0.4410796 0.4887461
v -0.3544654 0.373653 0.4901709
v -0.2586605 0.4477621 0.5095854
v -0.1628556 0.5218713 0.5289999
v -0.2586605 0.4477621 0.5095854
v -0.2309906 0.4213032 0.5121983
v -0.2586605 0.4477621 0.5095854
v -0.3544654 0.373653 0.4901709
v -0.2991256 0.320735 0.4953966
v -0.2309906 0.4213032 0.5121983
v -0.1628556 0.5218713 0.5289999
v -0.2309906 0.4213032 0.5121983
v -0.1966512 0.4046885 0.5164558
v -0.2309906 0.4213032 0.5121983
v -0.2991256 0.320735 0.4953966
v -0.2304467 0.2875057 0.5039116
v -0.1966512 0.4046885 0.5164558
v -0.1628556 0.5218713 0.5289999
v -0.1966512 0.4046885 0.5164558
v -0.1590036 0.3995445 0.5219411
v -0.1966512 0.4046885 0.5164558
v -0.2304467 0.2875057 0.5039116
v -0.1551516 0.2772177 0.5148824
v -0.1590036 0.3995445 0.5219411
v -0.4000623 0.5185371 0.4573343
v -0.402679 0.5174758 0.4742979
v -0.4052957 0.5164146 0.4912616
v -0.2840757 0.5191429 0.5101308
v -0.1628556 0.5218713 0.5289999
v -0.0416356 0.5245996 0.5478691
v 0.07958446 0.527328 0.5667382
v 0.08220113 0.5283892 0.5497746
v 0.08481783 0.5294505 0.5328109
v -0.03640223 0.5267221 0.5139418
v -0.1576223 0.5239938 0.4950726
v -0.2788423 0.5212654 0.4762034
vn 0.2751223 0.9559571 0.1022443
vn 0.2751223 0.9559571 0.1022443
vn -0.03142181 0.9978463 0.05757976
vn -0.03142181 0.9978463 0.05757976
vn 0.2751223 0.9559571 0.1022443
vn 0.2751223 0.9559571 0.1022443
vn -0.03142181 0.9978463 0.05757976
vn -0.03142181 0.9978463 0.05757976
vn 0.5548669 0.8205936 0.136927
vn 0.5548669 0.8205936 0.136927
vn 0.2751223 0.9559571 0.1022443
vn 0.2751223 0.9559571 0.1022443
vn 0.5548669 0.8205936 0.136927
vn 0.5548669 0.8205936 0.136927
vn 0.2751223 0.9559571 0.1022443
vn 0.2751223 0.9559571 0.1022443
vn 0.7804566 0.6048566 0.158228
vn 0.7804566 0.6048566 0.158228
vn 0.5548669 0.8205936 0.136927
vn 0.5548669 0.8205936 0.136927
vn 0.7804566 0.6048566 0.158228
vn 0.7804566 0.6048566 0.158228
vn 0.5548669 0.8205936 0.136927
vn 0.5548669 0.8205936 0.136927
vn 0.9297063 0.3297536 0.1640392
vn 0.9297063 0.3297536 0.1640392
vn 0.7804566 0.6048566 0.158228
vn 0.7804566 0.6048566 0.158228
vn 0.9297063 0.3297536 0.1640392
vn 0.9297063 0.3297536 0.1640392
vn 0.7804566 0.6048566 0.158228
vn 0.7804566 0.6048566 0.158228
vn 0.9707509 0.1782058 0.1608894
vn 0.9707509 0.1782058 0.1608894
vn 0.9297063 0.3297536 0.1640392
vn 0.9297063 0.3297536 0.1640392
vn 0.9707509 0.1782058 0.1608894
vn 0.9707509 0.1782058 0.1608894
vn 0.9297063 0.3297536 0.1640392
vn 0.9297063 0.3297536 0.1640392
vn -0.9491422 0.2874659 -0.1284232
vn -0.9491421 0.2874659 -0.1284232
vn -0.9805912 0.1342861 -0.1428574
vn -0.9805912 0.1342861 -0.1428574
vn -0.9491421 0.2874659 -0.1284232
vn -0.9491422 0.2874659 -0.1284232
vn -0.9805912 0.1342861 -0.1428574
vn -0.9805912 0.1342861 -0.1428574
vn -0.8174172 0.568893 -0.09049779
vn -0.8174173 0.568893 -0.09049785
vn -0.9491421 0.2874659 -0.1284232
vn -0.9491422 0.2874659 -0.1284232
vn -0.8174173 0.568893 -0.09049785
vn -0.8174172 0.568893 -0.09049779
vn -0.9491422 0.2874659 -0.1284232
vn -0.9491421 0.2874659 -0.1284232
vn -0.6057243 0.7944719 -0.04373115
vn -0.6057243 0.7944719 -0.04373115
vn -0.8174173 0.568893 -0.09049785
vn -0.8174172 0.568893 -0.09049779
vn -0.6057243 0.7944719 -0.04373115
vn -0.6057243 0.7944719 -0.04373115
vn -0.8174172 0.568893 -0.09049779
vn -0.8174173 0.568893 -0.09049785
vn -0.3348953 0.9422271 0.007288694
vn -0.3348953 0.9422271 0.007288694
vn -0.6057243 0.7944719 -0.04373115
vn -0.6057243 0.7944719 -0.04373115
vn -0.3348953 0.9422271 0.007288694
vn -0.3348953 0.9422271 0.007288694
vn -0.6057243 0.7944719 -0.04373115
vn -0.6057243 0.7944719 -0.04373115
vn -0.03142181 0.9978463 0.05757976
vn -0.03142181 0.9978463 0.05757976
vn -0.3348953 0.9422271 0.007288694
vn -0.3348953 0.9422271 0.007288694
vn -0.03142181 0.9978463 0.05757976
vn -0.03142181 0.9978463 0.05757976
vn -0.3348953 0.9422271 0.007288694
vn -0.3348953 0.9422271 0.007288694
vn -0.1521588 -0.06171227 0.9864276
vn -0.1521588 -0.06171227 0.9864276
vn -0.1521588 -0.06171227 0.9864276
vn -0.1521588 -0.06171227 0.9864276
vn -0.1521588 -0.06171227 0.9864277
vn -0.1521588 -0.06171227 0.9864277
vn -0.1521588 -0.06171227 0.9864276
vn -0.1521588 -0.06171227 0.9864276
vn -0.1521588 -0.06171227 0.9864276
vn -0.1521588 -0.06171227 0.9864276
vn -0.1521588 -0.06171227 0.9864276
vn -0.1521588 -0.06171227 0.9864277
vn -0.1521588 -0.06171227 0.9864276
vn -0.1521588 -0.06171227 0.9864276
vn -0.1521588 -0.06171227 0.9864276
vn -0.1521588 -0.06171227 0.9864276
vn -0.1521588 -0.06171227 0.9864276
vn -0.1521588 -0.06171227 0.9864276
vn -0.1521588 -0.06171227 0.9864276
vn -0.1521588 -0.06171227 0.9864276
vn -0.1521588 -0.06171227 0.9864276
vn -0.1521588 -0.06171227 0.9864276
vn -0.1521588 -0.06171227 0.9864276
vn -0.1521588 -0.06171227 0.9864276
vn -0.1521588 -0.06171227 0.9864276
vn -0.1521588 -0.06171227 0.9864276
vn -0.1521588 -0.06171227 0.9864276
vn -0.1521588 -0.06171227 0.9864276
vn -0.1521588 -0.06171227 0.9864276
vn -0.1521588 -0.06171227 0.9864276
vn -0.1521588 -0.06171227 0.9864276
vn -0.1521588 -0.06171227 0.9864276
vn -0.1521588 -0.06171227 0.9864276
vn -0.1521588 -0.06171227 0.9864276
vn -0.1521588 -0.06171227 0.9864276
vn -0.1521588 -0.06171227 0.9864276
vn -0.1521588 -0.06171227 0.9864276
vn -0.1521588 -0.06171227 0.9864276
vn -0.1521588 -0.06171227 0.9864276
vn -0.1521588 -0.06171227 0.9864276
vn -0.1521588 -0.06171227 0.9864276
vn -0.1521588 -0.06171227 0.9864276
vn -0.1521588 -0.06171227 0.9864276
vn -0.1521588 -0.06171227 0.9864276
vn -0.1521588 -0.06171227 0.9864276
vn -0.1521588 -0.06171227 0.9864276
vn -0.1521588 -0.06171227 0.9864276
vn -0.1521588 -0.06171227 0.9864276
vn -0.1521588 -0.06171227 0.9864276
vn -0.1521588 -0.06171227 0.9864276
vn -0.1521588 -0.06171227 0.9864276
vn -0.1521588 -0.06171227 0.9864276
vn -0.1521588 -0.06171227 0.9864276
vn -0.1521588 -0.06171227 0.9864276
vn -0.1521588 -0.06171227 0.9864277
vn -0.1521588 -0.06171227 0.9864276
vn -0.1521588 -0.06171227 0.9864276
vn -0.1521588 -0.06171227 0.9864276
vn -0.1521588 -0.06171227 0.9864276
vn -0.1521588 -0.06171227 0.9864276
vn -0.1521588 -0.06171227 0.9864277
vn -0.1521588 -0.06171227 0.9864276
vn -0.1521588 -0.06171227 0.9864276
vn -0.1521588 -0.06171227 0.9864276
vn -0.1521588 -0.06171227 0.9864276
vn -0.1521588 -0.06171227 0.9864276
vn -0.1521588 -0.06171227 0.9864276
vn -0.1521588 -0.06171227 0.9864276
vn -0.1521588 -0.06171227 0.9864277
vn -0.1521588 -0.06171227 0.9864276
vn 0.1521588 0.06171227 -0.9864276
vn 0.1521588 0.06171227 -0.9864276
vn 0.1521588 0.06171227 -0.9864276
vn 0.1521588 0.06171227 -0.9864276
vn 0.1521588 0.06171227 -0.9864277
vn 0.1521588 0.06171227 -0.9864276
vn 0.1521588 0.06171227 -0.9864276
vn 0.1521588 0.06171227 -0.9864276
vn 0.1521588 0.06171227 -0.9864276
vn 0.1521588 0.06171227 -0.9864276
vn 0.1521588 0.06171227 -0.9864276
vn 0.1521588 0.06171227 -0.9864276
vn 0.1521588 0.06171227 -0.9864277
vn 0.1521588 0.06171227 -0.9864276
vn 0.1521588 0.06171227 -0.9864276
vn 0.1521588 0.06171227 -0.9864276
vn 0.1521588 0.06171227 -0.9864276
vn 0.1521588 0.06171227 -0.9864276
vn 0.1521588 0.06171227 -0.9864277
vn 0.1521588 0.06171227 -0.9864276
vn 0.1521588 0.06171227 -0.9864276
vn 0.1521588 0.06171227 -0.9864276
vn 0.1521588 0.06171227 -0.9864276
vn 0.1521588 0.06171227 -0.9864276
vn 0.1521588 0.06171227 -0.9864276
vn 0.1521588 0.06171227 -0.9864276
vn 0.1521588 0.06171227 -0.9864276
vn 0.1521588 0.06171227 -0.9864276
vn 0.1521588 0.06171227 -0.9864276
vn 0.1521588 0.06171227 -0.9864276
vn 0.1521588 0.06171227 -0.9864276
vn 0.1521588 0.06171227 -0.9864276
vn 0.1521588 0.06171227 -0.9864276
vn 0.1521588 0.06171227 -0.9864276
vn 0.1521588 0.06171227 -0.9864276
vn 0.1521588 0.06171227 -0.9864276
vn 0.1521588 0.06171227 -0.9864276
vn 0.1521588 0.06171227 -0.9864276
vn 0.1521588 0.06171227 -0.9864276
vn 0.1521588 0.06171227 -0.9864276
vn 0.1521588 0.06171227 -0.9864276
vn 0.1521588 0.06171227 -0.9864276
vn 0.1521588 0.06171227 -0.9864276
vn 0.1521588 0.06171227 -0.9864276
vn 0.1521588 0.06171227 -0.9864276
vn 0.1521588 0.06171227 -0.9864276
vn 0.1521588 0.06171227 -0.9864276
vn 0.1521588 0.06171227 -0.9864276
vn 0.1521588 0.06171227 -0.9864276
vn 0.1521588 0.06171227 -0.9864276
vn 0.1521588 0.06171227 -0.9864276
vn 0.1521588 0.06171227 -0.9864276
vn 0.1521588 0.06171227 -0.9864276
vn 0.1521588 0.06171227 -0.9864276
vn 0.1521588 0.06171227 -0.9864276
vn 0.1521588 0.06171227 -0.9864276
vn 0.1521588 0.06171227 -0.9864276
vn 0.1521588 0.06171227 -0.9864276
vn 0.1521588 0.06171227 -0.9864276
vn 0.1521588 0.06171227 -0.9864276
vn 0.1521588 0.06171227 -0.9864276
vn 0.1521588 0.06171227 -0.9864277
vn 0.1521588 0.06171227 -0.9864276
vn 0.1521588 0.06171227 -0.9864276
vn 0.1521588 0.06171227 -0.9864276
vn 0.1521588 0.06171227 -0.9864276
vn 0.1521588 0.06171227 -0.9864276
vn 0.1521588 0.06171227 -0.9864277
vn 0.1521588 0.06171227 -0.9864277
vn 0.1521588 0.06171227 -0.9864276
vn 0.03142176 -0.9978463 -0.05757976
vn 0 0 0
vn 0.03142176 -0.9978463 -0.05757976
vn 0 0 0
vn 0 0 0
vn 0 0 0
vn 0.03142176 -0.9978463 -0.05757976
vn 0 0 0
vn 0.03142176 -0.9978463 -0.05757976
vn 0 0 0
vn 0 0 0
vn 0 0 0
vt -0.05 0
vt -0.05 0.5
vt 0 0.5
vt 0 0
vt -0.05 0.5
vt -0.05 1
vt 0 1
vt 0 0.5
vt -0.1 0
vt -0.1 0.5
vt -0.05 0.5
vt -0.05 0
vt -0.1 0.5
vt -0.1 1
vt -0.05 1
vt -0.05 0.5
vt -0.15 0
vt -0.15 0.5
vt -0.1 0.5
vt -0.1 0
vt -0.15 0.5
vt -0.15 1
vt -0.1 1
vt -0.1 0.5
vt -0.2 0
vt -0.2 0.5
vt -0.15 0.5
vt -0.15 0
vt -0.2 0.5
vt -0.2 1
vt -0.15 1
vt -0.15 0.5
vt -0.25 0
vt -0.25 0.5
vt -0.2 0.5
vt -0.2 0
vt -0.25 0.5
vt -0.25 1
vt -0.2 1
vt -0.2 0.5
vt -0.8 0
vt -0.8 0.5
vt -0.75 0.5
vt -0.75 0
vt -0.8 0.5
vt -0.8 1
vt -0.75 1
vt -0.75 0.5
vt -0.85 0
vt -0.85 0.5
vt -0.8 0.5
vt -0.8 0
vt -0.85 0.5
vt -0.85 1
vt -0.8 1
vt -0.8 0.5
vt -0.9 0
vt -0.9 0.5
vt -0.85 0.5
vt -0.85 0
vt -0.9 0.5
vt -0.9 1
vt -0.85 1
vt -0.85 0.5
vt -0.95 0
vt -0.95 0.5
vt -0.9 0.5
vt -0.9 0
vt -0.95 0.5
vt -0.95 1
vt -0.9 1
vt -0.9 0.5
vt -1 0
vt -1 0.5
vt -0.95 0.5
vt -0.95 0
vt -1 0.5
vt -1 1
vt -0.95 1
vt -0.95 0.5
vt 0.5 0.5
vt 0.5 0.75
vt 0.5772542 0.7377641
vt 0.5 0.75
vt 0.5 1
vt 0.6545085 0.9755282
vt 0.5772542 0.7377641
vt 0.5 0.5
vt 0.5772542 0.7377641
vt 0.6469463 0.7022542
vt 0.5772542 0.7377641
vt 0.6545085 0.9755282
vt 0.7938926 0.9045085
vt 0.6469463 0.7022542
vt 0.5 0.5
vt 0.6469463 0.7022542
vt 0.7022542 0.6469463
vt 0.6469463 0.7022542
vt 0.7938926 0.9045085
vt 0.9045085 0.7938926
vt 0.7022542 0.6469463
vt 0.5 0.5
vt 0.7022542 0.6469463
vt 0.7377641 0.5772542
vt 0.7022542 0.6469463
vt 0.9045085 0.7938926
vt 0.9755282 0.6545085
vt 0.7377641 0.5772542
vt 0.5 0.5
vt 0.7377641 0.5772542
vt 0.75 0.5
vt 0.7377641 0.5772542
vt 0.9755282 0.6545085
vt 1 0.5
vt 0.75 0.5
vt 0.5 0.5
vt 0.25 0.5
vt 0.2622359 0.5772543
vt 0.25 0.5
vt 0 0.5
vt 0.02447176 0.6545086
vt 0.2622359 0.5772543
vt 0.5 0.5
vt 0.2622359 0.5772543
vt 0.2977458 0.6469464
vt 0.2622359 0.5772543
vt 0.02447176 0.6545086
vt 0.09549159 0.7938927
vt 0.2977458 0.6469464
vt 0.5 0.5
vt 0.2977458 0.6469464
vt 0.3530537 0.7022543
vt 0.2977458 0.6469464
vt 0.09549159 0.7938927
vt 0.2061075 0.9045086
vt 0.3530537 0.7022543
vt 0.5 0.5
vt 0.3530537 0.7022543
vt 0.4227458 0.7377641
vt 0.3530537 0.7022543
vt 0.2061075 0.9045086
vt 0.3454915 0.9755282
vt 0.4227458 0.7377641
vt 0.5 0.5
vt 0.4227458 0.7377641
vt 0.5000001 0.75
vt 0.4227458 0.7377641
vt 0.3454915 0.9755282
vt 0.5000001 1
vt 0.5000001 0.75
vt 0.5 0.5
vt 0.5000001 0.75
vt 0.4227458 0.7377641
vt 0.5000001 0.75
vt 0.5000001 1
vt 0.3454915 0.9755282
vt 0.4227458 0.7377641
vt 0.5 0.5
vt 0.4227458 0.7377641
vt 0.3530537 0.7022543
vt 0.4227458 0.7377641
vt 0.3454915 0.9755282
vt 0.2061075 0.9045086
vt 0.3530537 0.7022543
vt 0.5 0.5
vt 0.3530537 0.7022543
vt 0.2977458 0.6469464
vt 0.3530537 0.7022543
vt 0.2061075 0.9045086
vt 0.09549159 0.7938927
vt 0.2977458 0.6469464
vt 0.5 0.5
vt 0.2977458 0.6469464
vt 0.2622359 0.5772543
vt 0.2977458 0.6469464
vt 0.09549159 0.7938927
vt 0.02447176 0.6545086
vt 0.2622359 0.5772543
vt 0.5 0.5
vt 0.2622359 0.5772543
vt 0.25 0.5
vt 0.2622359 0.5772543
vt 0.02447176 0.6545086
vt 0 0.5
vt 0.25 0.5
vt 0.5 0.5
vt 0.75 0.5
vt 0.7377641 0.5772542
vt 0.75 0.5
vt 1 0.5
vt 0.9755282 0.6545085
vt 0.7377641 0.5772542
vt 0.5 0.5
vt 0.7377641 0.5772542
vt 0.7022542 0.6469463
vt 0.7377641 0.5772542
vt 0.9755282 0.6545085
vt 0.9045085 0.7938926
vt 0.7022542 0.6469463
vt 0.5 0.5
vt 0.7022542 0.6469463
vt 0.6469463 0.7022542
vt 0.7022542 0.6469463
vt 0.9045085 0.7938926
vt 0.7938926 0.9045085
vt 0.6469463 0.7022542
vt 0.5 0.5
vt 0.6469463 0.7022542
vt 0.5772542 0.7377641
vt 0.6469463 0.7022542
vt 0.7938926 0.9045085
vt 0.6545085 0.9755282
vt 0.5772542 0.7377641
vt 0.5 0.5
vt 0.5772542 0.7377641
vt 0.5 0.75
vt 0.5772542 0.7377641
vt 0.6545085 0.9755282
vt 0.5 1
vt 0.5 0.75
vt -0.25 1
vt -0.25 0.5
vt 1 0.5
vt 0.75 0.5
vt 0.5 0.5
vt 0.25 0.5
vt -0.75 0
vt -0.75 0.5
vt 0 0.5
vt 0.25 0.5
vt 0.5 0.5
vt 0.75 0.5
usemtl Material 1
f 235/235/235 234/234/234 233/233/233
f 235/235/235 233/233/233 236/236/236
f 239/239/239 238/238/238 237/237/237
f 239/239/239 237/237/237 240/240/240
f 243/243/243 242/242/242 241/241/241
f 243/243/243 241/241/241 244/244/244
f 247/247/247 246/246/246 245/245/245
f 247/247/247 245/245/245 248/248/248
f 251/251/251 250/250/250 249/249/249
f 251/251/251 249/249/249 252/252/252
f 255/255/255 254/254/254 253/253/253
f 255/255/255 253/253/253 256/256/256
f 259/259/259 258/258/258 257/257/257
f 259/259/259 257/257/257 260/260/260
f 263/263/263 262/262/262 261/261/261
f 263/263/263 261/261/261 264/264/264
f 267/267/267 266/266/266 265/265/265
f 267/267/267 265/265/265 268/268/268
f 271/271/271 270/270/270 269/269/269
f 271/271/271 269/269/269 272/272/272
f 275/275/275 274/274/274 273/273/273
f 275/275/275 273/273/273 276/276/276
f 279/279/279 278/278/278 277/277/277
f 279/279/279 277/277/277 280/280/280
f 283/283/283 282/282/282 281/281/281
f 283/283/283 281/281/281 284/284/284
f 287/287/287 286/286/286 285/285/285
f 287/287/287 285/285/285 288/288/288
f 291/291/291 290/290/290 289/289/289
f 291/291/291 289/289/289 292/292/292
f 295/295/295 294/294/294 293/293/293
f 295/295/295 293/293/293 296/296/296
f 299/299/299 298/298/298 297/297/297
f 299/299/299 297/297/297 300/300/300
f 303/303/303 302/302/302 301/301/301
f 303/303/303 301/301/301 304/304/304
f 307/307/307 306/306/306 305/305/305
f 307/307/307 305/305/305 308/308/308
f 311/311/311 310/310/310 309/309/309
f 311/311/311 309/309/309 312/312/312
f 315/315/315 314/314/314 313/313/313
f 318/318/318 317/317/317 316/316/316
f 318/318/318 316/316/316 319/319/319
f 322/322/322 321/321/321 320/320/320
f 325/325/325 324/324/324 323/323/323
f 325/325/325 323/323/323 326/326/326
f 329/329/329 328/328/328 327/327/327
f 332/332/332 331/331/331 330/330/330
f 332/332/332 330/330/330 333/333/333
f 336/336/336 335/335/335 334/334/334
f 339/339/339 338/338/338 337/337/337
f 339/339/339 337/337/337 340/340/340
f 343/343/343 342/342/342 341/341/341
f 346/346/346 345/345/345 344/344/344
f 346/346/346 344/344/344 347/347/347
f 350/350/350 349/349/349 348/348/348
f 353/353/353 352/352/352 351/351/351
f 353/353/353 351/351/351 354/354/354
f 357/357/357 356/356/356 355/355/355
f 360/360/360 359/359/359 358/358/358
f 360/360/360 358/358/358 361/361/361
f 364/364/364 363/363/363 362/362/362
f 367/367/367 366/366/366 365/365/365
f 367/367/367 365/365/365 368/368/368
f 371/371/371 370/370/370 369/369/369
f 374/374/374 373/373/373 372/372/372
f 374/374/374 372/372/372 375/375/375
f 378/378/378 377/377/377 376/376/376
f 381/381/381 380/380/380 379/379/379
f 381/381/381 379/379/379 382/382/382
f 385/385/385 384/384/384 383/383/383
f 388/388/388 387/387/387 386/386/386
f 388/388/388 386/386/386 389/389/389
f 392/392/392 391/391/391 390/390/390
f 395/395/395 394/394/394 393/393/393
f 395/395/395 393/393/393 396/396/396
f 399/399/399 398/398/398 397/397/397
f 402/402/402 401/401/401 400/400/400
f 402/402/402 400/400/400 403/403/403
f 406/406/406 405/405/405 404/404/404
f 409/409/409 408/408/408 407/407/407
f 409/409/409 407/407/407 410/410/410
f 413/413/413 412/412/412 411/411/411
f 416/416/416 415/415/415 414/414/414
f 416/416/416 414/414/414 417/417/417
f 420/420/420 419/419/419 418/418/418
f 423/423/423 422/422/422 421/421/421
f 423/423/423 421/421/421 424/424/424
f 427/427/427 426/426/426 425/425/425
f 430/430/430 429/429/429 428/428/428
f 430/430/430 428/428/428 431/431/431
f 434/434/434 433/433/433 432/432/432
f 437/437/437 436/436/436 435/435/435
f 437/437/437 435/435/435 438/438/438
f 441/441/441 440/440/440 439/439/439
f 444/444/444 443/443/443 442/442/442
f 444/444/444 442/442/442 445/445/445
f 448/448/448 447/447/447 446/446/446
f 451/451/451 450/450/450 449/449/449
f 451/451/451 449/449/449 452/452/452
f 460/460/460 459/459/459 458/458/458
f 462/462/462 460/460/460 458/458/458
f 462/462/462 461/461/461 460/460/460
f 462/462/462 458/458/458 457/457/457
f 462/462/462 457/457/457 463/463/463
f 456/456/456 463/463/463 457/457/457
f 456/456/456 464/464/464 463/463/463
f 454/454/454 464/464/464 456/456/456
f 454/454/454 453/453/453 464/464/464
f 455/455/455 454/454/454 456/456/456
o 球体
v -0.09547827 0.0523982 0.125
v -0.06198462 0.0523982 0.1294095
v -0.06198462 0.03536111 0
v -0.09547827 0.0523982 0.125
v -0.1266894 0.1023484 0.2414815
v -0.06198462 0.1023484 0.25
v -0.06198462 0.0523982 0.1294095
v -0.1266894 0.1023484 0.2414815
v -0.153491 0.1818077 0.3415063
v -0.06198462 0.1818077 0.3535534
v -0.06198462 0.1023484 0.25
v -0.153491 0.1818077 0.3415063
v -0.1740566 0.2853611 0.4182582
v -0.06198462 0.2853611 0.4330127
v -0.06198462 0.1818077 0.3535534
v -0.1740566 0.2853611 0.4182582
v -0.1869846 0.4059516 0.4665063
v -0.06198462 0.4059516 0.4829629
v -0.06198462 0.2853611 0.4330127
v -0.1869846 0.4059516 0.4665063
v -0.1913942 0.5353611 0.4829629
v -0.06198462 0.5353611 0.5
v -0.06198462 0.4059516 0.4829629
v -0.1913942 0.5353611 0.4829629
v -0.1869846 0.6647707 0.4665063
v -0.06198462 0.6647707 0.4829629
v -0.06198462 0.5353611 0.5
v -0.1869846 0.6647707 0.4665063
v -0.1740566 0.7853612 0.4182581
v -0.06198462 0.7853612 0.4330127
v -0.06198462 0.6647707 0.4829629
v -0.1740566 0.7853612 0.4182581
v -0.153491 0.8889145 0.3415063
v -0.06198462 0.8889145 0.3535534
v -0.06198462 0.7853612 0.4330127
v -0.153491 0.8889145 0.3415063
v -0.1266894 0.9683738 0.2414815
v -0.06198462 0.9683738 0.25
v -0.06198462 0.8889145 0.3535534
v -0.1266894 0.9683738 0.2414815
v -0.09547825 1.018324 0.1249999
v -0.06198462 1.018324 0.1294095
v -0.06198462 0.9683738 0.25
v -0.09547825 1.018324 0.1249999
v -0.06198461 1.035361 -4.222196E-08
v -0.06198462 1.018324 0.1294095
v -0.1266894 0.0523982 0.1120719
v -0.09547827 0.0523982 0.125
v -0.06198462 0.03536111 0
v -0.1266894 0.0523982 0.1120719
v -0.1869846 0.1023484 0.2165063
v -0.1266894 0.1023484 0.2414815
v -0.09547827 0.0523982 0.125
v -0.1869846 0.1023484 0.2165063
v -0.2387613 0.1818077 0.3061862
v -0.153491 0.1818077 0.3415063
v -0.1266894 0.1023484 0.2414815
v -0.2387613 0.1818077 0.3061862
v -0.278491 0.2853611 0.375
v -0.1740566 0.2853611 0.4182582
v -0.153491 0.1818077 0.3415063
v -0.278491 0.2853611 0.375
v -0.3034661 0.4059516 0.4182581
v -0.1869846 0.4059516 0.4665063
v -0.1740566 0.2853611 0.4182582
v -0.3034661 0.4059516 0.4182581
v -0.3119846 0.5353611 0.4330127
v -0.1913942 0.5353611 0.4829629
v -0.1869846 0.4059516 0.4665063
v -0.3119846 0.5353611 0.4330127
v -0.3034661 0.6647707 0.4182581
v -0.1869846 0.6647707 0.4665063
v -0.1913942 0.5353611 0.4829629
v -0.3034661 0.6647707 0.4182581
v -0.278491 0.7853612 0.375
v -0.1740566 0.7853612 0.4182581
v -0.1869846 0.6647707 0.4665063
v -0.278491 0.7853612 0.375
v -0.2387613 0.8889145 0.3061862
v -0.153491 0.8889145 0.3415063
v -0.1740566 0.7853612 0.4182581
v -0.2387613 0.8889145 0.3061862
v -0.1869846 0.9683738 0.2165064
v -0.1266894 0.9683738 0.2414815
v -0.153491 0.8889145 0.3415063
v -0.1869846 0.9683738 0.2165064
v -0.1266893 1.018324 0.1120719
v -0.09547825 1.018324 0.1249999
v -0.1266894 0.9683738 0.2414815
v -0.1266893 1.018324 0.1120719
v -0.06198461 1.035361 -4.222196E-08
v -0.09547825 1.018324 0.1249999
v -0.153491 0.0523982 0.09150635
v -0.1266894 0.0523982 0.1120719
v -0.06198462 0.03536111 0
v -0.153491 0.0523982 0.09150635
v -0.2387613 0.1023484 0.1767767
v -0.1869846 0.1023484 0.2165063
v -0.1266894 0.0523982 0.1120719
v -0.2387613 0.1023484 0.1767767
v -0.3119846 0.1818077 0.25
v -0.2387613 0.1818077 0.3061862
v -0.1869846 0.1023484 0.2165063
v -0.3119846 0.1818077 0.25
v -0.3681709 0.2853611 0.3061862
v -0.278491 0.2853611 0.375
v -0.2387613 0.1818077 0.3061862
v -0.3681709 0.2853611 0.3061862
v -0.403491 0.4059516 0.3415063
v -0.3034661 0.4059516 0.4182581
v -0.278491 0.2853611 0.375
v -0.403491 0.4059516 0.3415063
v -0.415538 0.5353611 0.3535534
v -0.3119846 0.5353611 0.4330127
v -0.3034661 0.4059516 0.4182581
v -0.415538 0.5353611 0.3535534
v -0.403491 0.6647707 0.3415063
v -0.3034661 0.6647707 0.4182581
v -0.3119846 0.5353611 0.4330127
v -0.403491 0.6647707 0.3415063
v -0.3681708 0.7853612 0.3061862
v -0.278491 0.7853612 0.375
v -0.3034661 0.6647707 0.4182581
v -0.3681708 0.7853612 0.3061862
v -0.3119846 0.8889145 0.25
v -0.2387613 0.8889145 0.3061862
v -0.278491 0.7853612 0.375
v -0.3119846 0.8889145 0.25
v -0.2387613 0.9683738 0.1767767
v -0.1869846 0.9683738 0.2165064
v -0.2387613 0.8889145 0.3061862
v -0.2387613 0.9683738 0.1767767
v -0.1534909 1.018324 0.09150631
v -0.1266893 1.018324 0.1120719
v -0.1869846 0.9683738 0.2165064
v -0.1534909 1.018324 0.09150631
v -0.06198461 1.035361 -4.222196E-08
v -0.1266893 1.018324 0.1120719
v -0.1740566 0.0523982 0.06470475
v -0.153491 0.0523982 0.09150635
v -0.06198462 0.03536111 0
v -0.1740566 0.0523982 0.06470475
v -0.278491 0.1023484 0.125
v -0.2387613 0.1023484 0.1767767
v -0.153491 0.0523982 0.09150635
v -0.278491 0.1023484 0.125
v -0.3681709 0.1818077 0.1767767
v -0.3119846 0.1818077 0.25
v -0.2387613 0.1023484 0.1767767
v -0.3681709 0.1818077 0.1767767
v -0.4369847 0.2853611 0.2165063
v -0.3681709 0.2853611 0.3061862
v -0.3119846 0.1818077 0.25
v -0.4369847 0.2853611 0.2165063
v -0.4802428 0.4059516 0.2414814
v -0.403491 0.4059516 0.3415063
v -0.3681709 0.2853611 0.3061862
v -0.4802428 0.4059516 0.2414814
v -0.4949974 0.5353611 0.25
v -0.415538 0.5353611 0.3535534
v -0.403491 0.4059516 0.3415063
v -0.4949974 0.5353611 0.25
v -0.4802428 0.6647707 0.2414814
v -0.403491 0.6647707 0.3415063
v -0.415538 0.5353611 0.3535534
v -0.4802428 0.6647707 0.2414814
v -0.4369846 0.7853612 0.2165063
v -0.3681708 0.7853612 0.3061862
v -0.403491 0.6647707 0.3415063
v -0.4369846 0.7853612 0.2165063
v -0.3681709 0.8889145 0.1767767
v -0.3119846 0.8889145 0.25
v -0.3681708 0.7853612 0.3061862
v -0.3681709 0.8889145 0.1767767
v -0.278491 0.9683738 0.125
v -0.2387613 0.9683738 0.1767767
v -0.3119846 0.8889145 0.25
v -0.278491 0.9683738 0.125
v -0.1740565 1.018324 0.06470472
v -0.1534909 1.018324 0.09150631
v -0.2387613 0.9683738 0.1767767
v -0.1740565 1.018324 0.06470472
v -0.06198461 1.035361 -4.222196E-08
v -0.1534909 1.018324 0.09150631
v -0.1869846 0.0523982 0.03349365
v -0.1740566 0.0523982 0.06470475
v -0.06198462 0.03536111 0
v -0.1869846 0.0523982 0.03349365
v -0.3034661 0.1023484 0.06470477
v -0.278491 0.1023484 0.125
v -0.1740566 0.0523982 0.06470475
v -0.3034661 0.1023484 0.06470477
v -0.403491 0.1818077 0.09150636
v -0.3681709 0.1818077 0.1767767
v -0.278491 0.1023484 0.125
v -0.403491 0.1818077 0.09150636
v -0.4802428 0.2853611 0.112072
v -0.4369847 0.2853611 0.2165063
v -0.3681709 0.1818077 0.1767767
v -0.4802428 0.2853611 0.112072
v -0.528491 0.4059516 0.125
v -0.4802428 0.4059516 0.2414814
v -0.4369847 0.2853611 0.2165063
v -0.528491 0.4059516 0.125
v -0.5449475 0.5353611 0.1294095
v -0.4949974 0.5353611 0.25
v -0.4802428 0.4059516 0.2414814
v -0.5449475 0.5353611 0.1294095
v -0.528491 0.6647707 0.125
v -0.4802428 0.6647707 0.2414814
v -0.4949974 0.5353611 0.25
v -0.528491 0.6647707 0.125
v -0.4802428 0.7853612 0.1120719
v -0.4369846 0.7853612 0.2165063
v -0.4802428 0.6647707 0.2414814
v -0.4802428 0.7853612 0.1120719
v -0.403491 0.8889145 0.09150636
v -0.3681709 0.8889145 0.1767767
v -0.4369846 0.7853612 0.2165063
v -0.403491 0.8889145 0.09150636
v -0.3034661 0.9683738 0.06470478
v -0.278491 0.9683738 0.125
v -0.3681709 0.8889145 0.1767767
v -0.3034661 0.9683738 0.06470478
v -0.1869846 1.018324 0.03349364
v -0.1740565 1.018324 0.06470472
v -0.278491 0.9683738 0.125
v -0.1869846 1.018324 0.03349364
v -0.06198461 1.035361 -4.222196E-08
v -0.1740565 1.018324 0.06470472
v -0.1913942 0.0523982 -5.65667E-09
v -0.1869846 0.0523982 0.03349365
v -0.06198462 0.03536111 0
v -0.1913942 0.0523982 -5.65667E-09
v -0.3119846 0.1023484 -1.092785E-08
v -0.3034661 0.1023484 0.06470477
v -0.1869846 0.0523982 0.03349365
v -0.3119846 0.1023484 -1.092785E-08
v -0.415538 0.1818077 -1.545431E-08
v -0.403491 0.1818077 0.09150636
v -0.3034661 0.1023484 0.06470477
v -0.415538 0.1818077 -1.545431E-08
v -0.4949974 0.2853611 -1.892759E-08
v -0.4802428 0.2853611 0.112072
v -0.403491 0.1818077 0.09150636
v -0.4949974 0.2853611 -1.892759E-08
v -0.5449475 0.4059516 -2.111098E-08
v -0.528491 0.4059516 0.125
v -0.4802428 0.2853611 0.112072
v -0.5449475 0.4059516 -2.111098E-08
v -0.5619846 0.5353611 -2.185569E-08
v -0.5449475 0.5353611 0.1294095
v -0.528491 0.4059516 0.125
v -0.5619846 0.5353611 -2.185569E-08
v -0.5449475 0.6647707 -2.111098E-08
v -0.528491 0.6647707 0.125
v -0.5449475 0.5353611 0.1294095
v -0.5449475 0.6647707 -2.111098E-08
v -0.4949973 0.7853612 -1.892759E-08
v -0.4802428 0.7853612 0.1120719
v -0.528491 0.6647707 0.125
v -0.4949973 0.7853612 -1.892759E-08
v -0.415538 0.8889145 -1.545431E-08
v -0.403491 0.8889145 0.09150636
v -0.4802428 0.7853612 0.1120719
v -0.415538 0.8889145 -1.545431E-08
v -0.3119847 0.9683738 -1.092785E-08
v -0.3034661 0.9683738 0.06470478
v -0.403491 0.8889145 0.09150636
v -0.3119847 0.9683738 -1.092785E-08
v -0.1913941 1.018324 -5.656667E-09
v -0.1869846 1.018324 0.03349364
v -0.3034661 0.9683738 0.06470478
v -0.1913941 1.018324 -5.656667E-09
v -0.06198461 1.035361 -4.222196E-08
v -0.1869846 1.018324 0.03349364
v -0.1869846 0.0523982 -0.03349366
v -0.1913942 0.0523982 -5.65667E-09
v -0.06198462 0.03536111 0
v -0.1869846 0.0523982 -0.03349366
v -0.3034661 0.1023484 -0.06470479
v -0.3119846 0.1023484 -1.092785E-08
v -0.1913942 0.0523982 -5.65667E-09
v -0.3034661 0.1023484 -0.06470479
v -0.403491 0.1818077 -0.09150639
v -0.415538 0.1818077 -1.545431E-08
v -0.3119846 0.1023484 -1.092785E-08
v -0.403491 0.1818077 -0.09150639
v -0.4802428 0.2853611 -0.112072
v -0.4949974 0.2853611 -1.892759E-08
v -0.415538 0.1818077 -1.545431E-08
v -0.4802428 0.2853611 -0.112072
v -0.528491 0.4059516 -0.1250001
v -0.5449475 0.4059516 -2.111098E-08
v -0.4949974 0.2853611 -1.892759E-08
v -0.528491 0.4059516 -0.1250001
v -0.5449475 0.5353611 -0.1294096
v -0.5619846 0.5353611 -2.185569E-08
v -0.5449475 0.4059516 -2.111098E-08
v -0.5449475 0.5353611 -0.1294096
v -0.528491 0.6647707 -0.1250001
v -0.5449475 0.6647707 -2.111098E-08
v -0.5619846 0.5353611 -2.185569E-08
v -0.528491 0.6647707 -0.1250001
v -0.4802428 0.7853612 -0.112072
v -0.4949973 0.7853612 -1.892759E-08
v -0.5449475 0.6647707 -2.111098E-08
v -0.4802428 0.7853612 -0.112072
v -0.403491 0.8889145 -0.09150639
v -0.415538 0.8889145 -1.545431E-08
v -0.4949973 0.7853612 -1.892759E-08
v -0.403491 0.8889145 -0.09150639
v -0.3034661 0.9683738 -0.0647048
v -0.3119847 0.9683738 -1.092785E-08
v -0.415538 0.8889145 -1.545431E-08
v -0.3034661 0.9683738 -0.0647048
v -0.1869846 1.018324 -0.03349365
v -0.1913941 1.018324 -5.656667E-09
v -0.3119847 0.9683738 -1.092785E-08
v -0.1869846 1.018324 -0.03349365
v -0.06198461 1.035361 -4.222196E-08
v -0.1913941 1.018324 -5.656667E-09
v -0.1740566 0.0523982 -0.06470477
v -0.1869846 0.0523982 -0.03349366
v -0.06198462 0.03536111 0
v -0.1740566 0.0523982 -0.06470477
v -0.278491 0.1023484 -0.125
v -0.3034661 0.1023484 -0.06470479
v -0.1869846 0.0523982 -0.03349366
v -0.278491 0.1023484 -0.125
v -0.3681708 0.1818077 -0.1767767
v -0.403491 0.1818077 -0.09150639
v -0.3034661 0.1023484 -0.06470479
v -0.3681708 0.1818077 -0.1767767
v -0.4369846 0.2853611 -0.2165064
v -0.4802428 0.2853611 -0.112072
v -0.403491 0.1818077 -0.09150639
v -0.4369846 0.2853611 -0.2165064
v -0.4802428 0.4059516 -0.2414815
v -0.528491 0.4059516 -0.1250001
v -0.4802428 0.2853611 -0.112072
v -0.4802428 0.4059516 -0.2414815
v -0.4949973 0.5353611 -0.25
v -0.5449475 0.5353611 -0.1294096
v -0.528491 0.4059516 -0.1250001
v -0.4949973 0.5353611 -0.25
v -0.4802428 0.6647707 -0.2414815
v -0.528491 0.6647707 -0.1250001
v -0.5449475 0.5353611 -0.1294096
v -0.4802428 0.6647707 -0.2414815
v -0.4369846 0.7853612 -0.2165064
v -0.4802428 0.7853612 -0.112072
v -0.528491 0.6647707 -0.1250001
v -0.4369846 0.7853612 -0.2165064
v -0.3681708 0.8889145 -0.1767767
v -0.403491 0.8889145 -0.09150639
v -0.4802428 0.7853612 -0.112072
v -0.3681708 0.8889145 -0.1767767
v -0.278491 0.9683738 -0.125
v -0.3034661 0.9683738 -0.0647048
v -0.403491 0.8889145 -0.09150639
v -0.278491 0.9683738 -0.125
v -0.1740565 1.018324 -0.06470474
v -0.1869846 1.018324 -0.03349365
v -0.3034661 0.9683738 -0.0647048
v -0.1740565 1.018324 -0.06470474
v -0.06198461 1.035361 -4.222196E-08
v -0.1869846 1.018324 -0.03349365
v -0.153491 0.0523982 -0.09150635
v -0.1740566 0.0523982 -0.06470477
v -0.06198462 0.03536111 0
v -0.153491 0.0523982 -0.09150635
v -0.2387613 0.1023484 -0.1767767
v -0.278491 0.1023484 -0.125
v -0.1740566 0.0523982 -0.06470477
v -0.2387613 0.1023484 -0.1767767
v -0.3119846 0.1818077 -0.25
v -0.3681708 0.1818077 -0.1767767
v -0.278491 0.1023484 -0.125
v -0.3119846 0.1818077 -0.25
v -0.3681709 0.2853611 -0.3061862
v -0.4369846 0.2853611 -0.2165064
v -0.3681708 0.1818077 -0.1767767
v -0.3681709 0.2853611 -0.3061862
v -0.403491 0.4059516 -0.3415063
v -0.4802428 0.4059516 -0.2414815
v -0.4369846 0.2853611 -0.2165064
v -0.403491 0.4059516 -0.3415063
v -0.415538 0.5353611 -0.3535534
v -0.4949973 0.5353611 -0.25
v -0.4802428 0.4059516 -0.2414815
v -0.415538 0.5353611 -0.3535534
v -0.403491 0.6647707 -0.3415063
v -0.4802428 0.6647707 -0.2414815
v -0.4949973 0.5353611 -0.25
v -0.403491 0.6647707 -0.3415063
v -0.3681708 0.7853612 -0.3061862
v -0.4369846 0.7853612 -0.2165064
v -0.4802428 0.6647707 -0.2414815
v -0.3681708 0.7853612 -0.3061862
v -0.3119846 0.8889145 -0.25
v -0.3681708 0.8889145 -0.1767767
v -0.4369846 0.7853612 -0.2165064
v -0.3119846 0.8889145 -0.25
v -0.2387613 0.9683738 -0.1767767
v -0.278491 0.9683738 -0.125
v -0.3681708 0.8889145 -0.1767767
v -0.2387613 0.9683738 -0.1767767
v -0.1534909 1.018324 -0.09150631
v -0.1740565 1.018324 -0.06470474
v -0.278491 0.9683738 -0.125
v -0.1534909 1.018324 -0.09150631
v -0.06198461 1.035361 -4.222196E-08
v -0.1740565 1.018324 -0.06470474
v -0.1266894 0.0523982 -0.1120719
v -0.153491 0.0523982 -0.09150635
v -0.06198462 0.03536111 0
v -0.1266894 0.0523982 -0.1120719
v -0.1869846 0.1023484 -0.2165063
v -0.2387613 0.1023484 -0.1767767
v -0.153491 0.0523982 -0.09150635
v -0.1869846 0.1023484 -0.2165063
v -0.2387613 0.1818077 -0.3061862
v -0.3119846 0.1818077 -0.25
v -0.2387613 0.1023484 -0.1767767
v -0.2387613 0.1818077 -0.3061862
v -0.278491 0.2853611 -0.375
v -0.3681709 0.2853611 -0.3061862
v -0.3119846 0.1818077 -0.25
v -0.278491 0.2853611 -0.375
v -0.3034661 0.4059516 -0.4182581
v -0.403491 0.4059516 -0.3415063
v -0.3681709 0.2853611 -0.3061862
v -0.3034661 0.4059516 -0.4182581
v -0.3119847 0.5353611 -0.4330127
v -0.415538 0.5353611 -0.3535534
v -0.403491 0.4059516 -0.3415063
v -0.3119847 0.5353611 -0.4330127
v -0.3034661 0.6647707 -0.4182581
v -0.403491 0.6647707 -0.3415063
v -0.415538 0.5353611 -0.3535534
v -0.3034661 0.6647707 -0.4182581
v -0.278491 0.7853612 -0.375
v -0.3681708 0.7853612 -0.3061862
v -0.403491 0.6647707 -0.3415063
v -0.278491 0.7853612 -0.375
v -0.2387613 0.8889145 -0.3061862
v -0.3119846 0.8889145 -0.25
v -0.3681708 0.7853612 -0.3061862
v -0.2387613 0.8889145 -0.3061862
v -0.1869847 0.9683738 -0.2165064
v -0.2387613 0.9683738 -0.1767767
v -0.3119846 0.8889145 -0.25
v -0.1869847 0.9683738 -0.2165064
v -0.1266894 1.018324 -0.1120719
v -0.1534909 1.018324 -0.09150631
v -0.2387613 0.9683738 -0.1767767
v -0.1266894 1.018324 -0.1120719
v -0.06198461 1.035361 -4.222196E-08
v -0.1534909 1.018324 -0.09150631
v -0.09547825 0.0523982 -0.125
v -0.1266894 0.0523982 -0.1120719
v -0.06198462 0.03536111 0
v -0.09547825 0.0523982 -0.125
v -0.1266893 0.1023484 -0.2414815
v -0.1869846 0.1023484 -0.2165063
v -0.1266894 0.0523982 -0.1120719
v -0.1266893 0.1023484 -0.2414815
v -0.1534909 0.1818077 -0.3415064
v -0.2387613 0.1818077 -0.3061862
v -0.1869846 0.1023484 -0.2165063
v -0.1534909 0.1818077 -0.3415064
v -0.1740565 0.2853611 -0.4182582
v -0.278491 0.2853611 -0.375
v -0.2387613 0.1818077 -0.3061862
v -0.1740565 0.2853611 -0.4182582
v -0.1869846 0.4059516 -0.4665064
v -0.3034661 0.4059516 -0.4182581
v -0.278491 0.2853611 -0.375
v -0.1869846 0.4059516 -0.4665064
v -0.1913941 0.5353611 -0.4829629
v -0.3119847 0.5353611 -0.4330127
v -0.3034661 0.4059516 -0.4182581
v -0.1913941 0.5353611 -0.4829629
v -0.1869846 0.6647707 -0.4665064
v -0.3034661 0.6647707 -0.4182581
v -0.3119847 0.5353611 -0.4330127
v -0.1869846 0.6647707 -0.4665064
v -0.1740565 0.7853612 -0.4182582
v -0.278491 0.7853612 -0.375
v -0.3034661 0.6647707 -0.4182581
v -0.1740565 0.7853612 -0.4182582
v -0.1534909 0.8889145 -0.3415064
v -0.2387613 0.8889145 -0.3061862
v -0.278491 0.7853612 -0.375
v -0.1534909 0.8889145 -0.3415064
v -0.1266894 0.9683738 -0.2414815
v -0.1869847 0.9683738 -0.2165064
v -0.2387613 0.8889145 -0.3061862
v -0.1266894 0.9683738 -0.2414815
v -0.09547824 1.018324 -0.1249999
v -0.1266894 1.018324 -0.1120719
v -0.1869847 0.9683738 -0.2165064
v -0.09547824 1.018324 -0.1249999
v -0.06198461 1.035361 -4.222196E-08
v -0.1266894 1.018324 -0.1120719
v -0.06198461 0.0523982 -0.1294095
v -0.09547825 0.0523982 -0.125
v -0.06198462 0.03536111 0
v -0.06198461 0.0523982 -0.1294095
v -0.0619846 0.1023484 -0.25
v -0.1266893 0.1023484 -0.2414815
v -0.09547825 0.0523982 -0.125
v -0.0619846 0.1023484 -0.25
v -0.06198459 0.1818077 -0.3535534
v -0.1534909 0.1818077 -0.3415064
v -0.1266893 0.1023484 -0.2414815
v -0.06198459 0.1818077 -0.3535534
v -0.06198458 0.2853611 -0.4330127
v -0.1740565 0.2853611 -0.4182582
v -0.1534909 0.1818077 -0.3415064
v -0.06198458 0.2853611 -0.4330127
v -0.06198458 0.4059516 -0.4829629
v -0.1869846 0.4059516 -0.4665064
v -0.1740565 0.2853611 -0.4182582
v -0.06198458 0.4059516 -0.4829629
v -0.06198458 0.5353611 -0.5
v -0.1913941 0.5353611 -0.4829629
v -0.1869846 0.4059516 -0.4665064
v -0.06198458 0.5353611 -0.5
v -0.06198458 0.6647707 -0.4829629
v -0.1869846 0.6647707 -0.4665064
v -0.1913941 0.5353611 -0.4829629
v -0.06198458 0.6647707 -0.4829629
v -0.06198458 0.7853612 -0.4330127
v -0.1740565 0.7853612 -0.4182582
v -0.1869846 0.6647707 -0.4665064
v -0.06198458 0.7853612 -0.4330127
v -0.06198459 0.8889145 -0.3535534
v -0.1534909 0.8889145 -0.3415064
v -0.1740565 0.7853612 -0.4182582
v -0.06198459 0.8889145 -0.3535534
v -0.0619846 0.9683738 -0.25
v -0.1266894 0.9683738 -0.2414815
v -0.1534909 0.8889145 -0.3415064
v -0.0619846 0.9683738 -0.25
v -0.06198461 1.018324 -0.1294095
v -0.09547824 1.018324 -0.1249999
v -0.1266894 0.9683738 -0.2414815
v -0.06198461 1.018324 -0.1294095
v -0.06198461 1.035361 -4.222196E-08
v -0.09547824 1.018324 -0.1249999
v -0.02849097 0.0523982 -0.125
v -0.06198461 0.0523982 -0.1294095
v -0.06198462 0.03536111 0
v -0.02849097 0.0523982 -0.125
v 0.002720147 0.1023484 -0.2414815
v -0.0619846 0.1023484 -0.25
v -0.06198461 0.0523982 -0.1294095
v 0.002720147 0.1023484 -0.2414815
v 0.02952174 0.1818077 -0.3415063
v -0.06198459 0.1818077 -0.3535534
v -0.0619846 0.1023484 -0.25
v 0.02952174 0.1818077 -0.3415063
v 0.05008733 0.2853611 -0.4182582
v -0.06198458 0.2853611 -0.4330127
v -0.06198459 0.1818077 -0.3535534
v 0.05008733 0.2853611 -0.4182582
v 0.06301539 0.4059516 -0.4665063
v -0.06198458 0.4059516 -0.4829629
v -0.06198458 0.2853611 -0.4330127
v 0.06301539 0.4059516 -0.4665063
v 0.06742492 0.5353611 -0.4829629
v -0.06198458 0.5353611 -0.5
v -0.06198458 0.4059516 -0.4829629
v 0.06742492 0.5353611 -0.4829629
v 0.06301539 0.6647707 -0.4665063
v -0.06198458 0.6647707 -0.4829629
v -0.06198458 0.5353611 -0.5
v 0.06301539 0.6647707 -0.4665063
v 0.05008733 0.7853612 -0.4182581
v -0.06198458 0.7853612 -0.4330127
v -0.06198458 0.6647707 -0.4829629
v 0.05008733 0.7853612 -0.4182581
v 0.02952174 0.8889145 -0.3415063
v -0.06198459 0.8889145 -0.3535534
v -0.06198458 0.7853612 -0.4330127
v 0.02952174 0.8889145 -0.3415063
v 0.002720155 0.9683738 -0.2414815
v -0.0619846 0.9683738 -0.25
v -0.06198459 0.8889145 -0.3535534
v 0.002720155 0.9683738 -0.2414815
v -0.02849098 1.018324 -0.1249999
v -0.06198461 1.018324 -0.1294095
v -0.0619846 0.9683738 -0.25
v -0.02849098 1.018324 -0.1249999
v -0.06198461 1.035361 -4.222196E-08
v -0.06198461 1.018324 -0.1294095
v 0.002720162 0.0523982 -0.1120719
v -0.02849097 0.0523982 -0.125
v -0.06198462 0.03536111 0
v 0.002720162 0.0523982 -0.1120719
v 0.06301542 0.1023484 -0.2165063
v 0.002720147 0.1023484 -0.2414815
v -0.02849097 0.0523982 -0.125
v 0.06301542 0.1023484 -0.2165063
v 0.1147921 0.1818077 -0.3061862
v 0.02952174 0.1818077 -0.3415063
v 0.002720147 0.1023484 -0.2414815
v 0.1147921 0.1818077 -0.3061862
v 0.1545218 0.2853611 -0.375
v 0.05008733 0.2853611 -0.4182582
v 0.02952174 0.1818077 -0.3415063
v 0.1545218 0.2853611 -0.375
v 0.1794969 0.4059516 -0.4182581
v 0.06301539 0.4059516 -0.4665063
v 0.05008733 0.2853611 -0.4182582
v 0.1794969 0.4059516 -0.4182581
v 0.1880155 0.5353611 -0.4330126
v 0.06742492 0.5353611 -0.4829629
v 0.06301539 0.4059516 -0.4665063
v 0.1880155 0.5353611 -0.4330126
v 0.1794969 0.6647707 -0.4182581
v 0.06301539 0.6647707 -0.4665063
v 0.06742492 0.5353611 -0.4829629
v 0.1794969 0.6647707 -0.4182581
v 0.1545218 0.7853612 -0.3749999
v 0.05008733 0.7853612 -0.4182581
v 0.06301539 0.6647707 -0.4665063
v 0.1545218 0.7853612 -0.3749999
v 0.1147921 0.8889145 -0.3061862
v 0.02952174 0.8889145 -0.3415063
v 0.05008733 0.7853612 -0.4182581
v 0.1147921 0.8889145 -0.3061862
v 0.06301544 0.9683738 -0.2165063
v 0.002720155 0.9683738 -0.2414815
v 0.02952174 0.8889145 -0.3415063
v 0.06301544 0.9683738 -0.2165063
v 0.002720132 1.018324 -0.1120719
v -0.02849098 1.018324 -0.1249999
v 0.002720155 0.9683738 -0.2414815
v 0.002720132 1.018324 -0.1120719
v -0.06198461 1.035361 -4.222196E-08
v -0.02849098 1.018324 -0.1249999
v 0.02952174 0.0523982 -0.09150633
v 0.002720162 0.0523982 -0.1120719
v -0.06198462 0.03536111 0
v 0.02952174 0.0523982 -0.09150633
v 0.1147921 0.1023484 -0.1767767
v 0.06301542 0.1023484 -0.2165063
v 0.002720162 0.0523982 -0.1120719
v 0.1147921 0.1023484 -0.1767767
v 0.1880154 0.1818077 -0.25
v 0.1147921 0.1818077 -0.3061862
v 0.06301542 0.1023484 -0.2165063
v 0.1880154 0.1818077 -0.25
v 0.2442017 0.2853611 -0.3061862
v 0.1545218 0.2853611 -0.375
v 0.1147921 0.1818077 -0.3061862
v 0.2442017 0.2853611 -0.3061862
v 0.2795218 0.4059516 -0.3415063
v 0.1794969 0.4059516 -0.4182581
v 0.1545218 0.2853611 -0.375
v 0.2795218 0.4059516 -0.3415063
v 0.2915688 0.5353611 -0.3535533
v 0.1880155 0.5353611 -0.4330126
v 0.1794969 0.4059516 -0.4182581
v 0.2915688 0.5353611 -0.3535533
v 0.2795218 0.6647707 -0.3415063
v 0.1794969 0.6647707 -0.4182581
v 0.1880155 0.5353611 -0.4330126
v 0.2795218 0.6647707 -0.3415063
v 0.2442016 0.7853612 -0.3061862
v 0.1545218 0.7853612 -0.3749999
v 0.1794969 0.6647707 -0.4182581
v 0.2442016 0.7853612 -0.3061862
v 0.1880154 0.8889145 -0.25
v 0.1147921 0.8889145 -0.3061862
v 0.1545218 0.7853612 -0.3749999
v 0.1880154 0.8889145 -0.25
v 0.1147921 0.9683738 -0.1767767
v 0.06301544 0.9683738 -0.2165063
v 0.1147921 0.8889145 -0.3061862
v 0.1147921 0.9683738 -0.1767767
v 0.0295217 1.018324 -0.09150629
v 0.002720132 1.018324 -0.1120719
v 0.06301544 0.9683738 -0.2165063
v 0.0295217 1.018324 -0.09150629
v -0.06198461 1.035361 -4.222196E-08
v 0.002720132 1.018324 -0.1120719
v 0.05008732 0.0523982 -0.06470475
v 0.02952174 0.0523982 -0.09150633
v -0.06198462 0.03536111 0
v 0.05008732 0.0523982 -0.06470475
v 0.1545217 0.1023484 -0.125
v 0.1147921 0.1023484 -0.1767767
v 0.02952174 0.0523982 -0.09150633
v 0.1545217 0.1023484 -0.125
v 0.2442016 0.1818077 -0.1767767
v 0.1880154 0.1818077 -0.25
v 0.1147921 0.1023484 -0.1767767
v 0.2442016 0.1818077 -0.1767767
v 0.3130154 0.2853611 -0.2165063
v 0.2442017 0.2853611 -0.3061862
v 0.1880154 0.1818077 -0.25
v 0.3130154 0.2853611 -0.2165063
v 0.3562735 0.4059516 -0.2414814
v 0.2795218 0.4059516 -0.3415063
v 0.2442017 0.2853611 -0.3061862
v 0.3562735 0.4059516 -0.2414814
v 0.3710281 0.5353611 -0.25
v 0.2915688 0.5353611 -0.3535533
v 0.2795218 0.4059516 -0.3415063
v 0.3710281 0.5353611 -0.25
v 0.3562735 0.6647707 -0.2414814
v 0.2795218 0.6647707 -0.3415063
v 0.2915688 0.5353611 -0.3535533
v 0.3562735 0.6647707 -0.2414814
v 0.3130154 0.7853612 -0.2165063
v 0.2442016 0.7853612 -0.3061862
v 0.2795218 0.6647707 -0.3415063
v 0.3130154 0.7853612 -0.2165063
v 0.2442016 0.8889145 -0.1767767
v 0.1880154 0.8889145 -0.25
v 0.2442016 0.7853612 -0.3061862
v 0.2442016 0.8889145 -0.1767767
v 0.1545218 0.9683738 -0.125
v 0.1147921 0.9683738 -0.1767767
v 0.1880154 0.8889145 -0.25
v 0.1545218 0.9683738 -0.125
v 0.05008727 1.018324 -0.06470472
v 0.0295217 1.018324 -0.09150629
v 0.1147921 0.9683738 -0.1767767
v 0.05008727 1.018324 -0.06470472
v -0.06198461 1.035361 -4.222196E-08
v 0.0295217 1.018324 -0.09150629
v 0.06301538 0.0523982 -0.03349364
v 0.05008732 0.0523982 -0.06470475
v -0.06198462 0.03536111 0
v 0.06301538 0.0523982 -0.03349364
v 0.1794969 0.1023484 -0.06470475
v 0.1545217 0.1023484 -0.125
v 0.05008732 0.0523982 -0.06470475
v 0.1794969 0.1023484 -0.06470475
v 0.2795217 0.1818077 -0.09150632
v 0.2442016 0.1818077 -0.1767767
v 0.1545217 0.1023484 -0.125
v 0.2795217 0.1818077 -0.09150632
v 0.3562736 0.2853611 -0.1120719
v 0.3130154 0.2853611 -0.2165063
v 0.2442016 0.1818077 -0.1767767
v 0.3562736 0.2853611 -0.1120719
v 0.4045217 0.4059516 -0.125
v 0.3562735 0.4059516 -0.2414814
v 0.3130154 0.2853611 -0.2165063
v 0.4045217 0.4059516 -0.125
v 0.4209783 0.5353611 -0.1294095
v 0.3710281 0.5353611 -0.25
v 0.3562735 0.4059516 -0.2414814
v 0.4209783 0.5353611 -0.1294095
v 0.4045217 0.6647707 -0.125
v 0.3562735 0.6647707 -0.2414814
v 0.3710281 0.5353611 -0.25
v 0.4045217 0.6647707 -0.125
v 0.3562735 0.7853612 -0.1120719
v 0.3130154 0.7853612 -0.2165063
v 0.3562735 0.6647707 -0.2414814
v 0.3562735 0.7853612 -0.1120719
v 0.2795217 0.8889145 -0.09150632
v 0.2442016 0.8889145 -0.1767767
v 0.3130154 0.7853612 -0.2165063
v 0.2795217 0.8889145 -0.09150632
v 0.1794969 0.9683738 -0.06470475
v 0.1545218 0.9683738 -0.125
v 0.2442016 0.8889145 -0.1767767
v 0.1794969 0.9683738 -0.06470475
v 0.06301533 1.018324 -0.03349363
v 0.05008727 1.018324 -0.06470472
v 0.1545218 0.9683738 -0.125
v 0.06301533 1.018324 -0.03349363
v -0.06198461 1.035361 -4.222196E-08
v 0.05008727 1.018324 -0.06470472
v 0.0674249 0.0523982 1.543193E-09
v 0.06301538 0.0523982 -0.03349364
v -0.06198462 0.03536111 0
v 0.0674249 0.0523982 1.543193E-09
v 0.1880154 0.1023484 2.98122E-09
v 0.1794969 0.1023484 -0.06470475
v 0.06301538 0.0523982 -0.03349364
v 0.1880154 0.1023484 2.98122E-09
v 0.2915688 0.1818077 4.216082E-09
v 0.2795217 0.1818077 -0.09150632
v 0.1794969 0.1023484 -0.06470475
v 0.2915688 0.1818077 4.216082E-09
v 0.3710281 0.2853611 5.163625E-09
v 0.3562736 0.2853611 -0.1120719
v 0.2795217 0.1818077 -0.09150632
v 0.3710281 0.2853611 5.163625E-09
v 0.4209783 0.4059516 5.759275E-09
v 0.4045217 0.4059516 -0.125
v 0.3562736 0.2853611 -0.1120719
v 0.4209783 0.4059516 5.759275E-09
v 0.4380154 0.5353611 5.96244E-09
v 0.4209783 0.5353611 -0.1294095
v 0.4045217 0.4059516 -0.125
v 0.4380154 0.5353611 5.96244E-09
v 0.4209783 0.6647707 5.759275E-09
v 0.4045217 0.6647707 -0.125
v 0.4209783 0.5353611 -0.1294095
v 0.4209783 0.6647707 5.759275E-09
v 0.3710281 0.7853612 5.163625E-09
v 0.3562735 0.7853612 -0.1120719
v 0.4045217 0.6647707 -0.125
v 0.3710281 0.7853612 5.163625E-09
v 0.2915688 0.8889145 4.216082E-09
v 0.2795217 0.8889145 -0.09150632
v 0.3562735 0.7853612 -0.1120719
v 0.2915688 0.8889145 4.216082E-09
v 0.1880154 0.9683738 2.981221E-09
v 0.1794969 0.9683738 -0.06470475
v 0.2795217 0.8889145 -0.09150632
v 0.1880154 0.9683738 2.981221E-09
v 0.06742484 1.018324 1.543192E-09
v 0.06301533 1.018324 -0.03349363
v 0.1794969 0.9683738 -0.06470475
v 0.06742484 1.018324 1.543192E-09
v -0.06198461 1.035361 -4.222196E-08
v 0.06301533 1.018324 -0.03349363
v 0.06301538 0.0523982 0.03349365
v 0.0674249 0.0523982 1.543193E-09
v -0.06198462 0.03536111 0
v 0.06301538 0.0523982 0.03349365
v 0.1794968 0.1023484 0.06470475
v 0.1880154 0.1023484 2.98122E-09
v 0.0674249 0.0523982 1.543193E-09
v 0.1794968 0.1023484 0.06470475
v 0.2795217 0.1818077 0.09150634
v 0.2915688 0.1818077 4.216082E-09
v 0.1880154 0.1023484 2.98122E-09
v 0.2795217 0.1818077 0.09150634
v 0.3562735 0.2853611 0.1120719
v 0.3710281 0.2853611 5.163625E-09
v 0.2915688 0.1818077 4.216082E-09
v 0.3562735 0.2853611 0.1120719
v 0.4045217 0.4059516 0.125
v 0.4209783 0.4059516 5.759275E-09
v 0.3710281 0.2853611 5.163625E-09
v 0.4045217 0.4059516 0.125
v 0.4209783 0.5353611 0.1294095
v 0.4380154 0.5353611 5.96244E-09
v 0.4209783 0.4059516 5.759275E-09
v 0.4209783 0.5353611 0.1294095
v 0.4045217 0.6647707 0.125
v 0.4209783 0.6647707 5.759275E-09
v 0.4380154 0.5353611 5.96244E-09
v 0.4045217 0.6647707 0.125
v 0.3562735 0.7853612 0.1120719
v 0.3710281 0.7853612 5.163625E-09
v 0.4209783 0.6647707 5.759275E-09
v 0.3562735 0.7853612 0.1120719
v 0.2795217 0.8889145 0.09150634
v 0.2915688 0.8889145 4.216082E-09
v 0.3710281 0.7853612 5.163625E-09
v 0.2795217 0.8889145 0.09150634
v 0.1794969 0.9683738 0.06470476
v 0.1880154 0.9683738 2.981221E-09
v 0.2915688 0.8889145 4.216082E-09
v 0.1794969 0.9683738 0.06470476
v 0.06301532 1.018324 0.03349363
v 0.06742484 1.018324 1.543192E-09
v 0.1880154 0.9683738 2.981221E-09
v 0.06301532 1.018324 0.03349363
v -0.06198461 1.035361 -4.222196E-08
v 0.06742484 1.018324 1.543192E-09
v 0.05008732 0.0523982 0.06470475
v 0.06301538 0.0523982 0.03349365
v -0.06198462 0.03536111 0
v 0.05008732 0.0523982 0.06470475
v 0.1545217 0.1023484 0.125
v 0.1794968 0.1023484 0.06470475
v 0.06301538 0.0523982 0.03349365
v 0.1545217 0.1023484 0.125
v 0.2442016 0.1818077 0.1767767
v 0.2795217 0.1818077 0.09150634
v 0.1794968 0.1023484 0.06470475
v 0.2442016 0.1818077 0.1767767
v 0.3130154 0.2853611 0.2165063
v 0.3562735 0.2853611 0.1120719
v 0.2795217 0.1818077 0.09150634
v 0.3130154 0.2853611 0.2165063
v 0.3562735 0.4059516 0.2414814
v 0.4045217 0.4059516 0.125
v 0.3562735 0.2853611 0.1120719
v 0.3562735 0.4059516 0.2414814
v 0.3710281 0.5353611 0.25
v 0.4209783 0.5353611 0.1294095
v 0.4045217 0.4059516 0.125
v 0.3710281 0.5353611 0.25
v 0.3562735 0.6647707 0.2414814
v 0.4045217 0.6647707 0.125
v 0.4209783 0.5353611 0.1294095
v 0.3562735 0.6647707 0.2414814
v 0.3130154 0.7853612 0.2165063
v 0.3562735 0.7853612 0.1120719
v 0.4045217 0.6647707 0.125
v 0.3130154 0.7853612 0.2165063
v 0.2442016 0.8889145 0.1767767
v 0.2795217 0.8889145 0.09150634
v 0.3562735 0.7853612 0.1120719
v 0.2442016 0.8889145 0.1767767
v 0.1545218 0.9683738 0.125
v 0.1794969 0.9683738 0.06470476
v 0.2795217 0.8889145 0.09150634
v 0.1545218 0.9683738 0.125
v 0.05008727 1.018324 0.06470472
v 0.06301532 1.018324 0.03349363
v 0.1794969 0.9683738 0.06470476
v 0.05008727 1.018324 0.06470472
v -0.06198461 1.035361 -4.222196E-08
v 0.06301532 1.018324 0.03349363
v 0.0295217 0.0523982 0.09150638
v 0.05008732 0.0523982 0.06470475
v -0.06198462 0.03536111 0
v 0.0295217 0.0523982 0.09150638
v 0.114792 0.1023484 0.1767768
v 0.1545217 0.1023484 0.125
v 0.05008732 0.0523982 0.06470475
v 0.114792 0.1023484 0.1767768
v 0.1880153 0.1818077 0.2500001
v 0.2442016 0.1818077 0.1767767
v 0.1545217 0.1023484 0.125
v 0.1880153 0.1818077 0.2500001
v 0.2442015 0.2853611 0.3061863
v 0.3130154 0.2853611 0.2165063
v 0.2442016 0.1818077 0.1767767
v 0.2442015 0.2853611 0.3061863
v 0.2795216 0.4059516 0.3415065
v 0.3562735 0.4059516 0.2414814
v 0.3130154 0.2853611 0.2165063
v 0.2795216 0.4059516 0.3415065
v 0.2915686 0.5353611 0.3535535
v 0.3710281 0.5353611 0.25
v 0.3562735 0.4059516 0.2414814
v 0.2915686 0.5353611 0.3535535
v 0.2795216 0.6647707 0.3415065
v 0.3562735 0.6647707 0.2414814
v 0.3710281 0.5353611 0.25
v 0.2795216 0.6647707 0.3415065
v 0.2442015 0.7853612 0.3061863
v 0.3130154 0.7853612 0.2165063
v 0.3562735 0.6647707 0.2414814
v 0.2442015 0.7853612 0.3061863
v 0.1880153 0.8889145 0.2500001
v 0.2442016 0.8889145 0.1767767
v 0.3130154 0.7853612 0.2165063
v 0.1880153 0.8889145 0.2500001
v 0.114792 0.9683738 0.1767768
v 0.1545218 0.9683738 0.125
v 0.2442016 0.8889145 0.1767767
v 0.114792 0.9683738 0.1767768
v 0.02952165 1.018324 0.09150634
v 0.05008727 1.018324 0.06470472
v 0.1545218 0.9683738 0.125
v 0.02952165 1.018324 0.09150634
v -0.06198461 1.035361 -4.222196E-08
v 0.05008727 1.018324 0.06470472
v 0.00272011 0.0523982 0.112072
v 0.0295217 0.0523982 0.09150638
v -0.06198462 0.03536111 0
v 0.00272011 0.0523982 0.112072
v 0.06301532 0.1023484 0.2165064
v 0.114792 0.1023484 0.1767768
v 0.0295217 0.0523982 0.09150638
v 0.06301532 0.1023484 0.2165064
v 0.114792 0.1818077 0.3061863
v 0.1880153 0.1818077 0.2500001
v 0.114792 0.1023484 0.1767768
v 0.114792 0.1818077 0.3061863
v 0.1545216 0.2853611 0.3750001
v 0.2442015 0.2853611 0.3061863
v 0.1880153 0.1818077 0.2500001
v 0.1545216 0.2853611 0.3750001
v 0.1794967 0.4059516 0.4182582
v 0.2795216 0.4059516 0.3415065
v 0.2442015 0.2853611 0.3061863
v 0.1794967 0.4059516 0.4182582
v 0.1880153 0.5353611 0.4330128
v 0.2915686 0.5353611 0.3535535
v 0.2795216 0.4059516 0.3415065
v 0.1880153 0.5353611 0.4330128
v 0.1794967 0.6647707 0.4182582
v 0.2795216 0.6647707 0.3415065
v 0.2915686 0.5353611 0.3535535
v 0.1794967 0.6647707 0.4182582
v 0.1545216 0.7853612 0.3750001
v 0.2442015 0.7853612 0.3061863
v 0.2795216 0.6647707 0.3415065
v 0.1545216 0.7853612 0.3750001
v 0.114792 0.8889145 0.3061863
v 0.1880153 0.8889145 0.2500001
v 0.2442015 0.7853612 0.3061863
v 0.114792 0.8889145 0.3061863
v 0.06301533 0.9683738 0.2165064
v 0.114792 0.9683738 0.1767768
v 0.1880153 0.8889145 0.2500001
v 0.06301533 0.9683738 0.2165064
v 0.00272008 1.018324 0.1120719
v 0.02952165 1.018324 0.09150634
v 0.114792 0.9683738 0.1767768
v 0.00272008 1.018324 0.1120719
v -0.06198461 1.035361 -4.222196E-08
v 0.02952165 1.018324 0.09150634
v -0.028491 0.0523982 0.125
v 0.00272011 0.0523982 0.112072
v -0.06198462 0.03536111 0
v -0.028491 0.0523982 0.125
v 0.002720088 0.1023484 0.2414815
v 0.06301532 0.1023484 0.2165064
v 0.00272011 0.0523982 0.112072
v 0.002720088 0.1023484 0.2414815
v 0.02952165 0.1818077 0.3415064
v 0.114792 0.1818077 0.3061863
v 0.06301532 0.1023484 0.2165064
v 0.02952165 0.1818077 0.3415064
v 0.05008723 0.2853611 0.4182582
v 0.1545216 0.2853611 0.3750001
v 0.114792 0.1818077 0.3061863
v 0.05008723 0.2853611 0.4182582
v 0.06301527 0.4059516 0.4665064
v 0.1794967 0.4059516 0.4182582
v 0.1545216 0.2853611 0.3750001
v 0.06301527 0.4059516 0.4665064
v 0.0674248 0.5353611 0.4829629
v 0.1880153 0.5353611 0.4330128
v 0.1794967 0.4059516 0.4182582
v 0.0674248 0.5353611 0.4829629
v 0.06301527 0.6647707 0.4665064
v 0.1794967 0.6647707 0.4182582
v 0.1880153 0.5353611 0.4330128
v 0.06301527 0.6647707 0.4665064
v 0.05008722 0.7853612 0.4182582
v 0.1545216 0.7853612 0.3750001
v 0.1794967 0.6647707 0.4182582
v 0.05008722 0.7853612 0.4182582
v 0.02952165 0.8889145 0.3415064
v 0.114792 0.8889145 0.3061863
v 0.1545216 0.7853612 0.3750001
v 0.02952165 0.8889145 0.3415064
v 0.002720095 0.9683738 0.2414815
v 0.06301533 0.9683738 0.2165064
v 0.114792 0.8889145 0.3061863
v 0.002720095 0.9683738 0.2414815
v -0.02849102 1.018324 0.1249999
v 0.00272008 1.018324 0.1120719
v 0.06301533 0.9683738 0.2165064
v -0.02849102 1.018324 0.1249999
v -0.06198461 1.035361 -4.222196E-08
v 0.00272008 1.018324 0.1120719
v -0.06198462 0.0523982 0.1294095
v -0.028491 0.0523982 0.125
v -0.06198462 0.03536111 0
v -0.06198462 0.0523982 0.1294095
v -0.06198462 0.1023484 0.25
v 0.002720088 0.1023484 0.2414815
v -0.028491 0.0523982 0.125
v -0.06198462 0.1023484 0.25
v -0.06198462 0.1818077 0.3535534
v 0.02952165 0.1818077 0.3415064
v 0.002720088 0.1023484 0.2414815
v -0.06198462 0.1818077 0.3535534
v -0.06198462 0.2853611 0.4330127
v 0.05008723 0.2853611 0.4182582
v 0.02952165 0.1818077 0.3415064
v -0.06198462 0.2853611 0.4330127
v -0.06198462 0.4059516 0.4829629
v 0.06301527 0.4059516 0.4665064
v 0.05008723 0.2853611 0.4182582
v -0.06198462 0.4059516 0.4829629
v -0.06198462 0.5353611 0.5
v 0.0674248 0.5353611 0.4829629
v 0.06301527 0.4059516 0.4665064
v -0.06198462 0.5353611 0.5
v -0.06198462 0.6647707 0.4829629
v 0.06301527 0.6647707 0.4665064
v 0.0674248 0.5353611 0.4829629
v -0.06198462 0.6647707 0.4829629
v -0.06198462 0.7853612 0.4330127
v 0.05008722 0.7853612 0.4182582
v 0.06301527 0.6647707 0.4665064
v -0.06198462 0.7853612 0.4330127
v -0.06198462 0.8889145 0.3535534
v 0.02952165 0.8889145 0.3415064
v 0.05008722 0.7853612 0.4182582
v -0.06198462 0.8889145 0.3535534
v -0.06198462 0.9683738 0.25
v 0.002720095 0.9683738 0.2414815
v 0.02952165 0.8889145 0.3415064
v -0.06198462 0.9683738 0.25
v -0.06198462 1.018324 0.1294095
v -0.02849102 1.018324 0.1249999
v 0.002720095 0.9683738 0.2414815
v -0.06198462 1.018324 0.1294095
v -0.06198461 1.035361 -4.222196E-08
v -0.02849102 1.018324 0.1249999
vn -0.0695987 -0.9631657 0.2597458
vn 2.681406E-09 -0.9631657 0.2689086
vn -1.08664E-08 -1 6.401909E-09
vn -0.0695987 -0.9631657 0.2597458
vn -0.1314969 -0.8613188 0.4907531
vn -2.692695E-08 -0.8613188 0.508065
vn 2.681406E-09 -0.9631657 0.2689086
vn -0.1314969 -0.8613188 0.4907531
vn -0.1843973 -0.7017165 0.6881799
vn -6.49063E-08 -0.7017165 0.7124562
vn -2.692695E-08 -0.8613188 0.508065
vn -0.1843973 -0.7017165 0.6881799
vn -0.2248334 -0.4953571 0.8390896
vn -7.058188E-08 -0.4953571 0.8686895
vn -6.49063E-08 -0.7017165 0.7124562
vn -0.2248334 -0.4953571 0.8390896
vn -0.2501843 -0.2561471 0.9337004
vn -6.259875E-08 -0.2561471 0.9666378
vn -7.058188E-08 -0.4953571 0.8686895
vn -0.2501843 -0.2561471 0.9337004
vn -0.2588191 -1.362084E-08 0.9659259
vn -6.538002E-08 -1.634501E-08 1
vn -6.259875E-08 -0.2561471 0.9666378
vn -0.2588191 -1.362084E-08 0.9659259
vn -0.2501843 0.2561471 0.9337004
vn -6.259875E-08 0.2561471 0.9666378
vn -6.538002E-08 -1.634501E-08 1
vn -0.2501843 0.2561471 0.9337004
vn -0.2248334 0.4953572 0.8390895
vn -6.515251E-08 0.4953572 0.8686894
vn -6.259875E-08 0.2561471 0.9666378
vn -0.2248334 0.4953572 0.8390895
vn -0.1843973 0.7017164 0.6881799
vn -6.084966E-08 0.7017165 0.7124563
vn -6.515251E-08 0.4953572 0.8686894
vn -0.1843973 0.7017164 0.6881799
vn -0.1314969 0.8613187 0.4907531
vn -3.769773E-08 0.8613187 0.508065
vn -6.084966E-08 0.7017165 0.7124563
vn -0.1314969 0.8613187 0.4907531
vn -0.06959865 0.9631657 0.2597457
vn -1.675878E-08 0.9631657 0.2689085
vn -3.769773E-08 0.8613187 0.508065
vn -0.06959865 0.9631657 0.2597457
vn 2.459682E-08 1 -3.70637E-08
vn -1.675878E-08 0.9631657 0.2689085
vn -0.1344543 -0.9631657 0.2328817
vn -0.0695987 -0.9631657 0.2597458
vn -1.08664E-08 -1 6.401909E-09
vn -0.1344543 -0.9631657 0.2328817
vn -0.2540325 -0.8613188 0.4399971
vn -0.1314969 -0.8613188 0.4907531
vn -0.0695987 -0.9631657 0.2597458
vn -0.2540325 -0.8613188 0.4399971
vn -0.3562281 -0.7017165 0.6170052
vn -0.1843973 -0.7017165 0.6881799
vn -0.1314969 -0.8613188 0.4907531
vn -0.3562281 -0.7017165 0.6170052
vn -0.4343447 -0.4953571 0.7523071
vn -0.2248334 -0.4953571 0.8390896
vn -0.1843973 -0.7017165 0.6881799
vn -0.4343447 -0.4953571 0.7523071
vn -0.4833189 -0.2561471 0.8371329
vn -0.2501843 -0.2561471 0.9337004
vn -0.2248334 -0.4953571 0.8390896
vn -0.4833189 -0.2561471 0.8371329
vn -0.5000001 -1.089667E-08 0.8660254
vn -0.2588191 -1.362084E-08 0.9659259
vn -0.2501843 -0.2561471 0.9337004
vn -0.5000001 -1.089667E-08 0.8660254
vn -0.4833189 0.2561471 0.8371329
vn -0.2501843 0.2561471 0.9337004
vn -0.2588191 -1.362084E-08 0.9659259
vn -0.4833189 0.2561471 0.8371329
vn -0.4343447 0.4953572 0.7523071
vn -0.2248334 0.4953572 0.8390895
vn -0.2501843 0.2561471 0.9337004
vn -0.4343447 0.4953572 0.7523071
vn -0.3562281 0.7017164 0.6170052
vn -0.1843973 0.7017164 0.6881799
vn -0.2248334 0.4953572 0.8390895
vn -0.3562281 0.7017164 0.6170052
vn -0.2540325 0.8613187 0.4399972
vn -0.1314969 0.8613187 0.4907531
vn -0.1843973 0.7017164 0.6881799
vn -0.2540325 0.8613187 0.4399972
vn -0.1344542 0.9631657 0.2328816
vn -0.06959865 0.9631657 0.2597457
vn -0.1314969 0.8613187 0.4907531
vn -0.1344542 0.9631657 0.2328816
vn 2.459682E-08 1 -3.70637E-08
vn -0.06959865 0.9631657 0.2597457
vn -0.1901471 -0.9631657 0.1901471
vn -0.1344543 -0.9631657 0.2328817
vn -1.08664E-08 -1 6.401909E-09
vn -0.1901471 -0.9631657 0.1901471
vn -0.3592561 -0.8613187 0.3592562
vn -0.2540325 -0.8613188 0.4399971
vn -0.1344543 -0.9631657 0.2328817
vn -0.3592561 -0.8613187 0.3592562
vn -0.5037826 -0.7017165 0.5037827
vn -0.3562281 -0.7017165 0.6170052
vn -0.2540325 -0.8613188 0.4399971
vn -0.5037826 -0.7017165 0.5037827
vn -0.6142561 -0.495357 0.6142563
vn -0.4343447 -0.4953571 0.7523071
vn -0.3562281 -0.7017165 0.6170052
vn -0.6142561 -0.495357 0.6142563
vn -0.6835161 -0.2561471 0.6835161
vn -0.4833189 -0.2561471 0.8371329
vn -0.4343447 -0.4953571 0.7523071
vn -0.6835161 -0.2561471 0.6835161
vn -0.7071067 -5.448335E-09 0.7071068
vn -0.5000001 -1.089667E-08 0.8660254
vn -0.4833189 -0.2561471 0.8371329
vn -0.7071067 -5.448335E-09 0.7071068
vn -0.6835161 0.2561471 0.6835161
vn -0.4833189 0.2561471 0.8371329
vn -0.5000001 -1.089667E-08 0.8660254
vn -0.6835161 0.2561471 0.6835161
vn -0.6142561 0.4953572 0.6142561
vn -0.4343447 0.4953572 0.7523071
vn -0.4833189 0.2561471 0.8371329
vn -0.6142561 0.4953572 0.6142561
vn -0.5037826 0.7017164 0.5037827
vn -0.3562281 0.7017164 0.6170052
vn -0.4343447 0.4953572 0.7523071
vn -0.5037826 0.7017164 0.5037827
vn -0.3592562 0.8613187 0.3592562
vn -0.2540325 0.8613187 0.4399972
vn -0.3562281 0.7017164 0.6170052
vn -0.3592562 0.8613187 0.3592562
vn -0.1901471 0.9631657 0.1901471
vn -0.1344542 0.9631657 0.2328816
vn -0.2540325 0.8613187 0.4399972
vn -0.1901471 0.9631657 0.1901471
vn 2.459682E-08 1 -3.70637E-08
vn -0.1344542 0.9631657 0.2328816
vn -0.2328817 -0.9631657 0.1344543
vn -0.1901471 -0.9631657 0.1901471
vn -1.08664E-08 -1 6.401909E-09
vn -0.2328817 -0.9631657 0.1344543
vn -0.4399971 -0.8613187 0.2540325
vn -0.3592561 -0.8613187 0.3592562
vn -0.1901471 -0.9631657 0.1901471
vn -0.4399971 -0.8613187 0.2540325
vn -0.6170052 -0.7017165 0.3562281
vn -0.5037826 -0.7017165 0.5037827
vn -0.3592561 -0.8613187 0.3592562
vn -0.6170052 -0.7017165 0.3562281
vn -0.7523071 -0.4953571 0.4343447
vn -0.6142561 -0.495357 0.6142563
vn -0.5037826 -0.7017165 0.5037827
vn -0.7523071 -0.4953571 0.4343447
vn -0.8371329 -0.2561471 0.4833189
vn -0.6835161 -0.2561471 0.6835161
vn -0.6142561 -0.495357 0.6142563
vn -0.8371329 -0.2561471 0.4833189
vn -0.8660254 -8.172503E-09 0.5
vn -0.7071067 -5.448335E-09 0.7071068
vn -0.6835161 -0.2561471 0.6835161
vn -0.8660254 -8.172503E-09 0.5
vn -0.8371329 0.2561471 0.4833189
vn -0.6835161 0.2561471 0.6835161
vn -0.7071067 -5.448335E-09 0.7071068
vn -0.8371329 0.2561471 0.4833189
vn -0.7523071 0.4953572 0.4343447
vn -0.6142561 0.4953572 0.6142561
vn -0.6835161 0.2561471 0.6835161
vn -0.7523071 0.4953572 0.4343447
vn -0.6170052 0.7017164 0.3562282
vn -0.5037826 0.7017164 0.5037827
vn -0.6142561 0.4953572 0.6142561
vn -0.6170052 0.7017164 0.3562282
vn -0.4399972 0.8613187 0.2540325
vn -0.3592562 0.8613187 0.3592562
vn -0.5037826 0.7017164 0.5037827
vn -0.4399972 0.8613187 0.2540325
vn -0.2328816 0.9631657 0.1344543
vn -0.1901471 0.9631657 0.1901471
vn -0.3592562 0.8613187 0.3592562
vn -0.2328816 0.9631657 0.1344543
vn 2.459682E-08 1 -3.70637E-08
vn -0.1901471 0.9631657 0.1901471
vn -0.2597458 -0.9631657 0.06959866
vn -0.2328817 -0.9631657 0.1344543
vn -1.08664E-08 -1 6.401909E-09
vn -0.2597458 -0.9631657 0.06959866
vn -0.490753 -0.8613188 0.1314968
vn -0.4399971 -0.8613187 0.2540325
vn -0.2328817 -0.9631657 0.1344543
vn -0.490753 -0.8613188 0.1314968
vn -0.6881799 -0.7017165 0.1843972
vn -0.6170052 -0.7017165 0.3562281
vn -0.4399971 -0.8613187 0.2540325
vn -0.6881799 -0.7017165 0.1843972
vn -0.8390896 -0.4953571 0.2248334
vn -0.7523071 -0.4953571 0.4343447
vn -0.6170052 -0.7017165 0.3562281
vn -0.8390896 -0.4953571 0.2248334
vn -0.9337004 -0.2561471 0.2501843
vn -0.8371329 -0.2561471 0.4833189
vn -0.7523071 -0.4953571 0.4343447
vn -0.9337004 -0.2561471 0.2501843
vn -0.9659259 -1.362084E-08 0.258819
vn -0.8660254 -8.172503E-09 0.5
vn -0.8371329 -0.2561471 0.4833189
vn -0.9659259 -1.362084E-08 0.258819
vn -0.9337004 0.2561471 0.2501842
vn -0.8371329 0.2561471 0.4833189
vn -0.8660254 -8.172503E-09 0.5
vn -0.9337004 0.2561471 0.2501842
vn -0.8390896 0.4953572 0.2248333
vn -0.7523071 0.4953572 0.4343447
vn -0.8371329 0.2561471 0.4833189
vn -0.8390896 0.4953572 0.2248333
vn -0.68818 0.7017165 0.1843973
vn -0.6170052 0.7017164 0.3562282
vn -0.7523071 0.4953572 0.4343447
vn -0.68818 0.7017165 0.1843973
vn -0.4907531 0.8613187 0.1314969
vn -0.4399972 0.8613187 0.2540325
vn -0.6170052 0.7017164 0.3562282
vn -0.4907531 0.8613187 0.1314969
vn -0.2597457 0.9631657 0.06959864
vn -0.2328816 0.9631657 0.1344543
vn -0.4399972 0.8613187 0.2540325
vn -0.2597457 0.9631657 0.06959864
vn 2.459682E-08 1 -3.70637E-08
vn -0.2328816 0.9631657 0.1344543
vn -0.2689086 -0.9631657 1.005527E-09
vn -0.2597458 -0.9631657 0.06959866
vn -1.08664E-08 -1 6.401909E-09
vn -0.2689086 -0.9631657 1.005527E-09
vn -0.508065 -0.8613188 0
vn -0.490753 -0.8613188 0.1314968
vn -0.2597458 -0.9631657 0.06959866
vn -0.508065 -0.8613188 0
vn -0.7124563 -0.7017165 2.704429E-09
vn -0.6881799 -0.7017165 0.1843972
vn -0.490753 -0.8613188 0.1314968
vn -0.7124563 -0.7017165 2.704429E-09
vn -0.8686895 -0.4953571 5.429376E-09
vn -0.8390896 -0.4953571 0.2248334
vn -0.6881799 -0.7017165 0.1843972
vn -0.8686895 -0.4953571 5.429376E-09
vn -0.9666379 -0.2561471 5.44337E-09
vn -0.9337004 -0.2561471 0.2501843
vn -0.8390896 -0.4953571 0.2248334
vn -0.9666379 -0.2561471 5.44337E-09
vn -1 -1.362084E-08 1.089667E-08
vn -0.9659259 -1.362084E-08 0.258819
vn -0.9337004 -0.2561471 0.2501843
vn -1 -1.362084E-08 1.089667E-08
vn -0.9666378 0.2561471 5.44337E-09
vn -0.9337004 0.2561471 0.2501842
vn -0.9659259 -1.362084E-08 0.258819
vn -0.9666378 0.2561471 5.44337E-09
vn -0.8686894 0.4953572 -2.714688E-09
vn -0.8390896 0.4953572 0.2248333
vn -0.9337004 0.2561471 0.2501842
vn -0.8686894 0.4953572 -2.714688E-09
vn -0.7124563 0.7017165 0
vn -0.68818 0.7017165 0.1843973
vn -0.8390896 0.4953572 0.2248333
vn -0.7124563 0.7017165 0
vn -0.508065 0.8613187 4.039042E-09
vn -0.4907531 0.8613187 0.1314969
vn -0.68818 0.7017165 0.1843973
vn -0.508065 0.8613187 4.039042E-09
vn -0.2689085 0.9631657 4.022108E-09
vn -0.2597457 0.9631657 0.06959864
vn -0.4907531 0.8613187 0.1314969
vn -0.2689085 0.9631657 4.022108E-09
vn 2.459682E-08 1 -3.70637E-08
vn -0.2597457 0.9631657 0.06959864
vn -0.2597458 -0.9631657 -0.06959868
vn -0.2689086 -0.9631657 1.005527E-09
vn -1.08664E-08 -1 6.401909E-09
vn -0.2597458 -0.9631657 -0.06959868
vn -0.4907531 -0.8613187 -0.1314969
vn -0.508065 -0.8613188 0
vn -0.2689086 -0.9631657 1.005527E-09
vn -0.4907531 -0.8613187 -0.1314969
vn -0.6881799 -0.7017165 -0.1843973
vn -0.7124563 -0.7017165 2.704429E-09
vn -0.508065 -0.8613188 0
vn -0.6881799 -0.7017165 -0.1843973
vn -0.8390896 -0.4953571 -0.2248335
vn -0.8686895 -0.4953571 5.429376E-09
vn -0.7124563 -0.7017165 2.704429E-09
vn -0.8390896 -0.4953571 -0.2248335
vn -0.9337004 -0.2561471 -0.2501844
vn -0.9666379 -0.2561471 5.44337E-09
vn -0.8686895 -0.4953571 5.429376E-09
vn -0.9337004 -0.2561471 -0.2501844
vn -0.9659258 -1.089667E-08 -0.2588191
vn -1 -1.362084E-08 1.089667E-08
vn -0.9666379 -0.2561471 5.44337E-09
vn -0.9659258 -1.089667E-08 -0.2588191
vn -0.9337004 0.2561471 -0.2501843
vn -0.9666378 0.2561471 5.44337E-09
vn -1 -1.362084E-08 1.089667E-08
vn -0.9337004 0.2561471 -0.2501843
vn -0.8390896 0.4953572 -0.2248334
vn -0.8686894 0.4953572 -2.714688E-09
vn -0.9666378 0.2561471 5.44337E-09
vn -0.8390896 0.4953572 -0.2248334
vn -0.6881799 0.7017165 -0.1843973
vn -0.7124563 0.7017165 0
vn -0.8686894 0.4953572 -2.714688E-09
vn -0.6881799 0.7017165 -0.1843973
vn -0.4907531 0.8613187 -0.1314969
vn -0.508065 0.8613187 4.039042E-09
vn -0.7124563 0.7017165 0
vn -0.4907531 0.8613187 -0.1314969
vn -0.2597457 0.9631657 -0.06959867
vn -0.2689085 0.9631657 4.022108E-09
vn -0.508065 0.8613187 4.039042E-09
vn -0.2597457 0.9631657 -0.06959867
vn 2.459682E-08 1 -3.70637E-08
vn -0.2689085 0.9631657 4.022108E-09
vn -0.2328817 -0.9631657 -0.1344544
vn -0.2597458 -0.9631657 -0.06959868
vn -1.08664E-08 -1 6.401909E-09
vn -0.2328817 -0.9631657 -0.1344544
vn -0.4399971 -0.8613188 -0.2540325
vn -0.4907531 -0.8613187 -0.1314969
vn -0.2597458 -0.9631657 -0.06959868
vn -0.4399971 -0.8613188 -0.2540325
vn -0.6170052 -0.7017165 -0.3562282
vn -0.6881799 -0.7017165 -0.1843973
vn -0.4907531 -0.8613187 -0.1314969
vn -0.6170052 -0.7017165 -0.3562282
vn -0.7523071 -0.4953571 -0.4343448
vn -0.8390896 -0.4953571 -0.2248335
vn -0.6881799 -0.7017165 -0.1843973
vn -0.7523071 -0.4953571 -0.4343448
vn -0.8371328 -0.2561471 -0.483319
vn -0.9337004 -0.2561471 -0.2501844
vn -0.8390896 -0.4953571 -0.2248335
vn -0.8371328 -0.2561471 -0.483319
vn -0.8660254 -8.172502E-09 -0.5000001
vn -0.9659258 -1.089667E-08 -0.2588191
vn -0.9337004 -0.2561471 -0.2501844
vn -0.8660254 -8.172502E-09 -0.5000001
vn -0.8371328 0.2561471 -0.483319
vn -0.9337004 0.2561471 -0.2501843
vn -0.9659258 -1.089667E-08 -0.2588191
vn -0.8371328 0.2561471 -0.483319
vn -0.7523071 0.4953572 -0.4343448
vn -0.8390896 0.4953572 -0.2248334
vn -0.9337004 0.2561471 -0.2501843
vn -0.7523071 0.4953572 -0.4343448
vn -0.6170052 0.7017165 -0.3562282
vn -0.6881799 0.7017165 -0.1843973
vn -0.8390896 0.4953572 -0.2248334
vn -0.6170052 0.7017165 -0.3562282
vn -0.4399972 0.8613187 -0.2540326
vn -0.4907531 0.8613187 -0.1314969
vn -0.6881799 0.7017165 -0.1843973
vn -0.4399972 0.8613187 -0.2540326
vn -0.2328817 0.9631657 -0.1344543
vn -0.2597457 0.9631657 -0.06959867
vn -0.4907531 0.8613187 -0.1314969
vn -0.2328817 0.9631657 -0.1344543
vn 2.459682E-08 1 -3.70637E-08
vn -0.2597457 0.9631657 -0.06959867
vn -0.1901471 -0.9631657 -0.1901471
vn -0.2328817 -0.9631657 -0.1344544
vn -1.08664E-08 -1 6.401909E-09
vn -0.1901471 -0.9631657 -0.1901471
vn -0.3592562 -0.8613187 -0.3592562
vn -0.4399971 -0.8613188 -0.2540325
vn -0.2328817 -0.9631657 -0.1344544
vn -0.3592562 -0.8613187 -0.3592562
vn -0.5037826 -0.7017165 -0.5037826
vn -0.6170052 -0.7017165 -0.3562282
vn -0.4399971 -0.8613188 -0.2540325
vn -0.5037826 -0.7017165 -0.5037826
vn -0.6142562 -0.495357 -0.6142562
vn -0.7523071 -0.4953571 -0.4343448
vn -0.6170052 -0.7017165 -0.3562282
vn -0.6142562 -0.495357 -0.6142562
vn -0.6835161 -0.2561471 -0.6835162
vn -0.8371328 -0.2561471 -0.483319
vn -0.7523071 -0.4953571 -0.4343448
vn -0.6835161 -0.2561471 -0.6835162
vn -0.7071068 -1.089667E-08 -0.7071068
vn -0.8660254 -8.172502E-09 -0.5000001
vn -0.8371328 -0.2561471 -0.483319
vn -0.7071068 -1.089667E-08 -0.7071068
vn -0.6835161 0.2561471 -0.6835161
vn -0.8371328 0.2561471 -0.483319
vn -0.8660254 -8.172502E-09 -0.5000001
vn -0.6835161 0.2561471 -0.6835161
vn -0.6142561 0.4953572 -0.6142561
vn -0.7523071 0.4953572 -0.4343448
vn -0.8371328 0.2561471 -0.483319
vn -0.6142561 0.4953572 -0.6142561
vn -0.5037827 0.7017164 -0.5037826
vn -0.6170052 0.7017165 -0.3562282
vn -0.7523071 0.4953572 -0.4343448
vn -0.5037827 0.7017164 -0.5037826
vn -0.3592562 0.8613187 -0.3592562
vn -0.4399972 0.8613187 -0.2540326
vn -0.6170052 0.7017165 -0.3562282
vn -0.3592562 0.8613187 -0.3592562
vn -0.1901471 0.9631657 -0.1901471
vn -0.2328817 0.9631657 -0.1344543
vn -0.4399972 0.8613187 -0.2540326
vn -0.1901471 0.9631657 -0.1901471
vn 2.459682E-08 1 -3.70637E-08
vn -0.2328817 0.9631657 -0.1344543
vn -0.1344543 -0.9631657 -0.2328817
vn -0.1901471 -0.9631657 -0.1901471
vn -1.08664E-08 -1 6.401909E-09
vn -0.1344543 -0.9631657 -0.2328817
vn -0.2540325 -0.8613187 -0.4399971
vn -0.3592562 -0.8613187 -0.3592562
vn -0.1901471 -0.9631657 -0.1901471
vn -0.2540325 -0.8613187 -0.4399971
vn -0.3562282 -0.7017165 -0.6170052
vn -0.5037826 -0.7017165 -0.5037826
vn -0.3592562 -0.8613187 -0.3592562
vn -0.3562282 -0.7017165 -0.6170052
vn -0.4343448 -0.4953571 -0.7523071
vn -0.6142562 -0.495357 -0.6142562
vn -0.5037826 -0.7017165 -0.5037826
vn -0.4343448 -0.4953571 -0.7523071
vn -0.483319 -0.2561471 -0.8371329
vn -0.6835161 -0.2561471 -0.6835162
vn -0.6142562 -0.495357 -0.6142562
vn -0.483319 -0.2561471 -0.8371329
vn -0.5000001 -1.362084E-08 -0.8660253
vn -0.7071068 -1.089667E-08 -0.7071068
vn -0.6835161 -0.2561471 -0.6835162
vn -0.5000001 -1.362084E-08 -0.8660253
vn -0.483319 0.2561471 -0.8371328
vn -0.6835161 0.2561471 -0.6835161
vn -0.7071068 -1.089667E-08 -0.7071068
vn -0.483319 0.2561471 -0.8371328
vn -0.4343447 0.4953572 -0.7523071
vn -0.6142561 0.4953572 -0.6142561
vn -0.6835161 0.2561471 -0.6835161
vn -0.4343447 0.4953572 -0.7523071
vn -0.3562282 0.7017165 -0.6170052
vn -0.5037827 0.7017164 -0.5037826
vn -0.6142561 0.4953572 -0.6142561
vn -0.3562282 0.7017165 -0.6170052
vn -0.2540325 0.8613187 -0.4399972
vn -0.3592562 0.8613187 -0.3592562
vn -0.5037827 0.7017164 -0.5037826
vn -0.2540325 0.8613187 -0.4399972
vn -0.1344543 0.9631657 -0.2328816
vn -0.1901471 0.9631657 -0.1901471
vn -0.3592562 0.8613187 -0.3592562
vn -0.1344543 0.9631657 -0.2328816
vn 2.459682E-08 1 -3.70637E-08
vn -0.1901471 0.9631657 -0.1901471
vn -0.06959865 -0.9631657 -0.2597458
vn -0.1344543 -0.9631657 -0.2328817
vn -1.08664E-08 -1 6.401909E-09
vn -0.06959865 -0.9631657 -0.2597458
vn -0.1314968 -0.8613188 -0.4907531
vn -0.2540325 -0.8613187 -0.4399971
vn -0.1344543 -0.9631657 -0.2328817
vn -0.1314968 -0.8613188 -0.4907531
vn -0.1843972 -0.7017165 -0.6881799
vn -0.3562282 -0.7017165 -0.6170052
vn -0.2540325 -0.8613187 -0.4399971
vn -0.1843972 -0.7017165 -0.6881799
vn -0.2248333 -0.4953571 -0.8390896
vn -0.4343448 -0.4953571 -0.7523071
vn -0.3562282 -0.7017165 -0.6170052
vn -0.2248333 -0.4953571 -0.8390896
vn -0.2501842 -0.2561471 -0.9337004
vn -0.483319 -0.2561471 -0.8371329
vn -0.4343448 -0.4953571 -0.7523071
vn -0.2501842 -0.2561471 -0.9337004
vn -0.2588189 -1.362084E-08 -0.9659259
vn -0.5000001 -1.362084E-08 -0.8660253
vn -0.483319 -0.2561471 -0.8371329
vn -0.2588189 -1.362084E-08 -0.9659259
vn -0.2501841 0.2561471 -0.9337004
vn -0.483319 0.2561471 -0.8371328
vn -0.5000001 -1.362084E-08 -0.8660253
vn -0.2501841 0.2561471 -0.9337004
vn -0.2248333 0.4953572 -0.8390896
vn -0.4343447 0.4953572 -0.7523071
vn -0.483319 0.2561471 -0.8371328
vn -0.2248333 0.4953572 -0.8390896
vn -0.1843972 0.7017165 -0.6881799
vn -0.3562282 0.7017165 -0.6170052
vn -0.4343447 0.4953572 -0.7523071
vn -0.1843972 0.7017165 -0.6881799
vn -0.1314968 0.8613187 -0.4907531
vn -0.2540325 0.8613187 -0.4399972
vn -0.3562282 0.7017165 -0.6170052
vn -0.1314968 0.8613187 -0.4907531
vn -0.06959864 0.9631657 -0.2597457
vn -0.1344543 0.9631657 -0.2328816
vn -0.2540325 0.8613187 -0.4399972
vn -0.06959864 0.9631657 -0.2597457
vn 2.459682E-08 1 -3.70637E-08
vn -0.1344543 0.9631657 -0.2328816
vn 1.139597E-08 -0.9631657 -0.2689086
vn -0.06959865 -0.9631657 -0.2597458
vn -1.08664E-08 -1 6.401909E-09
vn 1.139597E-08 -0.9631657 -0.2689086
vn 6.327833E-08 -0.8613188 -0.5080649
vn -0.1314968 -0.8613188 -0.4907531
vn -0.06959865 -0.9631657 -0.2597458
vn 6.327833E-08 -0.8613188 -0.5080649
vn 1.027683E-07 -0.7017165 -0.7124563
vn -0.1843972 -0.7017165 -0.6881799
vn -0.1314968 -0.8613188 -0.4907531
vn 1.027683E-07 -0.7017165 -0.7124563
vn 1.194463E-07 -0.4953571 -0.8686895
vn -0.2248333 -0.4953571 -0.8390896
vn -0.1843972 -0.7017165 -0.6881799
vn 1.194463E-07 -0.4953571 -0.8686895
vn 1.251975E-07 -0.2561471 -0.9666379
vn -0.2501842 -0.2561471 -0.9337004
vn -0.2248333 -0.4953571 -0.8390896
vn 1.251975E-07 -0.2561471 -0.9666379
vn 1.3076E-07 -1.362084E-08 -1
vn -0.2588189 -1.362084E-08 -0.9659259
vn -0.2501842 -0.2561471 -0.9337004
vn 1.3076E-07 -1.362084E-08 -1
vn 1.251975E-07 0.2561471 -0.9666378
vn -0.2501841 0.2561471 -0.9337004
vn -0.2588189 -1.362084E-08 -0.9659259
vn 1.251975E-07 0.2561471 -0.9666378
vn 1.221609E-07 0.4953572 -0.8686894
vn -0.2248333 0.4953572 -0.8390896
vn -0.2501841 0.2561471 -0.9337004
vn 1.221609E-07 0.4953572 -0.8686894
vn 1.054727E-07 0.7017164 -0.7124563
vn -0.1843972 0.7017165 -0.6881799
vn -0.2248333 0.4953572 -0.8390896
vn 1.054727E-07 0.7017164 -0.7124563
vn 6.731737E-08 0.8613187 -0.508065
vn -0.1314968 0.8613187 -0.4907531
vn -0.1843972 0.7017165 -0.6881799
vn 6.731737E-08 0.8613187 -0.508065
vn 3.217686E-08 0.9631657 -0.2689085
vn -0.06959864 0.9631657 -0.2597457
vn -0.1314968 0.8613187 -0.4907531
vn 3.217686E-08 0.9631657 -0.2689085
vn 2.459682E-08 1 -3.70637E-08
vn -0.06959864 0.9631657 -0.2597457
vn 0.06959871 -0.9631656 -0.2597458
vn 1.139597E-08 -0.9631657 -0.2689086
vn -1.08664E-08 -1 6.401909E-09
vn 0.06959871 -0.9631656 -0.2597458
vn 0.131497 -0.8613187 -0.4907531
vn 6.327833E-08 -0.8613188 -0.5080649
vn 1.139597E-08 -0.9631657 -0.2689086
vn 0.131497 -0.8613187 -0.4907531
vn 0.1843973 -0.7017165 -0.6881799
vn 1.027683E-07 -0.7017165 -0.7124563
vn 6.327833E-08 -0.8613188 -0.5080649
vn 0.1843973 -0.7017165 -0.6881799
vn 0.2248335 -0.4953571 -0.8390896
vn 1.194463E-07 -0.4953571 -0.8686895
vn 1.027683E-07 -0.7017165 -0.7124563
vn 0.2248335 -0.4953571 -0.8390896
vn 0.2501845 -0.2561471 -0.9337004
vn 1.251975E-07 -0.2561471 -0.9666379
vn 1.194463E-07 -0.4953571 -0.8686895
vn 0.2501845 -0.2561471 -0.9337004
vn 0.2588192 -5.448335E-09 -0.9659258
vn 1.3076E-07 -1.362084E-08 -1
vn 1.251975E-07 -0.2561471 -0.9666379
vn 0.2588192 -5.448335E-09 -0.9659258
vn 0.2501844 0.2561471 -0.9337004
vn 1.251975E-07 0.2561471 -0.9666378
vn 1.3076E-07 -1.362084E-08 -1
vn 0.2501844 0.2561471 -0.9337004
vn 0.2248335 0.4953572 -0.8390895
vn 1.221609E-07 0.4953572 -0.8686894
vn 1.251975E-07 0.2561471 -0.9666378
vn 0.2248335 0.4953572 -0.8390895
vn 0.1843973 0.7017164 -0.6881799
vn 1.054727E-07 0.7017164 -0.7124563
vn 1.221609E-07 0.4953572 -0.8686894
vn 0.1843973 0.7017164 -0.6881799
vn 0.131497 0.8613187 -0.4907531
vn 6.731737E-08 0.8613187 -0.508065
vn 1.054727E-07 0.7017164 -0.7124563
vn 0.131497 0.8613187 -0.4907531
vn 0.0695987 0.9631657 -0.2597457
vn 3.217686E-08 0.9631657 -0.2689085
vn 6.731737E-08 0.8613187 -0.508065
vn 0.0695987 0.9631657 -0.2597457
vn 2.459682E-08 1 -3.70637E-08
vn 3.217686E-08 0.9631657 -0.2689085
vn 0.1344544 -0.9631657 -0.2328817
vn 0.06959871 -0.9631656 -0.2597458
vn -1.08664E-08 -1 6.401909E-09
vn 0.1344544 -0.9631657 -0.2328817
vn 0.2540325 -0.8613187 -0.4399971
vn 0.131497 -0.8613187 -0.4907531
vn 0.06959871 -0.9631656 -0.2597458
vn 0.2540325 -0.8613187 -0.4399971
vn 0.3562282 -0.7017165 -0.6170052
vn 0.1843973 -0.7017165 -0.6881799
vn 0.131497 -0.8613187 -0.4907531
vn 0.3562282 -0.7017165 -0.6170052
vn 0.4343448 -0.495357 -0.7523071
vn 0.2248335 -0.4953571 -0.8390896
vn 0.1843973 -0.7017165 -0.6881799
vn 0.4343448 -0.495357 -0.7523071
vn 0.4833191 -0.256147 -0.8371328
vn 0.2501845 -0.2561471 -0.9337004
vn 0.2248335 -0.4953571 -0.8390896
vn 0.4833191 -0.256147 -0.8371328
vn 0.5000001 -2.724167E-09 -0.8660254
vn 0.2588192 -5.448335E-09 -0.9659258
vn 0.2501845 -0.2561471 -0.9337004
vn 0.5000001 -2.724167E-09 -0.8660254
vn 0.4833191 0.2561471 -0.8371328
vn 0.2501844 0.2561471 -0.9337004
vn 0.2588192 -5.448335E-09 -0.9659258
vn 0.4833191 0.2561471 -0.8371328
vn 0.4343448 0.4953572 -0.7523071
vn 0.2248335 0.4953572 -0.8390895
vn 0.2501844 0.2561471 -0.9337004
vn 0.4343448 0.4953572 -0.7523071
vn 0.3562282 0.7017165 -0.6170052
vn 0.1843973 0.7017164 -0.6881799
vn 0.2248335 0.4953572 -0.8390895
vn 0.3562282 0.7017165 -0.6170052
vn 0.2540326 0.8613187 -0.4399971
vn 0.131497 0.8613187 -0.4907531
vn 0.1843973 0.7017164 -0.6881799
vn 0.2540326 0.8613187 -0.4399971
vn 0.1344543 0.9631657 -0.2328816
vn 0.0695987 0.9631657 -0.2597457
vn 0.131497 0.8613187 -0.4907531
vn 0.1344543 0.9631657 -0.2328816
vn 2.459682E-08 1 -3.70637E-08
vn 0.0695987 0.9631657 -0.2597457
vn 0.1901471 -0.9631657 -0.1901471
vn 0.1344544 -0.9631657 -0.2328817
vn -1.08664E-08 -1 6.401909E-09
vn 0.1901471 -0.9631657 -0.1901471
vn 0.3592562 -0.8613187 -0.3592561
vn 0.2540325 -0.8613187 -0.4399971
vn 0.1344544 -0.9631657 -0.2328817
vn 0.3592562 -0.8613187 -0.3592561
vn 0.5037827 -0.7017165 -0.5037826
vn 0.3562282 -0.7017165 -0.6170052
vn 0.2540325 -0.8613187 -0.4399971
vn 0.5037827 -0.7017165 -0.5037826
vn 0.6142563 -0.495357 -0.6142561
vn 0.4343448 -0.495357 -0.7523071
vn 0.3562282 -0.7017165 -0.6170052
vn 0.6142563 -0.495357 -0.6142561
vn 0.6835162 -0.256147 -0.6835161
vn 0.4833191 -0.256147 -0.8371328
vn 0.4343448 -0.495357 -0.7523071
vn 0.6835162 -0.256147 -0.6835161
vn 0.7071068 -8.172502E-09 -0.7071066
vn 0.5000001 -2.724167E-09 -0.8660254
vn 0.4833191 -0.256147 -0.8371328
vn 0.7071068 -8.172502E-09 -0.7071066
vn 0.6835162 0.2561471 -0.6835161
vn 0.4833191 0.2561471 -0.8371328
vn 0.5000001 -2.724167E-09 -0.8660254
vn 0.6835162 0.2561471 -0.6835161
vn 0.6142563 0.4953571 -0.6142561
vn 0.4343448 0.4953572 -0.7523071
vn 0.4833191 0.2561471 -0.8371328
vn 0.6142563 0.4953571 -0.6142561
vn 0.5037827 0.7017164 -0.5037826
vn 0.3562282 0.7017165 -0.6170052
vn 0.4343448 0.4953572 -0.7523071
vn 0.5037827 0.7017164 -0.5037826
vn 0.3592562 0.8613187 -0.3592561
vn 0.2540326 0.8613187 -0.4399971
vn 0.3562282 0.7017165 -0.6170052
vn 0.3592562 0.8613187 -0.3592561
vn 0.1901471 0.9631657 -0.190147
vn 0.1344543 0.9631657 -0.2328816
vn 0.2540326 0.8613187 -0.4399971
vn 0.1901471 0.9631657 -0.190147
vn 2.459682E-08 1 -3.70637E-08
vn 0.1344543 0.9631657 -0.2328816
vn 0.2328817 -0.9631657 -0.1344543
vn 0.1901471 -0.9631657 -0.1901471
vn -1.08664E-08 -1 6.401909E-09
vn 0.2328817 -0.9631657 -0.1344543
vn 0.4399971 -0.8613188 -0.2540325
vn 0.3592562 -0.8613187 -0.3592561
vn 0.1901471 -0.9631657 -0.1901471
vn 0.4399971 -0.8613188 -0.2540325
vn 0.6170052 -0.7017165 -0.3562281
vn 0.5037827 -0.7017165 -0.5037826
vn 0.3592562 -0.8613187 -0.3592561
vn 0.6170052 -0.7017165 -0.3562281
vn 0.7523071 -0.4953571 -0.4343446
vn 0.6142563 -0.495357 -0.6142561
vn 0.5037827 -0.7017165 -0.5037826
vn 0.7523071 -0.4953571 -0.4343446
vn 0.8371329 -0.2561471 -0.4833189
vn 0.6835162 -0.256147 -0.6835161
vn 0.6142563 -0.495357 -0.6142561
vn 0.8371329 -0.2561471 -0.4833189
vn 0.8660254 -8.172502E-09 -0.4999999
vn 0.7071068 -8.172502E-09 -0.7071066
vn 0.6835162 -0.256147 -0.6835161
vn 0.8660254 -8.172502E-09 -0.4999999
vn 0.8371329 0.2561471 -0.4833189
vn 0.6835162 0.2561471 -0.6835161
vn 0.7071068 -8.172502E-09 -0.7071066
vn 0.8371329 0.2561471 -0.4833189
vn 0.7523071 0.4953572 -0.4343447
vn 0.6142563 0.4953571 -0.6142561
vn 0.6835162 0.2561471 -0.6835161
vn 0.7523071 0.4953572 -0.4343447
vn 0.6170053 0.7017165 -0.3562281
vn 0.5037827 0.7017164 -0.5037826
vn 0.6142563 0.4953571 -0.6142561
vn 0.6170053 0.7017165 -0.3562281
vn 0.4399972 0.8613187 -0.2540325
vn 0.3592562 0.8613187 -0.3592561
vn 0.5037827 0.7017164 -0.5037826
vn 0.4399972 0.8613187 -0.2540325
vn 0.2328816 0.9631657 -0.1344543
vn 0.1901471 0.9631657 -0.190147
vn 0.3592562 0.8613187 -0.3592561
vn 0.2328816 0.9631657 -0.1344543
vn 2.459682E-08 1 -3.70637E-08
vn 0.1901471 0.9631657 -0.190147
vn 0.2597458 -0.9631657 -0.06959867
vn 0.2328817 -0.9631657 -0.1344543
vn -1.08664E-08 -1 6.401909E-09
vn 0.2597458 -0.9631657 -0.06959867
vn 0.4907531 -0.8613188 -0.1314968
vn 0.4399971 -0.8613188 -0.2540325
vn 0.2328817 -0.9631657 -0.1344543
vn 0.4907531 -0.8613188 -0.1314968
vn 0.6881799 -0.7017165 -0.1843972
vn 0.6170052 -0.7017165 -0.3562281
vn 0.4399971 -0.8613188 -0.2540325
vn 0.6881799 -0.7017165 -0.1843972
vn 0.8390896 -0.4953571 -0.2248333
vn 0.7523071 -0.4953571 -0.4343446
vn 0.6170052 -0.7017165 -0.3562281
vn 0.8390896 -0.4953571 -0.2248333
vn 0.9337004 -0.256147 -0.2501842
vn 0.8371329 -0.2561471 -0.4833189
vn 0.7523071 -0.4953571 -0.4343446
vn 0.9337004 -0.256147 -0.2501842
vn 0.9659259 -1.362084E-08 -0.258819
vn 0.8660254 -8.172502E-09 -0.4999999
vn 0.8371329 -0.2561471 -0.4833189
vn 0.9659259 -1.362084E-08 -0.258819
vn 0.9337004 0.2561471 -0.2501842
vn 0.8371329 0.2561471 -0.4833189
vn 0.8660254 -8.172502E-09 -0.4999999
vn 0.9337004 0.2561471 -0.2501842
vn 0.8390896 0.4953572 -0.2248334
vn 0.7523071 0.4953572 -0.4343447
vn 0.8371329 0.2561471 -0.4833189
vn 0.8390896 0.4953572 -0.2248334
vn 0.68818 0.7017165 -0.1843973
vn 0.6170053 0.7017165 -0.3562281
vn 0.7523071 0.4953572 -0.4343447
vn 0.68818 0.7017165 -0.1843973
vn 0.4907531 0.8613187 -0.1314969
vn 0.4399972 0.8613187 -0.2540325
vn 0.6170053 0.7017165 -0.3562281
vn 0.4907531 0.8613187 -0.1314969
vn 0.2597457 0.9631657 -0.06959865
vn 0.2328816 0.9631657 -0.1344543
vn 0.4399972 0.8613187 -0.2540325
vn 0.2597457 0.9631657 -0.06959865
vn 2.459682E-08 1 -3.70637E-08
vn 0.2328816 0.9631657 -0.1344543
vn 0.2689086 -0.9631657 9.720094E-09
vn 0.2597458 -0.9631657 -0.06959867
vn -1.08664E-08 -1 6.401909E-09
vn 0.2689086 -0.9631657 9.720094E-09
vn 0.508065 -0.8613188 5.38539E-08
vn 0.4907531 -0.8613188 -0.1314968
vn 0.2597458 -0.9631657 -0.06959867
vn 0.508065 -0.8613188 5.38539E-08
vn 0.7124563 -0.7017165 9.735945E-08
vn 0.6881799 -0.7017165 -0.1843972
vn 0.4907531 -0.8613188 -0.1314968
vn 0.7124563 -0.7017165 9.735945E-08
vn 0.8686895 -0.4953571 1.194463E-07
vn 0.8390896 -0.4953571 -0.2248333
vn 0.6881799 -0.7017165 -0.1843972
vn 0.8686895 -0.4953571 1.194463E-07
vn 0.9666379 -0.2561471 1.115891E-07
vn 0.9337004 -0.256147 -0.2501842
vn 0.8390896 -0.4953571 -0.2248333
vn 0.9666379 -0.2561471 1.115891E-07
vn 1 -1.362084E-08 1.035184E-07
vn 0.9659259 -1.362084E-08 -0.258819
vn 0.9337004 -0.256147 -0.2501842
vn 1 -1.362084E-08 1.035184E-07
vn 0.9666378 0.2561471 1.088674E-07
vn 0.9337004 0.2561471 -0.2501842
vn 0.9659259 -1.362084E-08 -0.258819
vn 0.9666378 0.2561471 1.088674E-07
vn 0.8686894 0.4953572 1.167316E-07
vn 0.8390896 0.4953572 -0.2248334
vn 0.9337004 0.2561471 -0.2501842
vn 0.8686894 0.4953572 1.167316E-07
vn 0.7124563 0.7017164 9.465502E-08
vn 0.68818 0.7017165 -0.1843973
vn 0.8390896 0.4953572 -0.2248334
vn 0.7124563 0.7017164 9.465502E-08
vn 0.508065 0.8613187 6.058563E-08
vn 0.4907531 0.8613187 -0.1314969
vn 0.68818 0.7017165 -0.1843973
vn 0.508065 0.8613187 6.058563E-08
vn 0.2689085 0.9631657 3.083616E-08
vn 0.2597457 0.9631657 -0.06959865
vn 0.4907531 0.8613187 -0.1314969
vn 0.2689085 0.9631657 3.083616E-08
vn 2.459682E-08 1 -3.70637E-08
vn 0.2597457 0.9631657 -0.06959865
vn 0.2597458 -0.9631657 0.06959867
vn 0.2689086 -0.9631657 9.720094E-09
vn -1.08664E-08 -1 6.401909E-09
vn 0.2597458 -0.9631657 0.06959867
vn 0.4907531 -0.8613188 0.1314969
vn 0.508065 -0.8613188 5.38539E-08
vn 0.2689086 -0.9631657 9.720094E-09
vn 0.4907531 -0.8613188 0.1314969
vn 0.6881799 -0.7017165 0.1843972
vn 0.7124563 -0.7017165 9.735945E-08
vn 0.508065 -0.8613188 5.38539E-08
vn 0.6881799 -0.7017165 0.1843972
vn 0.8390896 -0.4953571 0.2248334
vn 0.8686895 -0.4953571 1.194463E-07
vn 0.7124563 -0.7017165 9.735945E-08
vn 0.8390896 -0.4953571 0.2248334
vn 0.9337004 -0.2561471 0.2501842
vn 0.9666379 -0.2561471 1.115891E-07
vn 0.8686895 -0.4953571 1.194463E-07
vn 0.9337004 -0.2561471 0.2501842
vn 0.9659259 -1.089667E-08 0.258819
vn 1 -1.362084E-08 1.035184E-07
vn 0.9666379 -0.2561471 1.115891E-07
vn 0.9659259 -1.089667E-08 0.258819
vn 0.9337004 0.2561472 0.2501843
vn 0.9666378 0.2561471 1.088674E-07
vn 1 -1.362084E-08 1.035184E-07
vn 0.9337004 0.2561472 0.2501843
vn 0.8390896 0.4953572 0.2248334
vn 0.8686894 0.4953572 1.167316E-07
vn 0.9666378 0.2561471 1.088674E-07
vn 0.8390896 0.4953572 0.2248334
vn 0.6881799 0.7017164 0.1843973
vn 0.7124563 0.7017164 9.465502E-08
vn 0.8686894 0.4953572 1.167316E-07
vn 0.6881799 0.7017164 0.1843973
vn 0.4907531 0.8613187 0.1314969
vn 0.508065 0.8613187 6.058563E-08
vn 0.7124563 0.7017164 9.465502E-08
vn 0.4907531 0.8613187 0.1314969
vn 0.2597457 0.9631657 0.06959865
vn 0.2689085 0.9631657 3.083616E-08
vn 0.508065 0.8613187 6.058563E-08
vn 0.2597457 0.9631657 0.06959865
vn 2.459682E-08 1 -3.70637E-08
vn 0.2689085 0.9631657 3.083616E-08
vn 0.2328817 -0.9631657 0.1344543
vn 0.2597458 -0.9631657 0.06959867
vn -1.08664E-08 -1 6.401909E-09
vn 0.2328817 -0.9631657 0.1344543
vn 0.4399971 -0.8613187 0.2540325
vn 0.4907531 -0.8613188 0.1314969
vn 0.2597458 -0.9631657 0.06959867
vn 0.4399971 -0.8613187 0.2540325
vn 0.6170053 -0.7017165 0.3562281
vn 0.6881799 -0.7017165 0.1843972
vn 0.4907531 -0.8613188 0.1314969
vn 0.6170053 -0.7017165 0.3562281
vn 0.7523071 -0.495357 0.4343447
vn 0.8390896 -0.4953571 0.2248334
vn 0.6881799 -0.7017165 0.1843972
vn 0.7523071 -0.495357 0.4343447
vn 0.8371329 -0.2561471 0.483319
vn 0.9337004 -0.2561471 0.2501842
vn 0.8390896 -0.4953571 0.2248334
vn 0.8371329 -0.2561471 0.483319
vn 0.8660254 -8.172503E-09 0.5
vn 0.9659259 -1.089667E-08 0.258819
vn 0.9337004 -0.2561471 0.2501842
vn 0.8660254 -8.172503E-09 0.5
vn 0.8371329 0.2561471 0.4833189
vn 0.9337004 0.2561472 0.2501843
vn 0.9659259 -1.089667E-08 0.258819
vn 0.8371329 0.2561471 0.4833189
vn 0.7523071 0.4953571 0.4343447
vn 0.8390896 0.4953572 0.2248334
vn 0.9337004 0.2561472 0.2501843
vn 0.7523071 0.4953571 0.4343447
vn 0.6170052 0.7017164 0.3562281
vn 0.6881799 0.7017164 0.1843973
vn 0.8390896 0.4953572 0.2248334
vn 0.6170052 0.7017164 0.3562281
vn 0.4399972 0.8613187 0.2540325
vn 0.4907531 0.8613187 0.1314969
vn 0.6881799 0.7017164 0.1843973
vn 0.4399972 0.8613187 0.2540325
vn 0.2328816 0.9631657 0.1344543
vn 0.2597457 0.9631657 0.06959865
vn 0.4907531 0.8613187 0.1314969
vn 0.2328816 0.9631657 0.1344543
vn 2.459682E-08 1 -3.70637E-08
vn 0.2597457 0.9631657 0.06959865
vn 0.1901471 -0.9631657 0.1901471
vn 0.2328817 -0.9631657 0.1344543
vn -1.08664E-08 -1 6.401909E-09
vn 0.1901471 -0.9631657 0.1901471
vn 0.3592561 -0.8613187 0.3592562
vn 0.4399971 -0.8613187 0.2540325
vn 0.2328817 -0.9631657 0.1344543
vn 0.3592561 -0.8613187 0.3592562
vn 0.5037826 -0.7017165 0.5037827
vn 0.6170053 -0.7017165 0.3562281
vn 0.4399971 -0.8613187 0.2540325
vn 0.5037826 -0.7017165 0.5037827
vn 0.6142561 -0.495357 0.6142563
vn 0.7523071 -0.495357 0.4343447
vn 0.6170053 -0.7017165 0.3562281
vn 0.6142561 -0.495357 0.6142563
vn 0.683516 -0.256147 0.6835162
vn 0.8371329 -0.2561471 0.483319
vn 0.7523071 -0.495357 0.4343447
vn 0.683516 -0.256147 0.6835162
vn 0.7071067 -2.724168E-09 0.7071069
vn 0.8660254 -8.172503E-09 0.5
vn 0.8371329 -0.2561471 0.483319
vn 0.7071067 -2.724168E-09 0.7071069
vn 0.6835161 0.2561471 0.6835162
vn 0.8371329 0.2561471 0.4833189
vn 0.8660254 -8.172503E-09 0.5
vn 0.6835161 0.2561471 0.6835162
vn 0.6142561 0.4953571 0.6142563
vn 0.7523071 0.4953571 0.4343447
vn 0.8371329 0.2561471 0.4833189
vn 0.6142561 0.4953571 0.6142563
vn 0.5037826 0.7017165 0.5037828
vn 0.6170052 0.7017164 0.3562281
vn 0.7523071 0.4953571 0.4343447
vn 0.5037826 0.7017165 0.5037828
vn 0.3592561 0.8613187 0.3592563
vn 0.4399972 0.8613187 0.2540325
vn 0.6170052 0.7017164 0.3562281
vn 0.3592561 0.8613187 0.3592563
vn 0.190147 0.9631657 0.1901471
vn 0.2328816 0.9631657 0.1344543
vn 0.4399972 0.8613187 0.2540325
vn 0.190147 0.9631657 0.1901471
vn 2.459682E-08 1 -3.70637E-08
vn 0.2328816 0.9631657 0.1344543
vn 0.1344543 -0.9631656 0.2328818
vn 0.1901471 -0.9631657 0.1901471
vn -1.08664E-08 -1 6.401909E-09
vn 0.1344543 -0.9631656 0.2328818
vn 0.2540323 -0.8613188 0.4399972
vn 0.3592561 -0.8613187 0.3592562
vn 0.1901471 -0.9631657 0.1901471
vn 0.2540323 -0.8613188 0.4399972
vn 0.3562279 -0.7017165 0.6170053
vn 0.5037826 -0.7017165 0.5037827
vn 0.3592561 -0.8613187 0.3592562
vn 0.3562279 -0.7017165 0.6170053
vn 0.4343445 -0.4953571 0.7523072
vn 0.6142561 -0.495357 0.6142563
vn 0.5037826 -0.7017165 0.5037827
vn 0.4343445 -0.4953571 0.7523072
vn 0.4833188 -0.2561471 0.837133
vn 0.683516 -0.256147 0.6835162
vn 0.6142561 -0.495357 0.6142563
vn 0.4833188 -0.2561471 0.837133
vn 0.4999998 -5.448335E-09 0.8660255
vn 0.7071067 -2.724168E-09 0.7071069
vn 0.683516 -0.256147 0.6835162
vn 0.4999998 -5.448335E-09 0.8660255
vn 0.4833187 0.2561471 0.837133
vn 0.6835161 0.2561471 0.6835162
vn 0.7071067 -2.724168E-09 0.7071069
vn 0.4833187 0.2561471 0.837133
vn 0.4343445 0.4953572 0.7523072
vn 0.6142561 0.4953571 0.6142563
vn 0.6835161 0.2561471 0.6835162
vn 0.4343445 0.4953572 0.7523072
vn 0.356228 0.7017165 0.6170054
vn 0.5037826 0.7017165 0.5037828
vn 0.6142561 0.4953571 0.6142563
vn 0.356228 0.7017165 0.6170054
vn 0.2540324 0.8613187 0.4399973
vn 0.3592561 0.8613187 0.3592563
vn 0.5037826 0.7017165 0.5037828
vn 0.2540324 0.8613187 0.4399973
vn 0.1344542 0.9631657 0.2328817
vn 0.190147 0.9631657 0.1901471
vn 0.3592561 0.8613187 0.3592563
vn 0.1344542 0.9631657 0.2328817
vn 2.459682E-08 1 -3.70637E-08
vn 0.190147 0.9631657 0.1901471
vn 0.06959862 -0.9631657 0.2597458
vn 0.1344543 -0.9631656 0.2328818
vn -1.08664E-08 -1 6.401909E-09
vn 0.06959862 -0.9631657 0.2597458
vn 0.1314968 -0.8613188 0.4907531
vn 0.2540323 -0.8613188 0.4399972
vn 0.1344543 -0.9631656 0.2328818
vn 0.1314968 -0.8613188 0.4907531
vn 0.1843971 -0.7017165 0.6881799
vn 0.3562279 -0.7017165 0.6170053
vn 0.2540323 -0.8613188 0.4399972
vn 0.1843971 -0.7017165 0.6881799
vn 0.2248332 -0.4953571 0.8390896
vn 0.4343445 -0.4953571 0.7523072
vn 0.3562279 -0.7017165 0.6170053
vn 0.2248332 -0.4953571 0.8390896
vn 0.2501841 -0.2561471 0.9337004
vn 0.4833188 -0.2561471 0.837133
vn 0.4343445 -0.4953571 0.7523072
vn 0.2501841 -0.2561471 0.9337004
vn 0.2588189 -1.362084E-08 0.9659259
vn 0.4999998 -5.448335E-09 0.8660255
vn 0.4833188 -0.2561471 0.837133
vn 0.2588189 -1.362084E-08 0.9659259
vn 0.2501841 0.2561471 0.9337004
vn 0.4833187 0.2561471 0.837133
vn 0.4999998 -5.448335E-09 0.8660255
vn 0.2501841 0.2561471 0.9337004
vn 0.2248332 0.4953572 0.8390896
vn 0.4343445 0.4953572 0.7523072
vn 0.4833187 0.2561471 0.837133
vn 0.2248332 0.4953572 0.8390896
vn 0.1843971 0.7017164 0.68818
vn 0.356228 0.7017165 0.6170054
vn 0.4343445 0.4953572 0.7523072
vn 0.1843971 0.7017164 0.68818
vn 0.1314968 0.8613187 0.4907531
vn 0.2540324 0.8613187 0.4399973
vn 0.356228 0.7017165 0.6170054
vn 0.1314968 0.8613187 0.4907531
vn 0.06959859 0.9631657 0.2597457
vn 0.1344542 0.9631657 0.2328817
vn 0.2540324 0.8613187 0.4399973
vn 0.06959859 0.9631657 0.2597457
vn 2.459682E-08 1 -3.70637E-08
vn 0.1344542 0.9631657 0.2328817
vn 2.681406E-09 -0.9631657 0.2689086
vn 0.06959862 -0.9631657 0.2597458
vn -1.08664E-08 -1 6.401909E-09
vn 2.681406E-09 -0.9631657 0.2689086
vn -2.692695E-08 -0.8613188 0.508065
vn 0.1314968 -0.8613188 0.4907531
vn 0.06959862 -0.9631657 0.2597458
vn -2.692695E-08 -0.8613188 0.508065
vn -6.49063E-08 -0.7017165 0.7124562
vn 0.1843971 -0.7017165 0.6881799
vn 0.1314968 -0.8613188 0.4907531
vn -6.49063E-08 -0.7017165 0.7124562
vn -7.058188E-08 -0.4953571 0.8686895
vn 0.2248332 -0.4953571 0.8390896
vn 0.1843971 -0.7017165 0.6881799
vn -7.058188E-08 -0.4953571 0.8686895
vn -6.259875E-08 -0.2561471 0.9666378
vn 0.2501841 -0.2561471 0.9337004
vn 0.2248332 -0.4953571 0.8390896
vn -6.259875E-08 -0.2561471 0.9666378
vn -6.538002E-08 -1.634501E-08 1
vn 0.2588189 -1.362084E-08 0.9659259
vn 0.2501841 -0.2561471 0.9337004
vn -6.538002E-08 -1.634501E-08 1
vn -6.259875E-08 0.2561471 0.9666378
vn 0.2501841 0.2561471 0.9337004
vn 0.2588189 -1.362084E-08 0.9659259
vn -6.259875E-08 0.2561471 0.9666378
vn -6.515251E-08 0.4953572 0.8686894
vn 0.2248332 0.4953572 0.8390896
vn 0.2501841 0.2561471 0.9337004
vn -6.515251E-08 0.4953572 0.8686894
vn -6.084966E-08 0.7017165 0.7124563
vn 0.1843971 0.7017164 0.68818
vn 0.2248332 0.4953572 0.8390896
vn -6.084966E-08 0.7017165 0.7124563
vn -3.769773E-08 0.8613187 0.508065
vn 0.1314968 0.8613187 0.4907531
vn 0.1843971 0.7017164 0.68818
vn -3.769773E-08 0.8613187 0.508065
vn -1.675878E-08 0.9631657 0.2689085
vn 0.06959859 0.9631657 0.2597457
vn 0.1314968 0.8613187 0.4907531
vn -1.675878E-08 0.9631657 0.2689085
vn 2.459682E-08 1 -3.70637E-08
vn 0.06959859 0.9631657 0.2597457
vt -0.04166667 0.08333334
vt 0 0.08333334
vt 0 0.08333334
vt -0.04166667 0.08333334
vt -0.04166667 0.1666667
vt 0 0.1666667
vt 0 0.08333334
vt -0.04166667 0.1666667
vt -0.04166667 0.25
vt 0 0.25
vt 0 0.1666667
vt -0.04166667 0.25
vt -0.04166667 0.3333333
vt 0 0.3333333
vt 0 0.25
vt -0.04166667 0.3333333
vt -0.04166667 0.4166667
vt 0 0.4166667
vt 0 0.3333333
vt -0.04166667 0.4166667
vt -0.04166667 0.5
vt 0 0.5
vt 0 0.4166667
vt -0.04166667 0.5
vt -0.04166667 0.5833334
vt 0 0.5833334
vt 0 0.5
vt -0.04166667 0.5833334
vt -0.04166667 0.6666667
vt 0 0.6666667
vt 0 0.5833334
vt -0.04166667 0.6666667
vt -0.04166667 0.75
vt 0 0.75
vt 0 0.6666667
vt -0.04166667 0.75
vt -0.04166667 0.8333334
vt 0 0.8333334
vt 0 0.75
vt -0.04166667 0.8333334
vt -0.04166667 0.9166667
vt 0 0.9166667
vt 0 0.8333334
vt -0.04166667 0.9166667
vt -0.04166667 1
vt 0 0.9166667
vt -0.08333334 0.08333334
vt -0.04166667 0.08333334
vt -0.04166667 0.08333334
vt -0.08333334 0.08333334
vt -0.08333334 0.1666667
vt -0.04166667 0.1666667
vt -0.04166667 0.08333334
vt -0.08333334 0.1666667
vt -0.08333334 0.25
vt -0.04166667 0.25
vt -0.04166667 0.1666667
vt -0.08333334 0.25
vt -0.08333334 0.3333333
vt -0.04166667 0.3333333
vt -0.04166667 0.25
vt -0.08333334 0.3333333
vt -0.08333334 0.4166667
vt -0.04166667 0.4166667
vt -0.04166667 0.3333333
vt -0.08333334 0.4166667
vt -0.08333334 0.5
vt -0.04166667 0.5
vt -0.04166667 0.4166667
vt -0.08333334 0.5
vt -0.08333334 0.5833334
vt -0.04166667 0.5833334
vt -0.04166667 0.5
vt -0.08333334 0.5833334
vt -0.08333334 0.6666667
vt -0.04166667 0.6666667
vt -0.04166667 0.5833334
vt -0.08333334 0.6666667
vt -0.08333334 0.75
vt -0.04166667 0.75
vt -0.04166667 0.6666667
vt -0.08333334 0.75
vt -0.08333334 0.8333334
vt -0.04166667 0.8333334
vt -0.04166667 0.75
vt -0.08333334 0.8333334
vt -0.08333334 0.9166667
vt -0.04166667 0.9166667
vt -0.04166667 0.8333334
vt -0.08333334 0.9166667
vt -0.08333334 1
vt -0.04166667 0.9166667
vt -0.125 0.08333334
vt -0.08333334 0.08333334
vt -0.08333334 0.08333334
vt -0.125 0.08333334
vt -0.125 0.1666667
vt -0.08333334 0.1666667
vt -0.08333334 0.08333334
vt -0.125 0.1666667
vt -0.125 0.25
vt -0.08333334 0.25
vt -0.08333334 0.1666667
vt -0.125 0.25
vt -0.125 0.3333333
vt -0.08333334 0.3333333
vt -0.08333334 0.25
vt -0.125 0.3333333
vt -0.125 0.4166667
vt -0.08333334 0.4166667
vt -0.08333334 0.3333333
vt -0.125 0.4166667
vt -0.125 0.5
vt -0.08333334 0.5
vt -0.08333334 0.4166667
vt -0.125 0.5
vt -0.125 0.5833334
vt -0.08333334 0.5833334
vt -0.08333334 0.5
vt -0.125 0.5833334
vt -0.125 0.6666667
vt -0.08333334 0.6666667
vt -0.08333334 0.5833334
vt -0.125 0.6666667
vt -0.125 0.75
vt -0.08333334 0.75
vt -0.08333334 0.6666667
vt -0.125 0.75
vt -0.125 0.8333334
vt -0.08333334 0.8333334
vt -0.08333334 0.75
vt -0.125 0.8333334
vt -0.125 0.9166667
vt -0.08333334 0.9166667
vt -0.08333334 0.8333334
vt -0.125 0.9166667
vt -0.125 1
vt -0.08333334 0.9166667
vt -0.1666667 0.08333334
vt -0.125 0.08333334
vt -0.125 0.08333334
vt -0.1666667 0.08333334
vt -0.1666667 0.1666667
vt -0.125 0.1666667
vt -0.125 0.08333334
vt -0.1666667 0.1666667
vt -0.1666667 0.25
vt -0.125 0.25
vt -0.125 0.1666667
vt -0.1666667 0.25
vt -0.1666667 0.3333333
vt -0.125 0.3333333
vt -0.125 0.25
vt -0.1666667 0.3333333
vt -0.1666667 0.4166667
vt -0.125 0.4166667
vt -0.125 0.3333333
vt -0.1666667 0.4166667
vt -0.1666667 0.5
vt -0.125 0.5
vt -0.125 0.4166667
vt -0.1666667 0.5
vt -0.1666667 0.5833334
vt -0.125 0.5833334
vt -0.125 0.5
vt -0.1666667 0.5833334
vt -0.1666667 0.6666667
vt -0.125 0.6666667
vt -0.125 0.5833334
vt -0.1666667 0.6666667
vt -0.1666667 0.75
vt -0.125 0.75
vt -0.125 0.6666667
vt -0.1666667 0.75
vt -0.1666667 0.8333334
vt -0.125 0.8333334
vt -0.125 0.75
vt -0.1666667 0.8333334
vt -0.1666667 0.9166667
vt -0.125 0.9166667
vt -0.125 0.8333334
vt -0.1666667 0.9166667
vt -0.1666667 1
vt -0.125 0.9166667
vt -0.2083333 0.08333334
vt -0.1666667 0.08333334
vt -0.1666667 0.08333334
vt -0.2083333 0.08333334
vt -0.2083333 0.1666667
vt -0.1666667 0.1666667
vt -0.1666667 0.08333334
vt -0.2083333 0.1666667
vt -0.2083333 0.25
vt -0.1666667 0.25
vt -0.1666667 0.1666667
vt -0.2083333 0.25
vt -0.2083333 0.3333333
vt -0.1666667 0.3333333
vt -0.1666667 0.25
vt -0.2083333 0.3333333
vt -0.2083333 0.4166667
vt -0.1666667 0.4166667
vt -0.1666667 0.3333333
vt -0.2083333 0.4166667
vt -0.2083333 0.5
vt -0.1666667 0.5
vt -0.1666667 0.4166667
vt -0.2083333 0.5
vt -0.2083333 0.5833334
vt -0.1666667 0.5833334
vt -0.1666667 0.5
vt -0.2083333 0.5833334
vt -0.2083333 0.6666667
vt -0.1666667 0.6666667
vt -0.1666667 0.5833334
vt -0.2083333 0.6666667
vt -0.2083333 0.75
vt -0.1666667 0.75
vt -0.1666667 0.6666667
vt -0.2083333 0.75
vt -0.2083333 0.8333334
vt -0.1666667 0.8333334
vt -0.1666667 0.75
vt -0.2083333 0.8333334
vt -0.2083333 0.9166667
vt -0.1666667 0.9166667
vt -0.1666667 0.8333334
vt -0.2083333 0.9166667
vt -0.2083333 1
vt -0.1666667 0.9166667
vt -0.25 0.08333334
vt -0.2083333 0.08333334
vt -0.2083333 0.08333334
vt -0.25 0.08333334
vt -0.25 0.1666667
vt -0.2083333 0.1666667
vt -0.2083333 0.08333334
vt -0.25 0.1666667
vt -0.25 0.25
vt -0.2083333 0.25
vt -0.2083333 0.1666667
vt -0.25 0.25
vt -0.25 0.3333333
vt -0.2083333 0.3333333
vt -0.2083333 0.25
vt -0.25 0.3333333
vt -0.25 0.4166667
vt -0.2083333 0.4166667
vt -0.2083333 0.3333333
vt -0.25 0.4166667
vt -0.25 0.5
vt -0.2083333 0.5
vt -0.2083333 0.4166667
vt -0.25 0.5
vt -0.25 0.5833334
vt -0.2083333 0.5833334
vt -0.2083333 0.5
vt -0.25 0.5833334
vt -0.25 0.6666667
vt -0.2083333 0.6666667
vt -0.2083333 0.5833334
vt -0.25 0.6666667
vt -0.25 0.75
vt -0.2083333 0.75
vt -0.2083333 0.6666667
vt -0.25 0.75
vt -0.25 0.8333334
vt -0.2083333 0.8333334
vt -0.2083333 0.75
vt -0.25 0.8333334
vt -0.25 0.9166667
vt -0.2083333 0.9166667
vt -0.2083333 0.8333334
vt -0.25 0.9166667
vt -0.25 1
vt -0.2083333 0.9166667
vt -0.2916667 0.08333334
vt -0.25 0.08333334
vt -0.25 0.08333334
vt -0.2916667 0.08333334
vt -0.2916667 0.1666667
vt -0.25 0.1666667
vt -0.25 0.08333334
vt -0.2916667 0.1666667
vt -0.2916667 0.25
vt -0.25 0.25
vt -0.25 0.1666667
vt -0.2916667 0.25
vt -0.2916667 0.3333333
vt -0.25 0.3333333
vt -0.25 0.25
vt -0.2916667 0.3333333
vt -0.2916667 0.4166667
vt -0.25 0.4166667
vt -0.25 0.3333333
vt -0.2916667 0.4166667
vt -0.2916667 0.5
vt -0.25 0.5
vt -0.25 0.4166667
vt -0.2916667 0.5
vt -0.2916667 0.5833334
vt -0.25 0.5833334
vt -0.25 0.5
vt -0.2916667 0.5833334
vt -0.2916667 0.6666667
vt -0.25 0.6666667
vt -0.25 0.5833334
vt -0.2916667 0.6666667
vt -0.2916667 0.75
vt -0.25 0.75
vt -0.25 0.6666667
vt -0.2916667 0.75
vt -0.2916667 0.8333334
vt -0.25 0.8333334
vt -0.25 0.75
vt -0.2916667 0.8333334
vt -0.2916667 0.9166667
vt -0.25 0.9166667
vt -0.25 0.8333334
vt -0.2916667 0.9166667
vt -0.2916667 1
vt -0.25 0.9166667
vt -0.3333333 0.08333334
vt -0.2916667 0.08333334
vt -0.2916667 0.08333334
vt -0.3333333 0.08333334
vt -0.3333333 0.1666667
vt -0.2916667 0.1666667
vt -0.2916667 0.08333334
vt -0.3333333 0.1666667
vt -0.3333333 0.25
vt -0.2916667 0.25
vt -0.2916667 0.1666667
vt -0.3333333 0.25
vt -0.3333333 0.3333333
vt -0.2916667 0.3333333
vt -0.2916667 0.25
vt -0.3333333 0.3333333
vt -0.3333333 0.4166667
vt -0.2916667 0.4166667
vt -0.2916667 0.3333333
vt -0.3333333 0.4166667
vt -0.3333333 0.5
vt -0.2916667 0.5
vt -0.2916667 0.4166667
vt -0.3333333 0.5
vt -0.3333333 0.5833334
vt -0.2916667 0.5833334
vt -0.2916667 0.5
vt -0.3333333 0.5833334
vt -0.3333333 0.6666667
vt -0.2916667 0.6666667
vt -0.2916667 0.5833334
vt -0.3333333 0.6666667
vt -0.3333333 0.75
vt -0.2916667 0.75
vt -0.2916667 0.6666667
vt -0.3333333 0.75
vt -0.3333333 0.8333334
vt -0.2916667 0.8333334
vt -0.2916667 0.75
vt -0.3333333 0.8333334
vt -0.3333333 0.9166667
vt -0.2916667 0.9166667
vt -0.2916667 0.8333334
vt -0.3333333 0.9166667
vt -0.3333333 1
vt -0.2916667 0.9166667
vt -0.375 0.08333334
vt -0.3333333 0.08333334
vt -0.3333333 0.08333334
vt -0.375 0.08333334
vt -0.375 0.1666667
vt -0.3333333 0.1666667
vt -0.3333333 0.08333334
vt -0.375 0.1666667
vt -0.375 0.25
vt -0.3333333 0.25
vt -0.3333333 0.1666667
vt -0.375 0.25
vt -0.375 0.3333333
vt -0.3333333 0.3333333
vt -0.3333333 0.25
vt -0.375 0.3333333
vt -0.375 0.4166667
vt -0.3333333 0.4166667
vt -0.3333333 0.3333333
vt -0.375 0.4166667
vt -0.375 0.5
vt -0.3333333 0.5
vt -0.3333333 0.4166667
vt -0.375 0.5
vt -0.375 0.5833334
vt -0.3333333 0.5833334
vt -0.3333333 0.5
vt -0.375 0.5833334
vt -0.375 0.6666667
vt -0.3333333 0.6666667
vt -0.3333333 0.5833334
vt -0.375 0.6666667
vt -0.375 0.75
vt -0.3333333 0.75
vt -0.3333333 0.6666667
vt -0.375 0.75
vt -0.375 0.8333334
vt -0.3333333 0.8333334
vt -0.3333333 0.75
vt -0.375 0.8333334
vt -0.375 0.9166667
vt -0.3333333 0.9166667
vt -0.3333333 0.8333334
vt -0.375 0.9166667
vt -0.375 1
vt -0.3333333 0.9166667
vt -0.4166667 0.08333334
vt -0.375 0.08333334
vt -0.375 0.08333334
vt -0.4166667 0.08333334
vt -0.4166667 0.1666667
vt -0.375 0.1666667
vt -0.375 0.08333334
vt -0.4166667 0.1666667
vt -0.4166667 0.25
vt -0.375 0.25
vt -0.375 0.1666667
vt -0.4166667 0.25
vt -0.4166667 0.3333333
vt -0.375 0.3333333
vt -0.375 0.25
vt -0.4166667 0.3333333
vt -0.4166667 0.4166667
vt -0.375 0.4166667
vt -0.375 0.3333333
vt -0.4166667 0.4166667
vt -0.4166667 0.5
vt -0.375 0.5
vt -0.375 0.4166667
vt -0.4166667 0.5
vt -0.4166667 0.5833334
vt -0.375 0.5833334
vt -0.375 0.5
vt -0.4166667 0.5833334
vt -0.4166667 0.6666667
vt -0.375 0.6666667
vt -0.375 0.5833334
vt -0.4166667 0.6666667
vt -0.4166667 0.75
vt -0.375 0.75
vt -0.375 0.6666667
vt -0.4166667 0.75
vt -0.4166667 0.8333334
vt -0.375 0.8333334
vt -0.375 0.75
vt -0.4166667 0.8333334
vt -0.4166667 0.9166667
vt -0.375 0.9166667
vt -0.375 0.8333334
vt -0.4166667 0.9166667
vt -0.4166667 1
vt -0.375 0.9166667
vt -0.4583333 0.08333334
vt -0.4166667 0.08333334
vt -0.4166667 0.08333334
vt -0.4583333 0.08333334
vt -0.4583333 0.1666667
vt -0.4166667 0.1666667
vt -0.4166667 0.08333334
vt -0.4583333 0.1666667
vt -0.4583333 0.25
vt -0.4166667 0.25
vt -0.4166667 0.1666667
vt -0.4583333 0.25
vt -0.4583333 0.3333333
vt -0.4166667 0.3333333
vt -0.4166667 0.25
vt -0.4583333 0.3333333
vt -0.4583333 0.4166667
vt -0.4166667 0.4166667
vt -0.4166667 0.3333333
vt -0.4583333 0.4166667
vt -0.4583333 0.5
vt -0.4166667 0.5
vt -0.4166667 0.4166667
vt -0.4583333 0.5
vt -0.4583333 0.5833334
vt -0.4166667 0.5833334
vt -0.4166667 0.5
vt -0.4583333 0.5833334
vt -0.4583333 0.6666667
vt -0.4166667 0.6666667
vt -0.4166667 0.5833334
vt -0.4583333 0.6666667
vt -0.4583333 0.75
vt -0.4166667 0.75
vt -0.4166667 0.6666667
vt -0.4583333 0.75
vt -0.4583333 0.8333334
vt -0.4166667 0.8333334
vt -0.4166667 0.75
vt -0.4583333 0.8333334
vt -0.4583333 0.9166667
vt -0.4166667 0.9166667
vt -0.4166667 0.8333334
vt -0.4583333 0.9166667
vt -0.4583333 1
vt -0.4166667 0.9166667
vt -0.5 0.08333334
vt -0.4583333 0.08333334
vt -0.4583333 0.08333334
vt -0.5 0.08333334
vt -0.5 0.1666667
vt -0.4583333 0.1666667
vt -0.4583333 0.08333334
vt -0.5 0.1666667
vt -0.5 0.25
vt -0.4583333 0.25
vt -0.4583333 0.1666667
vt -0.5 0.25
vt -0.5 0.3333333
vt -0.4583333 0.3333333
vt -0.4583333 0.25
vt -0.5 0.3333333
vt -0.5 0.4166667
vt -0.4583333 0.4166667
vt -0.4583333 0.3333333
vt -0.5 0.4166667
vt -0.5 0.5
vt -0.4583333 0.5
vt -0.4583333 0.4166667
vt -0.5 0.5
vt -0.5 0.5833334
vt -0.4583333 0.5833334
vt -0.4583333 0.5
vt -0.5 0.5833334
vt -0.5 0.6666667
vt -0.4583333 0.6666667
vt -0.4583333 0.5833334
vt -0.5 0.6666667
vt -0.5 0.75
vt -0.4583333 0.75
vt -0.4583333 0.6666667
vt -0.5 0.75
vt -0.5 0.8333334
vt -0.4583333 0.8333334
vt -0.4583333 0.75
vt -0.5 0.8333334
vt -0.5 0.9166667
vt -0.4583333 0.9166667
vt -0.4583333 0.8333334
vt -0.5 0.9166667
vt -0.5 1
vt -0.4583333 0.9166667
vt -0.5416667 0.08333334
vt -0.5 0.08333334
vt -0.5 0.08333334
vt -0.5416667 0.08333334
vt -0.5416667 0.1666667
vt -0.5 0.1666667
vt -0.5 0.08333334
vt -0.5416667 0.1666667
vt -0.5416667 0.25
vt -0.5 0.25
vt -0.5 0.1666667
vt -0.5416667 0.25
vt -0.5416667 0.3333333
vt -0.5 0.3333333
vt -0.5 0.25
vt -0.5416667 0.3333333
vt -0.5416667 0.4166667
vt -0.5 0.4166667
vt -0.5 0.3333333
vt -0.5416667 0.4166667
vt -0.5416667 0.5
vt -0.5 0.5
vt -0.5 0.4166667
vt -0.5416667 0.5
vt -0.5416667 0.5833334
vt -0.5 0.5833334
vt -0.5 0.5
vt -0.5416667 0.5833334
vt -0.5416667 0.6666667
vt -0.5 0.6666667
vt -0.5 0.5833334
vt -0.5416667 0.6666667
vt -0.5416667 0.75
vt -0.5 0.75
vt -0.5 0.6666667
vt -0.5416667 0.75
vt -0.5416667 0.8333334
vt -0.5 0.8333334
vt -0.5 0.75
vt -0.5416667 0.8333334
vt -0.5416667 0.9166667
vt -0.5 0.9166667
vt -0.5 0.8333334
vt -0.5416667 0.9166667
vt -0.5416667 1
vt -0.5 0.9166667
vt -0.5833334 0.08333334
vt -0.5416667 0.08333334
vt -0.5416667 0.08333334
vt -0.5833334 0.08333334
vt -0.5833334 0.1666667
vt -0.5416667 0.1666667
vt -0.5416667 0.08333334
vt -0.5833334 0.1666667
vt -0.5833334 0.25
vt -0.5416667 0.25
vt -0.5416667 0.1666667
vt -0.5833334 0.25
vt -0.5833334 0.3333333
vt -0.5416667 0.3333333
vt -0.5416667 0.25
vt -0.5833334 0.3333333
vt -0.5833334 0.4166667
vt -0.5416667 0.4166667
vt -0.5416667 0.3333333
vt -0.5833334 0.4166667
vt -0.5833334 0.5
vt -0.5416667 0.5
vt -0.5416667 0.4166667
vt -0.5833334 0.5
vt -0.5833334 0.5833334
vt -0.5416667 0.5833334
vt -0.5416667 0.5
vt -0.5833334 0.5833334
vt -0.5833334 0.6666667
vt -0.5416667 0.6666667
vt -0.5416667 0.5833334
vt -0.5833334 0.6666667
vt -0.5833334 0.75
vt -0.5416667 0.75
vt -0.5416667 0.6666667
vt -0.5833334 0.75
vt -0.5833334 0.8333334
vt -0.5416667 0.8333334
vt -0.5416667 0.75
vt -0.5833334 0.8333334
vt -0.5833334 0.9166667
vt -0.5416667 0.9166667
vt -0.5416667 0.8333334
vt -0.5833334 0.9166667
vt -0.5833334 1
vt -0.5416667 0.9166667
vt -0.625 0.08333334
vt -0.5833334 0.08333334
vt -0.5833334 0.08333334
vt -0.625 0.08333334
vt -0.625 0.1666667
vt -0.5833334 0.1666667
vt -0.5833334 0.08333334
vt -0.625 0.1666667
vt -0.625 0.25
vt -0.5833334 0.25
vt -0.5833334 0.1666667
vt -0.625 0.25
vt -0.625 0.3333333
vt -0.5833334 0.3333333
vt -0.5833334 0.25
vt -0.625 0.3333333
vt -0.625 0.4166667
vt -0.5833334 0.4166667
vt -0.5833334 0.3333333
vt -0.625 0.4166667
vt -0.625 0.5
vt -0.5833334 0.5
vt -0.5833334 0.4166667
vt -0.625 0.5
vt -0.625 0.5833334
vt -0.5833334 0.5833334
vt -0.5833334 0.5
vt -0.625 0.5833334
vt -0.625 0.6666667
vt -0.5833334 0.6666667
vt -0.5833334 0.5833334
vt -0.625 0.6666667
vt -0.625 0.75
vt -0.5833334 0.75
vt -0.5833334 0.6666667
vt -0.625 0.75
vt -0.625 0.8333334
vt -0.5833334 0.8333334
vt -0.5833334 0.75
vt -0.625 0.8333334
vt -0.625 0.9166667
vt -0.5833334 0.9166667
vt -0.5833334 0.8333334
vt -0.625 0.9166667
vt -0.625 1
vt -0.5833334 0.9166667
vt -0.6666667 0.08333334
vt -0.625 0.08333334
vt -0.625 0.08333334
vt -0.6666667 0.08333334
vt -0.6666667 0.1666667
vt -0.625 0.1666667
vt -0.625 0.08333334
vt -0.6666667 0.1666667
vt -0.6666667 0.25
vt -0.625 0.25
vt -0.625 0.1666667
vt -0.6666667 0.25
vt -0.6666667 0.3333333
vt -0.625 0.3333333
vt -0.625 0.25
vt -0.6666667 0.3333333
vt -0.6666667 0.4166667
vt -0.625 0.4166667
vt -0.625 0.3333333
vt -0.6666667 0.4166667
vt -0.6666667 0.5
vt -0.625 0.5
vt -0.625 0.4166667
vt -0.6666667 0.5
vt -0.6666667 0.5833334
vt -0.625 0.5833334
vt -0.625 0.5
vt -0.6666667 0.5833334
vt -0.6666667 0.6666667
vt -0.625 0.6666667
vt -0.625 0.5833334
vt -0.6666667 0.6666667
vt -0.6666667 0.75
vt -0.625 0.75
vt -0.625 0.6666667
vt -0.6666667 0.75
vt -0.6666667 0.8333334
vt -0.625 0.8333334
vt -0.625 0.75
vt -0.6666667 0.8333334
vt -0.6666667 0.9166667
vt -0.625 0.9166667
vt -0.625 0.8333334
vt -0.6666667 0.9166667
vt -0.6666667 1
vt -0.625 0.9166667
vt -0.7083334 0.08333334
vt -0.6666667 0.08333334
vt -0.6666667 0.08333334
vt -0.7083334 0.08333334
vt -0.7083334 0.1666667
vt -0.6666667 0.1666667
vt -0.6666667 0.08333334
vt -0.7083334 0.1666667
vt -0.7083334 0.25
vt -0.6666667 0.25
vt -0.6666667 0.1666667
vt -0.7083334 0.25
vt -0.7083334 0.3333333
vt -0.6666667 0.3333333
vt -0.6666667 0.25
vt -0.7083334 0.3333333
vt -0.7083334 0.4166667
vt -0.6666667 0.4166667
vt -0.6666667 0.3333333
vt -0.7083334 0.4166667
vt -0.7083334 0.5
vt -0.6666667 0.5
vt -0.6666667 0.4166667
vt -0.7083334 0.5
vt -0.7083334 0.5833334
vt -0.6666667 0.5833334
vt -0.6666667 0.5
vt -0.7083334 0.5833334
vt -0.7083334 0.6666667
vt -0.6666667 0.6666667
vt -0.6666667 0.5833334
vt -0.7083334 0.6666667
vt -0.7083334 0.75
vt -0.6666667 0.75
vt -0.6666667 0.6666667
vt -0.7083334 0.75
vt -0.7083334 0.8333334
vt -0.6666667 0.8333334
vt -0.6666667 0.75
vt -0.7083334 0.8333334
vt -0.7083334 0.9166667
vt -0.6666667 0.9166667
vt -0.6666667 0.8333334
vt -0.7083334 0.9166667
vt -0.7083334 1
vt -0.6666667 0.9166667
vt -0.75 0.08333334
vt -0.7083334 0.08333334
vt -0.7083334 0.08333334
vt -0.75 0.08333334
vt -0.75 0.1666667
vt -0.7083334 0.1666667
vt -0.7083334 0.08333334
vt -0.75 0.1666667
vt -0.75 0.25
vt -0.7083334 0.25
vt -0.7083334 0.1666667
vt -0.75 0.25
vt -0.75 0.3333333
vt -0.7083334 0.3333333
vt -0.7083334 0.25
vt -0.75 0.3333333
vt -0.75 0.4166667
vt -0.7083334 0.4166667
vt -0.7083334 0.3333333
vt -0.75 0.4166667
vt -0.75 0.5
vt -0.7083334 0.5
vt -0.7083334 0.4166667
vt -0.75 0.5
vt -0.75 0.5833334
vt -0.7083334 0.5833334
vt -0.7083334 0.5
vt -0.75 0.5833334
vt -0.75 0.6666667
vt -0.7083334 0.6666667
vt -0.7083334 0.5833334
vt -0.75 0.6666667
vt -0.75 0.75
vt -0.7083334 0.75
vt -0.7083334 0.6666667
vt -0.75 0.75
vt -0.75 0.8333334
vt -0.7083334 0.8333334
vt -0.7083334 0.75
vt -0.75 0.8333334
vt -0.75 0.9166667
vt -0.7083334 0.9166667
vt -0.7083334 0.8333334
vt -0.75 0.9166667
vt -0.75 1
vt -0.7083334 0.9166667
vt -0.7916667 0.08333334
vt -0.75 0.08333334
vt -0.75 0.08333334
vt -0.7916667 0.08333334
vt -0.7916667 0.1666667
vt -0.75 0.1666667
vt -0.75 0.08333334
vt -0.7916667 0.1666667
vt -0.7916667 0.25
vt -0.75 0.25
vt -0.75 0.1666667
vt -0.7916667 0.25
vt -0.7916667 0.3333333
vt -0.75 0.3333333
vt -0.75 0.25
vt -0.7916667 0.3333333
vt -0.7916667 0.4166667
vt -0.75 0.4166667
vt -0.75 0.3333333
vt -0.7916667 0.4166667
vt -0.7916667 0.5
vt -0.75 0.5
vt -0.75 0.4166667
vt -0.7916667 0.5
vt -0.7916667 0.5833334
vt -0.75 0.5833334
vt -0.75 0.5
vt -0.7916667 0.5833334
vt -0.7916667 0.6666667
vt -0.75 0.6666667
vt -0.75 0.5833334
vt -0.7916667 0.6666667
vt -0.7916667 0.75
vt -0.75 0.75
vt -0.75 0.6666667
vt -0.7916667 0.75
vt -0.7916667 0.8333334
vt -0.75 0.8333334
vt -0.75 0.75
vt -0.7916667 0.8333334
vt -0.7916667 0.9166667
vt -0.75 0.9166667
vt -0.75 0.8333334
vt -0.7916667 0.9166667
vt -0.7916667 1
vt -0.75 0.9166667
vt -0.8333334 0.08333334
vt -0.7916667 0.08333334
vt -0.7916667 0.08333334
vt -0.8333334 0.08333334
vt -0.8333334 0.1666667
vt -0.7916667 0.1666667
vt -0.7916667 0.08333334
vt -0.8333334 0.1666667
vt -0.8333334 0.25
vt -0.7916667 0.25
vt -0.7916667 0.1666667
vt -0.8333334 0.25
vt -0.8333334 0.3333333
vt -0.7916667 0.3333333
vt -0.7916667 0.25
vt -0.8333334 0.3333333
vt -0.8333334 0.4166667
vt -0.7916667 0.4166667
vt -0.7916667 0.3333333
vt -0.8333334 0.4166667
vt -0.8333334 0.5
vt -0.7916667 0.5
vt -0.7916667 0.4166667
vt -0.8333334 0.5
vt -0.8333334 0.5833334
vt -0.7916667 0.5833334
vt -0.7916667 0.5
vt -0.8333334 0.5833334
vt -0.8333334 0.6666667
vt -0.7916667 0.6666667
vt -0.7916667 0.5833334
vt -0.8333334 0.6666667
vt -0.8333334 0.75
vt -0.7916667 0.75
vt -0.7916667 0.6666667
vt -0.8333334 0.75
vt -0.8333334 0.8333334
vt -0.7916667 0.8333334
vt -0.7916667 0.75
vt -0.8333334 0.8333334
vt -0.8333334 0.9166667
vt -0.7916667 0.9166667
vt -0.7916667 0.8333334
vt -0.8333334 0.9166667
vt -0.8333334 1
vt -0.7916667 0.9166667
vt -0.875 0.08333334
vt -0.8333334 0.08333334
vt -0.8333334 0.08333334
vt -0.875 0.08333334
vt -0.875 0.1666667
vt -0.8333334 0.1666667
vt -0.8333334 0.08333334
vt -0.875 0.1666667
vt -0.875 0.25
vt -0.8333334 0.25
vt -0.8333334 0.1666667
vt -0.875 0.25
vt -0.875 0.3333333
vt -0.8333334 0.3333333
vt -0.8333334 0.25
vt -0.875 0.3333333
vt -0.875 0.4166667
vt -0.8333334 0.4166667
vt -0.8333334 0.3333333
vt -0.875 0.4166667
vt -0.875 0.5
vt -0.8333334 0.5
vt -0.8333334 0.4166667
vt -0.875 0.5
vt -0.875 0.5833334
vt -0.8333334 0.5833334
vt -0.8333334 0.5
vt -0.875 0.5833334
vt -0.875 0.6666667
vt -0.8333334 0.6666667
vt -0.8333334 0.5833334
vt -0.875 0.6666667
vt -0.875 0.75
vt -0.8333334 0.75
vt -0.8333334 0.6666667
vt -0.875 0.75
vt -0.875 0.8333334
vt -0.8333334 0.8333334
vt -0.8333334 0.75
vt -0.875 0.8333334
vt -0.875 0.9166667
vt -0.8333334 0.9166667
vt -0.8333334 0.8333334
vt -0.875 0.9166667
vt -0.875 1
vt -0.8333334 0.9166667
vt -0.9166667 0.08333334
vt -0.875 0.08333334
vt -0.875 0.08333334
vt -0.9166667 0.08333334
vt -0.9166667 0.1666667
vt -0.875 0.1666667
vt -0.875 0.08333334
vt -0.9166667 0.1666667
vt -0.9166667 0.25
vt -0.875 0.25
vt -0.875 0.1666667
vt -0.9166667 0.25
vt -0.9166667 0.3333333
vt -0.875 0.3333333
vt -0.875 0.25
vt -0.9166667 0.3333333
vt -0.9166667 0.4166667
vt -0.875 0.4166667
vt -0.875 0.3333333
vt -0.9166667 0.4166667
vt -0.9166667 0.5
vt -0.875 0.5
vt -0.875 0.4166667
vt -0.9166667 0.5
vt -0.9166667 0.5833334
vt -0.875 0.5833334
vt -0.875 0.5
vt -0.9166667 0.5833334
vt -0.9166667 0.6666667
vt -0.875 0.6666667
vt -0.875 0.5833334
vt -0.9166667 0.6666667
vt -0.9166667 0.75
vt -0.875 0.75
vt -0.875 0.6666667
vt -0.9166667 0.75
vt -0.9166667 0.8333334
vt -0.875 0.8333334
vt -0.875 0.75
vt -0.9166667 0.8333334
vt -0.9166667 0.9166667
vt -0.875 0.9166667
vt -0.875 0.8333334
vt -0.9166667 0.9166667
vt -0.9166667 1
vt -0.875 0.9166667
vt -0.9583334 0.08333334
vt -0.9166667 0.08333334
vt -0.9166667 0.08333334
vt -0.9583334 0.08333334
vt -0.9583334 0.1666667
vt -0.9166667 0.1666667
vt -0.9166667 0.08333334
vt -0.9583334 0.1666667
vt -0.9583334 0.25
vt -0.9166667 0.25
vt -0.9166667 0.1666667
vt -0.9583334 0.25
vt -0.9583334 0.3333333
vt -0.9166667 0.3333333
vt -0.9166667 0.25
vt -0.9583334 0.3333333
vt -0.9583334 0.4166667
vt -0.9166667 0.4166667
vt -0.9166667 0.3333333
vt -0.9583334 0.4166667
vt -0.9583334 0.5
vt -0.9166667 0.5
vt -0.9166667 0.4166667
vt -0.9583334 0.5
vt -0.9583334 0.5833334
vt -0.9166667 0.5833334
vt -0.9166667 0.5
vt -0.9583334 0.5833334
vt -0.9583334 0.6666667
vt -0.9166667 0.6666667
vt -0.9166667 0.5833334
vt -0.9583334 0.6666667
vt -0.9583334 0.75
vt -0.9166667 0.75
vt -0.9166667 0.6666667
vt -0.9583334 0.75
vt -0.9583334 0.8333334
vt -0.9166667 0.8333334
vt -0.9166667 0.75
vt -0.9583334 0.8333334
vt -0.9583334 0.9166667
vt -0.9166667 0.9166667
vt -0.9166667 0.8333334
vt -0.9583334 0.9166667
vt -0.9583334 1
vt -0.9166667 0.9166667
vt -1 0.08333334
vt -0.9583334 0.08333334
vt -0.9583334 0.08333334
vt -1 0.08333334
vt -1 0.1666667
vt -0.9583334 0.1666667
vt -0.9583334 0.08333334
vt -1 0.1666667
vt -1 0.25
vt -0.9583334 0.25
vt -0.9583334 0.1666667
vt -1 0.25
vt -1 0.3333333
vt -0.9583334 0.3333333
vt -0.9583334 0.25
vt -1 0.3333333
vt -1 0.4166667
vt -0.9583334 0.4166667
vt -0.9583334 0.3333333
vt -1 0.4166667
vt -1 0.5
vt -0.9583334 0.5
vt -0.9583334 0.4166667
vt -1 0.5
vt -1 0.5833334
vt -0.9583334 0.5833334
vt -0.9583334 0.5
vt -1 0.5833334
vt -1 0.6666667
vt -0.9583334 0.6666667
vt -0.9583334 0.5833334
vt -1 0.6666667
vt -1 0.75
vt -0.9583334 0.75
vt -0.9583334 0.6666667
vt -1 0.75
vt -1 0.8333334
vt -0.9583334 0.8333334
vt -0.9583334 0.75
vt -1 0.8333334
vt -1 0.9166667
vt -0.9583334 0.9166667
vt -0.9583334 0.8333334
vt -1 0.9166667
vt -1 1
vt -0.9583334 0.9166667
usemtl Material 2
f 467/467/467 466/466/466 465/465/465
f 470/470/470 469/469/469 468/468/468
f 470/470/470 468/468/468 471/471/471
f 474/474/474 473/473/473 472/472/472
f 474/474/474 472/472/472 475/475/475
f 478/478/478 477/477/477 476/476/476
f 478/478/478 476/476/476 479/479/479
f 482/482/482 481/481/481 480/480/480
f 482/482/482 480/480/480 483/483/483
f 486/486/486 485/485/485 484/484/484
f 486/486/486 484/484/484 487/487/487
f 490/490/490 489/489/489 488/488/488
f 490/490/490 488/488/488 491/491/491
f 494/494/494 493/493/493 492/492/492
f 494/494/494 492/492/492 495/495/495
f 498/498/498 497/497/497 496/496/496
f 498/498/498 496/496/496 499/499/499
f 502/502/502 501/501/501 500/500/500
f 502/502/502 500/500/500 503/503/503
f 506/506/506 505/505/505 504/504/504
f 506/506/506 504/504/504 507/507/507
f 510/510/510 509/509/509 508/508/508
f 513/513/513 512/512/512 511/511/511
f 516/516/516 515/515/515 514/514/514
f 516/516/516 514/514/514 517/517/517
f 520/520/520 519/519/519 518/518/518
f 520/520/520 518/518/518 521/521/521
f 524/524/524 523/523/523 522/522/522
f 524/524/524 522/522/522 525/525/525
f 528/528/528 527/527/527 526/526/526
f 528/528/528 526/526/526 529/529/529
f 532/532/532 531/531/531 530/530/530
f 532/532/532 530/530/530 533/533/533
f 536/536/536 535/535/535 534/534/534
f 536/536/536 534/534/534 537/537/537
f 540/540/540 539/539/539 538/538/538
f 540/540/540 538/538/538 541/541/541
f 544/544/544 543/543/543 542/542/542
f 544/544/544 542/542/542 545/545/545
f 548/548/548 547/547/547 546/546/546
f 548/548/548 546/546/546 549/549/549
f 552/552/552 551/551/551 550/550/550
f 552/552/552 550/550/550 553/553/553
f 556/556/556 555/555/555 554/554/554
f 559/559/559 558/558/558 557/557/557
f 562/562/562 561/561/561 560/560/560
f 562/562/562 560/560/560 563/563/563
f 566/566/566 565/565/565 564/564/564
f 566/566/566 564/564/564 567/567/567
f 570/570/570 569/569/569 568/568/568
f 570/570/570 568/568/568 571/571/571
f 574/574/574 573/573/573 572/572/572
f 574/574/574 572/572/572 575/575/575
f 578/578/578 577/577/577 576/576/576
f 578/578/578 576/576/576 579/579/579
f 582/582/582 581/581/581 580/580/580
f 582/582/582 580/580/580 583/583/583
f 586/586/586 585/585/585 584/584/584
f 586/586/586 584/584/584 587/587/587
f 590/590/590 589/589/589 588/588/588
f 590/590/590 588/588/588 591/591/591
f 594/594/594 593/593/593 592/592/592
f 594/594/594 592/592/592 595/595/595
f 598/598/598 597/597/597 596/596/596
f 598/598/598 596/596/596 599/599/599
f 602/602/602 601/601/601 600/600/600
f 605/605/605 604/604/604 603/603/603
f 608/608/608 607/607/607 606/606/606
f 608/608/608 606/606/606 609/609/609
f 612/612/612 611/611/611 610/610/610
f 612/612/612 610/610/610 613/613/613
f 616/616/616 615/615/615 614/614/614
f 616/616/616 614/614/614 617/617/617
f 620/620/620 619/619/619 618/618/618
f 620/620/620 618/618/618 621/621/621
f 624/624/624 623/623/623 622/622/622
f 624/624/624 622/622/622 625/625/625
f 628/628/628 627/627/627 626/626/626
f 628/628/628 626/626/626 629/629/629
f 632/632/632 631/631/631 630/630/630
f 632/632/632 630/630/630 633/633/633
f 636/636/636 635/635/635 634/634/634
f 636/636/636 634/634/634 637/637/637
f 640/640/640 639/639/639 638/638/638
f 640/640/640 638/638/638 641/641/641
f 644/644/644 643/643/643 642/642/642
f 644/644/644 642/642/642 645/645/645
f 648/648/648 647/647/647 646/646/646
f 651/651/651 650/650/650 649/649/649
f 654/654/654 653/653/653 652/652/652
f 654/654/654 652/652/652 655/655/655
f 658/658/658 657/657/657 656/656/656
f 658/658/658 656/656/656 659/659/659
f 662/662/662 661/661/661 660/660/660
f 662/662/662 660/660/660 663/663/663
f 666/666/666 665/665/665 664/664/664
f 666/666/666 664/664/664 667/667/667
f 670/670/670 669/669/669 668/668/668
f 670/670/670 668/668/668 671/671/671
f 674/674/674 673/673/673 672/672/672
f 674/674/674 672/672/672 675/675/675
f 678/678/678 677/677/677 676/676/676
f 678/678/678 676/676/676 679/679/679
f 682/682/682 681/681/681 680/680/680
f 682/682/682 680/680/680 683/683/683
f 686/686/686 685/685/685 684/684/684
f 686/686/686 684/684/684 687/687/687
f 690/690/690 689/689/689 688/688/688
f 690/690/690 688/688/688 691/691/691
f 694/694/694 693/693/693 692/692/692
f 697/697/697 696/696/696 695/695/695
f 700/700/700 699/699/699 698/698/698
f 700/700/700 698/698/698 701/701/701
f 704/704/704 703/703/703 702/702/702
f 704/704/704 702/702/702 705/705/705
f 708/708/708 707/707/707 706/706/706
f 708/708/708 706/706/706 709/709/709
f 712/712/712 711/711/711 710/710/710
f 712/712/712 710/710/710 713/713/713
f 716/716/716 715/715/715 714/714/714
f 716/716/716 714/714/714 717/717/717
f 720/720/720 719/719/719 718/718/718
f 720/720/720 718/718/718 721/721/721
f 724/724/724 723/723/723 722/722/722
f 724/724/724 722/722/722 725/725/725
f 728/728/728 727/727/727 726/726/726
f 728/728/728 726/726/726 729/729/729
f 732/732/732 731/731/731 730/730/730
f 732/732/732 730/730/730 733/733/733
f 736/736/736 735/735/735 734/734/734
f 736/736/736 734/734/734 737/737/737
f 740/740/740 739/739/739 738/738/738
f 743/743/743 742/742/742 741/741/741
f 746/746/746 745/745/745 744/744/744
f 746/746/746 744/744/744 747/747/747
f 750/750/750 749/749/749 748/748/748
f 750/750/750 748/748/748 751/751/751
f 754/754/754 753/753/753 752/752/752
f 754/754/754 752/752/752 755/755/755
f 758/758/758 757/757/757 756/756/756
f 758/758/758 756/756/756 759/759/759
f 762/762/762 761/761/761 760/760/760
f 762/762/762 760/760/760 763/763/763
f 766/766/766 765/765/765 764/764/764
f 766/766/766 764/764/764 767/767/767
f 770/770/770 769/769/769 768/768/768
f 770/770/770 768/768/768 771/771/771
f 774/774/774 773/773/773 772/772/772
f 774/774/774 772/772/772 775/775/775
f 778/778/778 777/777/777 776/776/776
f 778/778/778 776/776/776 779/779/779
f 782/782/782 781/781/781 780/780/780
f 782/782/782 780/780/780 783/783/783
f 786/786/786 785/785/785 784/784/784
f 789/789/789 788/788/788 787/787/787
f 792/792/792 791/791/791 790/790/790
f 792/792/792 790/790/790 793/793/793
f 796/796/796 795/795/795 794/794/794
f 796/796/796 794/794/794 797/797/797
f 800/800/800 799/799/799 798/798/798
f 800/800/800 798/798/798 801/801/801
f 804/804/804 803/803/803 802/802/802
f 804/804/804 802/802/802 805/805/805
f 808/808/808 807/807/807 806/806/806
f 808/808/808 806/806/806 809/809/809
f 812/812/812 811/811/811 810/810/810
f 812/812/812 810/810/810 813/813/813
f 816/816/816 815/815/815 814/814/814
f 816/816/816 814/814/814 817/817/817
f 820/820/820 819/819/819 818/818/818
f 820/820/820 818/818/818 821/821/821
f 824/824/824 823/823/823 822/822/822
f 824/824/824 822/822/822 825/825/825
f 828/828/828 827/827/827 826/826/826
f 828/828/828 826/826/826 829/829/829
f 832/832/832 831/831/831 830/830/830
f 835/835/835 834/834/834 833/833/833
f 838/838/838 837/837/837 836/836/836
f 838/838/838 836/836/836 839/839/839
f 842/842/842 841/841/841 840/840/840
f 842/842/842 840/840/840 843/843/843
f 846/846/846 845/845/845 844/844/844
f 846/846/846 844/844/844 847/847/847
f 850/850/850 849/849/849 848/848/848
f 850/850/850 848/848/848 851/851/851
f 854/854/854 853/853/853 852/852/852
f 854/854/854 852/852/852 855/855/855
f 858/858/858 857/857/857 856/856/856
f 858/858/858 856/856/856 859/859/859
f 862/862/862 861/861/861 860/860/860
f 862/862/862 860/860/860 863/863/863
f 866/866/866 865/865/865 864/864/864
f 866/866/866 864/864/864 867/867/867
f 870/870/870 869/869/869 868/868/868
f 870/870/870 868/868/868 871/871/871
f 874/874/874 873/873/873 872/872/872
f 874/874/874 872/872/872 875/875/875
f 878/878/878 877/877/877 876/876/876
f 881/881/881 880/880/880 879/879/879
f 884/884/884 883/883/883 882/882/882
f 884/884/884 882/882/882 885/885/885
f 888/888/888 887/887/887 886/886/886
f 888/888/888 886/886/886 889/889/889
f 892/892/892 891/891/891 890/890/890
f 892/892/892 890/890/890 893/893/893
f 896/896/896 895/895/895 894/894/894
f 896/896/896 894/894/894 897/897/897
f 900/900/900 899/899/899 898/898/898
f 900/900/900 898/898/898 901/901/901
f 904/904/904 903/903/903 902/902/902
f 904/904/904 902/902/902 905/905/905
f 908/908/908 907/907/907 906/906/906
f 908/908/908 906/906/906 909/909/909
f 912/912/912 911/911/911 910/910/910
f 912/912/912 910/910/910 913/913/913
f 916/916/916 915/915/915 914/914/914
f 916/916/916 914/914/914 917/917/917
f 920/920/920 919/919/919 918/918/918
f 920/920/920 918/918/918 921/921/921
f 924/924/924 923/923/923 922/922/922
f 927/927/927 926/926/926 925/925/925
f 930/930/930 929/929/929 928/928/928
f 930/930/930 928/928/928 931/931/931
f 934/934/934 933/933/933 932/932/932
f 934/934/934 932/932/932 935/935/935
f 938/938/938 937/937/937 936/936/936
f 938/938/938 936/936/936 939/939/939
f 942/942/942 941/941/941 940/940/940
f 942/942/942 940/940/940 943/943/943
f 946/946/946 945/945/945 944/944/944
f 946/946/946 944/944/944 947/947/947
f 950/950/950 949/949/949 948/948/948
f 950/950/950 948/948/948 951/951/951
f 954/954/954 953/953/953 952/952/952
f 954/954/954 952/952/952 955/955/955
f 958/958/958 957/957/957 956/956/956
f 958/958/958 956/956/956 959/959/959
f 962/962/962 961/961/961 960/960/960
f 962/962/962 960/960/960 963/963/963
f 966/966/966 965/965/965 964/964/964
f 966/966/966 964/964/964 967/967/967
f 970/970/970 969/969/969 968/968/968
f 973/973/973 972/972/972 971/971/971
f 976/976/976 975/975/975 974/974/974
f 976/976/976 974/974/974 977/977/977
f 980/980/980 979/979/979 978/978/978
f 980/980/980 978/978/978 981/981/981
f 984/984/984 983/983/983 982/982/982
f 984/984/984 982/982/982 985/985/985
f 988/988/988 987/987/987 986/986/986
f 988/988/988 986/986/986 989/989/989
f 992/992/992 991/991/991 990/990/990
f 992/992/992 990/990/990 993/993/993
f 996/996/996 995/995/995 994/994/994
f 996/996/996 994/994/994 997/997/997
f 1000/1000/1000 999/999/999 998/998/998
f 1000/1000/1000 998/998/998 1001/1001/1001
f 1004/1004/1004 1003/1003/1003 1002/1002/1002
f 1004/1004/1004 1002/1002/1002 1005/1005/1005
f 1008/1008/1008 1007/1007/1007 1006/1006/1006
f 1008/1008/1008 1006/1006/1006 1009/1009/1009
f 1012/1012/1012 1011/1011/1011 1010/1010/1010
f 1012/1012/1012 1010/1010/1010 1013/1013/1013
f 1016/1016/1016 1015/1015/1015 1014/1014/1014
f 1019/1019/1019 1018/1018/1018 1017/1017/1017
f 1022/1022/1022 1021/1021/1021 1020/1020/1020
f 1022/1022/1022 1020/1020/1020 1023/1023/1023
f 1026/1026/1026 1025/1025/1025 1024/1024/1024
f 1026/1026/1026 1024/1024/1024 1027/1027/1027
f 1030/1030/1030 1029/1029/1029 1028/1028/1028
f 1030/1030/1030 1028/1028/1028 1031/1031/1031
f 1034/1034/1034 1033/1033/1033 1032/1032/1032
f 1034/1034/1034 1032/1032/1032 1035/1035/1035
f 1038/1038/1038 1037/1037/1037 1036/1036/1036
f 1038/1038/1038 1036/1036/1036 1039/1039/1039
f 1042/1042/1042 1041/1041/1041 1040/1040/1040
f 1042/1042/1042 1040/1040/1040 1043/1043/1043
f 1046/1046/1046 1045/1045/1045 1044/1044/1044
f 1046/1046/1046 1044/1044/1044 1047/1047/1047
f 1050/1050/1050 1049/1049/1049 1048/1048/1048
f 1050/1050/1050 1048/1048/1048 1051/1051/1051
f 1054/1054/1054 1053/1053/1053 1052/1052/1052
f 1054/1054/1054 1052/1052/1052 1055/1055/1055
f 1058/1058/1058 1057/1057/1057 1056/1056/1056
f 1058/1058/1058 1056/1056/1056 1059/1059/1059
f 1062/1062/1062 1061/1061/1061 1060/1060/1060
f 1065/1065/1065 1064/1064/1064 1063/1063/1063
f 1068/1068/1068 1067/1067/1067 1066/1066/1066
f 1068/1068/1068 1066/1066/1066 1069/1069/1069
f 1072/1072/1072 1071/1071/1071 1070/1070/1070
f 1072/1072/1072 1070/1070/1070 1073/1073/1073
f 1076/1076/1076 1075/1075/1075 1074/1074/1074
f 1076/1076/1076 1074/1074/1074 1077/1077/1077
f 1080/1080/1080 1079/1079/1079 1078/1078/1078
f 1080/1080/1080 1078/1078/1078 1081/1081/1081
f 1084/1084/1084 1083/1083/1083 1082/1082/1082
f 1084/1084/1084 1082/1082/1082 1085/1085/1085
f 1088/1088/1088 1087/1087/1087 1086/1086/1086
f 1088/1088/1088 1086/1086/1086 1089/1089/1089
f 1092/1092/1092 1091/1091/1091 1090/1090/1090
f 1092/1092/1092 1090/1090/1090 1093/1093/1093
f 1096/1096/1096 1095/1095/1095 1094/1094/1094
f 1096/1096/1096 1094/1094/1094 1097/1097/1097
f 1100/1100/1100 1099/1099/1099 1098/1098/1098
f 1100/1100/1100 1098/1098/1098 1101/1101/1101
f 1104/1104/1104 1103/1103/1103 1102/1102/1102
f 1104/1104/1104 1102/1102/1102 1105/1105/1105
f 1108/1108/1108 1107/1107/1107 1106/1106/1106
f 1111/1111/1111 1110/1110/1110 1109/1109/1109
f 1114/1114/1114 1113/1113/1113 1112/1112/1112
f 1114/1114/1114 1112/1112/1112 1115/1115/1115
f 1118/1118/1118 1117/1117/1117 1116/1116/1116
f 1118/1118/1118 1116/1116/1116 1119/1119/1119
f 1122/1122/1122 1121/1121/1121 1120/1120/1120
f 1122/1122/1122 1120/1120/1120 1123/1123/1123
f 1126/1126/1126 1125/1125/1125 1124/1124/1124
f 1126/1126/1126 1124/1124/1124 1127/1127/1127
f 1130/1130/1130 1129/1129/1129 1128/1128/1128
f 1130/1130/1130 1128/1128/1128 1131/1131/1131
f 1134/1134/1134 1133/1133/1133 1132/1132/1132
f 1134/1134/1134 1132/1132/1132 1135/1135/1135
f 1138/1138/1138 1137/1137/1137 1136/1136/1136
f 1138/1138/1138 1136/1136/1136 1139/1139/1139
f 1142/1142/1142 1141/1141/1141 1140/1140/1140
f 1142/1142/1142 1140/1140/1140 1143/1143/1143
f 1146/1146/1146 1145/1145/1145 1144/1144/1144
f 1146/1146/1146 1144/1144/1144 1147/1147/1147
f 1150/1150/1150 1149/1149/1149 1148/1148/1148
f 1150/1150/1150 1148/1148/1148 1151/1151/1151
f 1154/1154/1154 1153/1153/1153 1152/1152/1152
f 1157/1157/1157 1156/1156/1156 1155/1155/1155
f 1160/1160/1160 1159/1159/1159 1158/1158/1158
f 1160/1160/1160 1158/1158/1158 1161/1161/1161
f 1164/1164/1164 1163/1163/1163 1162/1162/1162
f 1164/1164/1164 1162/1162/1162 1165/1165/1165
f 1168/1168/1168 1167/1167/1167 1166/1166/1166
f 1168/1168/1168 1166/1166/1166 1169/1169/1169
f 1172/1172/1172 1171/1171/1171 1170/1170/1170
f 1172/1172/1172 1170/1170/1170 1173/1173/1173
f 1176/1176/1176 1175/1175/1175 1174/1174/1174
f 1176/1176/1176 1174/1174/1174 1177/1177/1177
f 1180/1180/1180 1179/1179/1179 1178/1178/1178
f 1180/1180/1180 1178/1178/1178 1181/1181/1181
f 1184/1184/1184 1183/1183/1183 1182/1182/1182
f 1184/1184/1184 1182/1182/1182 1185/1185/1185
f 1188/1188/1188 1187/1187/1187 1186/1186/1186
f 1188/1188/1188 1186/1186/1186 1189/1189/1189
f 1192/1192/1192 1191/1191/1191 1190/1190/1190
f 1192/1192/1192 1190/1190/1190 1193/1193/1193
f 1196/1196/1196 1195/1195/1195 1194/1194/1194
f 1196/1196/1196 1194/1194/1194 1197/1197/1197
f 1200/1200/1200 1199/1199/1199 1198/1198/1198
f 1203/1203/1203 1202/1202/1202 1201/1201/1201
f 1206/1206/1206 1205/1205/1205 1204/1204/1204
f 1206/1206/1206 1204/1204/1204 1207/1207/1207
f 1210/1210/1210 1209/1209/1209 1208/1208/1208
f 1210/1210/1210 1208/1208/1208 1211/1211/1211
f 1214/1214/1214 1213/1213/1213 1212/1212/1212
f 1214/1214/1214 1212/1212/1212 1215/1215/1215
f 1218/1218/1218 1217/1217/1217 1216/1216/1216
f 1218/1218/1218 1216/1216/1216 1219/1219/1219
f 1222/1222/1222 1221/1221/1221 1220/1220/1220
f 1222/1222/1222 1220/1220/1220 1223/1223/1223
f 1226/1226/1226 1225/1225/1225 1224/1224/1224
f 1226/1226/1226 1224/1224/1224 1227/1227/1227
f 1230/1230/1230 1229/1229/1229 1228/1228/1228
f 1230/1230/1230 1228/1228/1228 1231/1231/1231
f 1234/1234/1234 1233/1233/1233 1232/1232/1232
f 1234/1234/1234 1232/1232/1232 1235/1235/1235
f 1238/1238/1238 1237/1237/1237 1236/1236/1236
f 1238/1238/1238 1236/1236/1236 1239/1239/1239
f 1242/1242/1242 1241/1241/1241 1240/1240/1240
f 1242/1242/1242 1240/1240/1240 1243/1243/1243
f 1246/1246/1246 1245/1245/1245 1244/1244/1244
f 1249/1249/1249 1248/1248/1248 1247/1247/1247
f 1252/1252/1252 1251/1251/1251 1250/1250/1250
f 1252/1252/1252 1250/1250/1250 1253/1253/1253
f 1256/1256/1256 1255/1255/1255 1254/1254/1254
f 1256/1256/1256 1254/1254/1254 1257/1257/1257
f 1260/1260/1260 1259/1259/1259 1258/1258/1258
f 1260/1260/1260 1258/1258/1258 1261/1261/1261
f 1264/1264/1264 1263/1263/1263 1262/1262/1262
f 1264/1264/1264 1262/1262/1262 1265/1265/1265
f 1268/1268/1268 1267/1267/1267 1266/1266/1266
f 1268/1268/1268 1266/1266/1266 1269/1269/1269
f 1272/1272/1272 1271/1271/1271 1270/1270/1270
f 1272/1272/1272 1270/1270/1270 1273/1273/1273
f 1276/1276/1276 1275/1275/1275 1274/1274/1274
f 1276/1276/1276 1274/1274/1274 1277/1277/1277
f 1280/1280/1280 1279/1279/1279 1278/1278/1278
f 1280/1280/1280 1278/1278/1278 1281/1281/1281
f 1284/1284/1284 1283/1283/1283 1282/1282/1282
f 1284/1284/1284 1282/1282/1282 1285/1285/1285
f 1288/1288/1288 1287/1287/1287 1286/1286/1286
f 1288/1288/1288 1286/1286/1286 1289/1289/1289
f 1292/1292/1292 1291/1291/1291 1290/1290/1290
f 1295/1295/1295 1294/1294/1294 1293/1293/1293
f 1298/1298/1298 1297/1297/1297 1296/1296/1296
f 1298/1298/1298 1296/1296/1296 1299/1299/1299
f 1302/1302/1302 1301/1301/1301 1300/1300/1300
f 1302/1302/1302 1300/1300/1300 1303/1303/1303
f 1306/1306/1306 1305/1305/1305 1304/1304/1304
f 1306/1306/1306 1304/1304/1304 1307/1307/1307
f 1310/1310/1310 1309/1309/1309 1308/1308/1308
f 1310/1310/1310 1308/1308/1308 1311/1311/1311
f 1314/1314/1314 1313/1313/1313 1312/1312/1312
f 1314/1314/1314 1312/1312/1312 1315/1315/1315
f 1318/1318/1318 1317/1317/1317 1316/1316/1316
f 1318/1318/1318 1316/1316/1316 1319/1319/1319
f 1322/1322/1322 1321/1321/1321 1320/1320/1320
f 1322/1322/1322 1320/1320/1320 1323/1323/1323
f 1326/1326/1326 1325/1325/1325 1324/1324/1324
f 1326/1326/1326 1324/1324/1324 1327/1327/1327
f 1330/1330/1330 1329/1329/1329 1328/1328/1328
f 1330/1330/1330 1328/1328/1328 1331/1331/1331
f 1334/1334/1334 1333/1333/1333 1332/1332/1332
f 1334/1334/1334 1332/1332/1332 1335/1335/1335
f 1338/1338/1338 1337/1337/1337 1336/1336/1336
f 1341/1341/1341 1340/1340/1340 1339/1339/1339
f 1344/1344/1344 1343/1343/1343 1342/1342/1342
f 1344/1344/1344 1342/1342/1342 1345/1345/1345
f 1348/1348/1348 1347/1347/1347 1346/1346/1346
f 1348/1348/1348 1346/1346/1346 1349/1349/1349
f 1352/1352/1352 1351/1351/1351 1350/1350/1350
f 1352/1352/1352 1350/1350/1350 1353/1353/1353
f 1356/1356/1356 1355/1355/1355 1354/1354/1354
f 1356/1356/1356 1354/1354/1354 1357/1357/1357
f 1360/1360/1360 1359/1359/1359 1358/1358/1358
f 1360/1360/1360 1358/1358/1358 1361/1361/1361
f 1364/1364/1364 1363/1363/1363 1362/1362/1362
f 1364/1364/1364 1362/1362/1362 1365/1365/1365
f 1368/1368/1368 1367/1367/1367 1366/1366/1366
f 1368/1368/1368 1366/1366/1366 1369/1369/1369
f 1372/1372/1372 1371/1371/1371 1370/1370/1370
f 1372/1372/1372 1370/1370/1370 1373/1373/1373
f 1376/1376/1376 1375/1375/1375 1374/1374/1374
f 1376/1376/1376 1374/1374/1374 1377/1377/1377
f 1380/1380/1380 1379/1379/1379 1378/1378/1378
f 1380/1380/1380 1378/1378/1378 1381/1381/1381
f 1384/1384/1384 1383/1383/1383 1382/1382/1382
f 1387/1387/1387 1386/1386/1386 1385/1385/1385
f 1390/1390/1390 1389/1389/1389 1388/1388/1388
f 1390/1390/1390 1388/1388/1388 1391/1391/1391
f 1394/1394/1394 1393/1393/1393 1392/1392/1392
f 1394/1394/1394 1392/1392/1392 1395/1395/1395
f 1398/1398/1398 1397/1397/1397 1396/1396/1396
f 1398/1398/1398 1396/1396/1396 1399/1399/1399
f 1402/1402/1402 1401/1401/1401 1400/1400/1400
f 1402/1402/1402 1400/1400/1400 1403/1403/1403
f 1406/1406/1406 1405/1405/1405 1404/1404/1404
f 1406/1406/1406 1404/1404/1404 1407/1407/1407
f 1410/1410/1410 1409/1409/1409 1408/1408/1408
f 1410/1410/1410 1408/1408/1408 1411/1411/1411
f 1414/1414/1414 1413/1413/1413 1412/1412/1412
f 1414/1414/1414 1412/1412/1412 1415/1415/1415
f 1418/1418/1418 1417/1417/1417 1416/1416/1416
f 1418/1418/1418 1416/1416/1416 1419/1419/1419
f 1422/1422/1422 1421/1421/1421 1420/1420/1420
f 1422/1422/1422 1420/1420/1420 1423/1423/1423
f 1426/1426/1426 1425/1425/1425 1424/1424/1424
f 1426/1426/1426 1424/1424/1424 1427/1427/1427
f 1430/1430/1430 1429/1429/1429 1428/1428/1428
f 1433/1433/1433 1432/1432/1432 1431/1431/1431
f 1436/1436/1436 1435/1435/1435 1434/1434/1434
f 1436/1436/1436 1434/1434/1434 1437/1437/1437
f 1440/1440/1440 1439/1439/1439 1438/1438/1438
f 1440/1440/1440 1438/1438/1438 1441/1441/1441
f 1444/1444/1444 1443/1443/1443 1442/1442/1442
f 1444/1444/1444 1442/1442/1442 1445/1445/1445
f 1448/1448/1448 1447/1447/1447 1446/1446/1446
f 1448/1448/1448 1446/1446/1446 1449/1449/1449
f 1452/1452/1452 1451/1451/1451 1450/1450/1450
f 1452/1452/1452 1450/1450/1450 1453/1453/1453
f 1456/1456/1456 1455/1455/1455 1454/1454/1454
f 1456/1456/1456 1454/1454/1454 1457/1457/1457
f 1460/1460/1460 1459/1459/1459 1458/1458/1458
f 1460/1460/1460 1458/1458/1458 1461/1461/1461
f 1464/1464/1464 1463/1463/1463 1462/1462/1462
f 1464/1464/1464 1462/1462/1462 1465/1465/1465
f 1468/1468/1468 1467/1467/1467 1466/1466/1466
f 1468/1468/1468 1466/1466/1466 1469/1469/1469
f 1472/1472/1472 1471/1471/1471 1470/1470/1470
f 1472/1472/1472 1470/1470/1470 1473/1473/1473
f 1476/1476/1476 1475/1475/1475 1474/1474/1474
f 1479/1479/1479 1478/1478/1478 1477/1477/1477
f 1482/1482/1482 1481/1481/1481 1480/1480/1480
f 1482/1482/1482 1480/1480/1480 1483/1483/1483
f 1486/1486/1486 1485/1485/1485 1484/1484/1484
f 1486/1486/1486 1484/1484/1484 1487/1487/1487
f 1490/1490/1490 1489/1489/1489 1488/1488/1488
f 1490/1490/1490 1488/1488/1488 1491/1491/1491
f 1494/1494/1494 1493/1493/1493 1492/1492/1492
f 1494/1494/1494 1492/1492/1492 1495/1495/1495
f 1498/1498/1498 1497/1497/1497 1496/1496/1496
f 1498/1498/1498 1496/1496/1496 1499/1499/1499
f 1502/1502/1502 1501/1501/1501 1500/1500/1500
f 1502/1502/1502 1500/1500/1500 1503/1503/1503
f 1506/1506/1506 1505/1505/1505 1504/1504/1504
f 1506/1506/1506 1504/1504/1504 1507/1507/1507
f 1510/1510/1510 1509/1509/1509 1508/1508/1508
f 1510/1510/1510 1508/1508/1508 1511/1511/1511
f 1514/1514/1514 1513/1513/1513 1512/1512/1512
f 1514/1514/1514 1512/1512/1512 1515/1515/1515
f 1518/1518/1518 1517/1517/1517 1516/1516/1516
f 1518/1518/1518 1516/1516/1516 1519/1519/1519
f 1522/1522/1522 1521/1521/1521 1520/1520/1520
f 1525/1525/1525 1524/1524/1524 1523/1523/1523
f 1528/1528/1528 1527/1527/1527 1526/1526/1526
f 1528/1528/1528 1526/1526/1526 1529/1529/1529
f 1532/1532/1532 1531/1531/1531 1530/1530/1530
f 1532/1532/1532 1530/1530/1530 1533/1533/1533
f 1536/1536/1536 1535/1535/1535 1534/1534/1534
f 1536/1536/1536 1534/1534/1534 1537/1537/1537
f 1540/1540/1540 1539/1539/1539 1538/1538/1538
f 1540/1540/1540 1538/1538/1538 1541/1541/1541
f 1544/1544/1544 1543/1543/1543 1542/1542/1542
f 1544/1544/1544 1542/1542/1542 1545/1545/1545
f 1548/1548/1548 1547/1547/1547 1546/1546/1546
f 1548/1548/1548 1546/1546/1546 1549/1549/1549
f 1552/1552/1552 1551/1551/1551 1550/1550/1550
f 1552/1552/1552 1550/1550/1550 1553/1553/1553
f 1556/1556/1556 1555/1555/1555 1554/1554/1554
f 1556/1556/1556 1554/1554/1554 1557/1557/1557
f 1560/1560/1560 1559/1559/1559 1558/1558/1558
f 1560/1560/1560 1558/1558/1558 1561/1561/1561
f 1564/1564/1564 1563/1563/1563 1562/1562/1562
f 1564/1564/1564 1562/1562/1562 1565/1565/1565
f 1568/1568/1568 1567/1567/1567 1566/1566/1566
o 圆柱体 2
v -0.02036843 0.6011859 0.566262
v -0.02288989 0.594867 0.550468
v 0.02712306 0.5846857 0.5465569
v 0.02964452 0.5910046 0.562351
v -0.02288989 0.594867 0.550468
v -0.02541135 0.588548 0.5346739
v 0.02460159 0.5783668 0.5307629
v 0.02712306 0.5846857 0.5465569
v -0.06548576 0.6252258 0.5638468
v -0.06800722 0.6189069 0.5480528
v -0.02288989 0.594867 0.550468
v -0.02036843 0.6011859 0.566262
v -0.06800722 0.6189069 0.5480528
v -0.07052869 0.6125879 0.5322587
v -0.02541135 0.588548 0.5346739
v -0.02288989 0.594867 0.550468
v -0.1012911 0.6607711 0.5553418
v -0.1038125 0.6544522 0.5395478
v -0.06800722 0.6189069 0.5480528
v -0.06548576 0.6252258 0.5638468
v -0.1038125 0.6544522 0.5395478
v -0.106334 0.6481333 0.5237538
v -0.07052869 0.6125879 0.5322587
v -0.06800722 0.6189069 0.5480528
v -0.1242795 0.7043425 0.5415797
v -0.126801 0.6980236 0.5257856
v -0.1038125 0.6544522 0.5395478
v -0.1012911 0.6607711 0.5553418
v -0.126801 0.6980236 0.5257856
v -0.1293224 0.6917046 0.5099916
v -0.106334 0.6481333 0.5237538
v -0.1038125 0.6544522 0.5395478
v -0.1322008 0.7516748 0.5239074
v -0.1347222 0.7453558 0.5081133
v -0.126801 0.6980236 0.5257856
v -0.1242795 0.7043425 0.5415797
v -0.1347222 0.7453558 0.5081133
v -0.1372437 0.7390369 0.4923193
v -0.1293224 0.6917046 0.5099916
v -0.126801 0.6980236 0.5257856
v -0.1242795 0.7981348 0.5040548
v -0.1268009 0.7918159 0.4882608
v -0.1347222 0.7453558 0.5081133
v -0.1322008 0.7516748 0.5239074
v -0.1268009 0.7918159 0.4882608
v -0.1293224 0.7854969 0.4724667
v -0.1372437 0.7390369 0.4923193
v -0.1347222 0.7453558 0.5081133
v -0.101291 0.8391747 0.4839653
v -0.1038125 0.8328557 0.4681713
v -0.1268009 0.7918159 0.4882608
v -0.1242795 0.7981348 0.5040548
v -0.1038125 0.8328557 0.4681713
v -0.106334 0.8265368 0.4523773
v -0.1293224 0.7854969 0.4724667
v -0.1268009 0.7918159 0.4882608
v -0.06548572 0.8707772 0.4656055
v -0.06800719 0.8644583 0.4498114
v -0.1038125 0.8328557 0.4681713
v -0.101291 0.8391747 0.4839653
v -0.06800719 0.8644583 0.4498114
v -0.07052865 0.8581393 0.4340174
v -0.106334 0.8265368 0.4523773
v -0.1038125 0.8328557 0.4681713
v -0.02036836 0.8898489 0.4507723
v -0.02288982 0.88353 0.4349783
v -0.06800719 0.8644583 0.4498114
v -0.06548572 0.8707772 0.4656055
v -0.02288982 0.88353 0.4349783
v -0.02541129 0.877211 0.4191843
v -0.07052865 0.8581393 0.4340174
v -0.06800719 0.8644583 0.4498114
v 0.02964457 0.8945228 0.440918
v 0.02712311 0.8882039 0.425124
v -0.02288982 0.88353 0.4349783
v -0.02036836 0.8898489 0.4507723
v 0.02712311 0.8882039 0.425124
v 0.02460165 0.8818849 0.4093299
v -0.02541129 0.877211 0.4191843
v -0.02288982 0.88353 0.4349783
v 0.0796575 0.8843416 0.437007
v 0.07713605 0.8780226 0.4212129
v 0.02712311 0.8882039 0.425124
v 0.02964457 0.8945228 0.440918
v 0.07713605 0.8780226 0.4212129
v 0.07461458 0.8717037 0.4054189
v 0.02460165 0.8818849 0.4093299
v 0.02712311 0.8882039 0.425124
v 0.1247749 0.8603016 0.4394222
v 0.1222534 0.8539827 0.4236282
v 0.07713605 0.8780226 0.4212129
v 0.0796575 0.8843416 0.437007
v 0.1222534 0.8539827 0.4236282
v 0.1197319 0.8476638 0.4078341
v 0.07461458 0.8717037 0.4054189
v 0.07713605 0.8780226 0.4212129
v 0.1605802 0.8247563 0.4479271
v 0.1580587 0.8184373 0.4321331
v 0.1222534 0.8539827 0.4236282
v 0.1247749 0.8603016 0.4394222
v 0.1580587 0.8184373 0.4321331
v 0.1555372 0.8121184 0.416339
v 0.1197319 0.8476638 0.4078341
v 0.1222534 0.8539827 0.4236282
v 0.1835686 0.781185 0.4616893
v 0.1810471 0.774866 0.4458953
v 0.1580587 0.8184373 0.4321331
v 0.1605802 0.8247563 0.4479271
v 0.1810471 0.774866 0.4458953
v 0.1785257 0.7685471 0.4301012
v 0.1555372 0.8121184 0.416339
v 0.1580587 0.8184373 0.4321331
v 0.1914898 0.7338527 0.4793616
v 0.1889684 0.7275338 0.4635676
v 0.1810471 0.774866 0.4458953
v 0.1835686 0.781185 0.4616893
v 0.1889684 0.7275338 0.4635676
v 0.1864469 0.7212148 0.4477735
v 0.1785257 0.7685471 0.4301012
v 0.1810471 0.774866 0.4458953
v 0.1835686 0.6873927 0.4992142
v 0.1810471 0.6810737 0.4834201
v 0.1889684 0.7275338 0.4635676
v 0.1914898 0.7338527 0.4793616
v 0.1810471 0.6810737 0.4834201
v 0.1785257 0.6747547 0.4676261
v 0.1864469 0.7212148 0.4477735
v 0.1889684 0.7275338 0.4635676
v 0.1605801 0.6463528 0.5193036
v 0.1580586 0.6400338 0.5035096
v 0.1810471 0.6810737 0.4834201
v 0.1835686 0.6873927 0.4992142
v 0.1580586 0.6400338 0.5035096
v 0.1555372 0.6337149 0.4877156
v 0.1785257 0.6747547 0.4676261
v 0.1810471 0.6810737 0.4834201
v 0.1247748 0.6147502 0.5376635
v 0.1222533 0.6084313 0.5218695
v 0.1580586 0.6400338 0.5035096
v 0.1605801 0.6463528 0.5193036
v 0.1222533 0.6084313 0.5218695
v 0.1197318 0.6021123 0.5060754
v 0.1555372 0.6337149 0.4877156
v 0.1580586 0.6400338 0.5035096
v 0.07965747 0.5956786 0.5524966
v 0.077136 0.5893596 0.5367026
v 0.1222533 0.6084313 0.5218695
v 0.1247748 0.6147502 0.5376635
v 0.077136 0.5893596 0.5367026
v 0.07461453 0.5830407 0.5209085
v 0.1197318 0.6021123 0.5060754
v 0.1222533 0.6084313 0.5218695
v 0.02964452 0.5910046 0.562351
v 0.02712306 0.5846857 0.5465569
v 0.077136 0.5893596 0.5367026
v 0.07965747 0.5956786 0.5524966
v 0.02712306 0.5846857 0.5465569
v 0.02460159 0.5783668 0.5307629
v 0.07461453 0.5830407 0.5209085
v 0.077136 0.5893596 0.5367026
v 0.02460162 0.7301258 0.4700464
v 0.02460161 0.6542463 0.5004047
v -0.000404872 0.6593369 0.5023602
v 0.02460161 0.6542463 0.5004047
v 0.02460159 0.5783668 0.5307629
v -0.02541135 0.588548 0.5346739
v -0.000404872 0.6593369 0.5023602
v 0.02460162 0.7301258 0.4700464
v -0.000404872 0.6593369 0.5023602
v -0.02296353 0.6713569 0.5011526
v -0.000404872 0.6593369 0.5023602
v -0.02541135 0.588548 0.5346739
v -0.07052869 0.6125879 0.5322587
v -0.02296353 0.6713569 0.5011526
v 0.02460162 0.7301258 0.4700464
v -0.02296353 0.6713569 0.5011526
v -0.0408662 0.6891295 0.4969001
v -0.02296353 0.6713569 0.5011526
v -0.07052869 0.6125879 0.5322587
v -0.106334 0.6481333 0.5237538
v -0.0408662 0.6891295 0.4969001
v 0.02460162 0.7301258 0.4700464
v -0.0408662 0.6891295 0.4969001
v -0.05236041 0.7109152 0.490019
v -0.0408662 0.6891295 0.4969001
v -0.106334 0.6481333 0.5237538
v -0.1293224 0.6917046 0.5099916
v -0.05236041 0.7109152 0.490019
v 0.02460162 0.7301258 0.4700464
v -0.05236041 0.7109152 0.490019
v -0.05632105 0.7345814 0.4811828
v -0.05236041 0.7109152 0.490019
v -0.1293224 0.6917046 0.5099916
v -0.1372437 0.7390369 0.4923193
v -0.05632105 0.7345814 0.4811828
v 0.02460162 0.7301258 0.4700464
v -0.05632105 0.7345814 0.4811828
v -0.05236041 0.7578114 0.4712566
v -0.05632105 0.7345814 0.4811828
v -0.1372437 0.7390369 0.4923193
v -0.1293224 0.7854969 0.4724667
v -0.05236041 0.7578114 0.4712566
v 0.02460162 0.7301258 0.4700464
v -0.05236041 0.7578114 0.4712566
v -0.04086618 0.7783313 0.4612119
v -0.05236041 0.7578114 0.4712566
v -0.1293224 0.7854969 0.4724667
v -0.106334 0.8265368 0.4523773
v -0.04086618 0.7783313 0.4612119
v 0.02460162 0.7301258 0.4700464
v -0.04086618 0.7783313 0.4612119
v -0.02296351 0.7941326 0.4520319
v -0.04086618 0.7783313 0.4612119
v -0.106334 0.8265368 0.4523773
v -0.07052865 0.8581393 0.4340174
v -0.02296351 0.7941326 0.4520319
v 0.02460162 0.7301258 0.4700464
v -0.02296351 0.7941326 0.4520319
v -0.0004048347 0.8036684 0.4446154
v -0.02296351 0.7941326 0.4520319
v -0.07052865 0.8581393 0.4340174
v -0.02541129 0.877211 0.4191843
v -0.0004048347 0.8036684 0.4446154
v 0.02460162 0.7301258 0.4700464
v -0.0004048347 0.8036684 0.4446154
v 0.02460163 0.8060054 0.4396882
v -0.0004048347 0.8036684 0.4446154
v -0.02541129 0.877211 0.4191843
v 0.02460165 0.8818849 0.4093299
v 0.02460163 0.8060054 0.4396882
v 0.02460162 0.7301258 0.4700464
v 0.02460163 0.8060054 0.4396882
v 0.0496081 0.8009148 0.4377327
v 0.02460163 0.8060054 0.4396882
v 0.02460165 0.8818849 0.4093299
v 0.07461458 0.8717037 0.4054189
v 0.0496081 0.8009148 0.4377327
v 0.02460162 0.7301258 0.4700464
v 0.0496081 0.8009148 0.4377327
v 0.07216678 0.7888948 0.4389403
v 0.0496081 0.8009148 0.4377327
v 0.07461458 0.8717037 0.4054189
v 0.1197319 0.8476638 0.4078341
v 0.07216678 0.7888948 0.4389403
v 0.02460162 0.7301258 0.4700464
v 0.07216678 0.7888948 0.4389403
v 0.09006942 0.7711221 0.4431927
v 0.07216678 0.7888948 0.4389403
v 0.1197319 0.8476638 0.4078341
v 0.1555372 0.8121184 0.416339
v 0.09006942 0.7711221 0.4431927
v 0.02460162 0.7301258 0.4700464
v 0.09006942 0.7711221 0.4431927
v 0.1015636 0.7493365 0.4500738
v 0.09006942 0.7711221 0.4431927
v 0.1555372 0.8121184 0.416339
v 0.1785257 0.7685471 0.4301012
v 0.1015636 0.7493365 0.4500738
v 0.02460162 0.7301258 0.4700464
v 0.1015636 0.7493365 0.4500738
v 0.1055243 0.7256703 0.45891
v 0.1015636 0.7493365 0.4500738
v 0.1785257 0.7685471 0.4301012
v 0.1864469 0.7212148 0.4477735
v 0.1055243 0.7256703 0.45891
v 0.02460162 0.7301258 0.4700464
v 0.1055243 0.7256703 0.45891
v 0.1015636 0.7024403 0.4688362
v 0.1055243 0.7256703 0.45891
v 0.1864469 0.7212148 0.4477735
v 0.1785257 0.6747547 0.4676261
v 0.1015636 0.7024403 0.4688362
v 0.02460162 0.7301258 0.4700464
v 0.1015636 0.7024403 0.4688362
v 0.09006939 0.6819203 0.478881
v 0.1015636 0.7024403 0.4688362
v 0.1785257 0.6747547 0.4676261
v 0.1555372 0.6337149 0.4877156
v 0.09006939 0.6819203 0.478881
v 0.02460162 0.7301258 0.4700464
v 0.09006939 0.6819203 0.478881
v 0.07216672 0.6661191 0.4880609
v 0.09006939 0.6819203 0.478881
v 0.1555372 0.6337149 0.4877156
v 0.1197318 0.6021123 0.5060754
v 0.07216672 0.6661191 0.4880609
v 0.02460162 0.7301258 0.4700464
v 0.07216672 0.6661191 0.4880609
v 0.04960807 0.6565832 0.4954775
v 0.07216672 0.6661191 0.4880609
v 0.1197318 0.6021123 0.5060754
v 0.07461453 0.5830407 0.5209085
v 0.04960807 0.6565832 0.4954775
v 0.02460162 0.7301258 0.4700464
v 0.04960807 0.6565832 0.4954775
v 0.02460161 0.6542463 0.5004047
v 0.04960807 0.6565832 0.4954775
v 0.07461453 0.5830407 0.5209085
v 0.02460159 0.5783668 0.5307629
v 0.02460161 0.6542463 0.5004047
v 0.02964454 0.7427638 0.5016345
v 0.02964452 0.6668842 0.5319927
v 0.054651 0.6692212 0.5270656
v 0.02964452 0.6668842 0.5319927
v 0.02964452 0.5910046 0.562351
v 0.07965747 0.5956786 0.5524966
v 0.054651 0.6692212 0.5270656
v 0.02964454 0.7427638 0.5016345
v 0.054651 0.6692212 0.5270656
v 0.07720966 0.678757 0.519649
v 0.054651 0.6692212 0.5270656
v 0.07965747 0.5956786 0.5524966
v 0.1247748 0.6147502 0.5376635
v 0.07720966 0.678757 0.519649
v 0.02964454 0.7427638 0.5016345
v 0.07720966 0.678757 0.519649
v 0.09511232 0.6945583 0.5104691
v 0.07720966 0.678757 0.519649
v 0.1247748 0.6147502 0.5376635
v 0.1605801 0.6463528 0.5193036
v 0.09511232 0.6945583 0.5104691
v 0.02964454 0.7427638 0.5016345
v 0.09511232 0.6945583 0.5104691
v 0.1066066 0.7150782 0.5004243
v 0.09511232 0.6945583 0.5104691
v 0.1605801 0.6463528 0.5193036
v 0.1835686 0.6873927 0.4992142
v 0.1066066 0.7150782 0.5004243
v 0.02964454 0.7427638 0.5016345
v 0.1066066 0.7150782 0.5004243
v 0.1105672 0.7383082 0.4904981
v 0.1066066 0.7150782 0.5004243
v 0.1835686 0.6873927 0.4992142
v 0.1914898 0.7338527 0.4793616
v 0.1105672 0.7383082 0.4904981
v 0.02964454 0.7427638 0.5016345
v 0.1105672 0.7383082 0.4904981
v 0.1066066 0.7619743 0.4816619
v 0.1105672 0.7383082 0.4904981
v 0.1914898 0.7338527 0.4793616
v 0.1835686 0.781185 0.4616893
v 0.1066066 0.7619743 0.4816619
v 0.02964454 0.7427638 0.5016345
v 0.1066066 0.7619743 0.4816619
v 0.09511236 0.78376 0.4747808
v 0.1066066 0.7619743 0.4816619
v 0.1835686 0.781185 0.4616893
v 0.1605802 0.8247563 0.4479271
v 0.09511236 0.78376 0.4747808
v 0.02964454 0.7427638 0.5016345
v 0.09511236 0.78376 0.4747808
v 0.0772097 0.8015327 0.4705283
v 0.09511236 0.78376 0.4747808
v 0.1605802 0.8247563 0.4479271
v 0.1247749 0.8603016 0.4394222
v 0.0772097 0.8015327 0.4705283
v 0.02964454 0.7427638 0.5016345
v 0.0772097 0.8015327 0.4705283
v 0.05465102 0.8135526 0.4693207
v 0.0772097 0.8015327 0.4705283
v 0.1247749 0.8603016 0.4394222
v 0.0796575 0.8843416 0.437007
v 0.05465102 0.8135526 0.4693207
v 0.02964454 0.7427638 0.5016345
v 0.05465102 0.8135526 0.4693207
v 0.02964456 0.8186433 0.4712763
v 0.05465102 0.8135526 0.4693207
v 0.0796575 0.8843416 0.437007
v 0.02964457 0.8945228 0.440918
v 0.02964456 0.8186433 0.4712763
v 0.02964454 0.7427638 0.5016345
v 0.02964456 0.8186433 0.4712763
v 0.004638091 0.8163064 0.4762034
v 0.02964456 0.8186433 0.4712763
v 0.02964457 0.8945228 0.440918
v -0.02036836 0.8898489 0.4507723
v 0.004638091 0.8163064 0.4762034
v 0.02964454 0.7427638 0.5016345
v 0.004638091 0.8163064 0.4762034
v -0.01792059 0.8067705 0.48362
v 0.004638091 0.8163064 0.4762034
v -0.02036836 0.8898489 0.4507723
v -0.06548572 0.8707772 0.4656055
v -0.01792059 0.8067705 0.48362
v 0.02964454 0.7427638 0.5016345
v -0.01792059 0.8067705 0.48362
v -0.03582326 0.7909693 0.4927999
v -0.01792059 0.8067705 0.48362
v -0.06548572 0.8707772 0.4656055
v -0.101291 0.8391747 0.4839653
v -0.03582326 0.7909693 0.4927999
v 0.02964454 0.7427638 0.5016345
v -0.03582326 0.7909693 0.4927999
v -0.04731748 0.7704493 0.5028446
v -0.03582326 0.7909693 0.4927999
v -0.101291 0.8391747 0.4839653
v -0.1242795 0.7981348 0.5040548
v -0.04731748 0.7704493 0.5028446
v 0.02964454 0.7427638 0.5016345
v -0.04731748 0.7704493 0.5028446
v -0.05127812 0.7472193 0.5127709
v -0.04731748 0.7704493 0.5028446
v -0.1242795 0.7981348 0.5040548
v -0.1322008 0.7516748 0.5239074
v -0.05127812 0.7472193 0.5127709
v 0.02964454 0.7427638 0.5016345
v -0.05127812 0.7472193 0.5127709
v -0.04731749 0.7235531 0.521607
v -0.05127812 0.7472193 0.5127709
v -0.1322008 0.7516748 0.5239074
v -0.1242795 0.7043425 0.5415797
v -0.04731749 0.7235531 0.521607
v 0.02964454 0.7427638 0.5016345
v -0.04731749 0.7235531 0.521607
v -0.03582327 0.7017674 0.5284882
v -0.04731749 0.7235531 0.521607
v -0.1242795 0.7043425 0.5415797
v -0.1012911 0.6607711 0.5553418
v -0.03582327 0.7017674 0.5284882
v 0.02964454 0.7427638 0.5016345
v -0.03582327 0.7017674 0.5284882
v -0.01792061 0.6839948 0.5327407
v -0.03582327 0.7017674 0.5284882
v -0.1012911 0.6607711 0.5553418
v -0.06548576 0.6252258 0.5638468
v -0.01792061 0.6839948 0.5327407
v 0.02964454 0.7427638 0.5016345
v -0.01792061 0.6839948 0.5327407
v 0.004638053 0.6719748 0.5339482
v -0.01792061 0.6839948 0.5327407
v -0.06548576 0.6252258 0.5638468
v -0.02036843 0.6011859 0.566262
v 0.004638053 0.6719748 0.5339482
v 0.02964454 0.7427638 0.5016345
v 0.004638053 0.6719748 0.5339482
v 0.02964452 0.6668842 0.5319927
v 0.004638053 0.6719748 0.5339482
v -0.02036843 0.6011859 0.566262
v 0.02964452 0.5910046 0.562351
v 0.02964452 0.6668842 0.5319927
vn 0.3054215 0.8662699 -0.3953406
vn 0.3054215 0.8662699 -0.3953406
vn 1.037995E-07 0.9284496 -0.3714584
vn 9.584031E-08 0.9284496 -0.3714584
vn 0.3054215 0.8662699 -0.3953406
vn 0.3054215 0.8662699 -0.3953406
vn 1.117587E-07 0.9284496 -0.3714584
vn 1.037995E-07 0.9284496 -0.3714584
vn 0.5810807 0.7193779 -0.3805794
vn 0.5810808 0.7193779 -0.3805795
vn 0.3054215 0.8662699 -0.3953406
vn 0.3054215 0.8662699 -0.3953406
vn 0.5810808 0.7193779 -0.3805795
vn 0.5810807 0.7193779 -0.3805794
vn 0.3054215 0.8662699 -0.3953406
vn 0.3054215 0.8662699 -0.3953406
vn 0.8000177 0.5020114 -0.328567
vn 0.8000177 0.5020114 -0.328567
vn 0.5810808 0.7193779 -0.3805795
vn 0.5810807 0.7193779 -0.3805794
vn 0.8000177 0.5020114 -0.328567
vn 0.8000177 0.5020114 -0.328567
vn 0.5810807 0.7193779 -0.3805794
vn 0.5810808 0.7193779 -0.3805795
vn 0.9406949 0.2353534 -0.2443399
vn 0.9406949 0.2353534 -0.2443399
vn 0.8000177 0.5020114 -0.328567
vn 0.8000177 0.5020114 -0.328567
vn 0.9406949 0.2353534 -0.2443399
vn 0.9406949 0.2353534 -0.2443399
vn 0.8000177 0.5020114 -0.328567
vn 0.8000177 0.5020114 -0.328567
vn 0.9891926 -0.05446402 -0.1361309
vn 0.9891926 -0.05446401 -0.1361309
vn 0.9406949 0.2353534 -0.2443399
vn 0.9406949 0.2353534 -0.2443399
vn 0.9891926 -0.05446401 -0.1361309
vn 0.9891926 -0.05446401 -0.1361309
vn 0.9406949 0.2353534 -0.2443399
vn 0.9406949 0.2353534 -0.2443399
vn 0.9406947 -0.338941 -0.01457353
vn 0.9406947 -0.338941 -0.01457353
vn 0.9891926 -0.05446401 -0.1361309
vn 0.9891926 -0.05446402 -0.1361309
vn 0.9406947 -0.338941 -0.01457353
vn 0.9406947 -0.338941 -0.01457353
vn 0.9891926 -0.05446401 -0.1361309
vn 0.9891926 -0.05446401 -0.1361309
vn 0.8000176 -0.5901078 0.108373
vn 0.8000176 -0.5901077 0.108373
vn 0.9406947 -0.338941 -0.01457353
vn 0.9406947 -0.338941 -0.01457353
vn 0.8000176 -0.5901077 0.108373
vn 0.8000176 -0.5901078 0.108373
vn 0.9406947 -0.338941 -0.01457353
vn 0.9406947 -0.338941 -0.01457353
vn 0.5810804 -0.7833654 0.220645
vn 0.5810804 -0.7833654 0.220645
vn 0.8000176 -0.5901077 0.108373
vn 0.8000176 -0.5901078 0.108373
vn 0.5810804 -0.7833654 0.220645
vn 0.5810804 -0.7833654 0.220645
vn 0.8000176 -0.5901078 0.108373
vn 0.8000176 -0.5901077 0.108373
vn 0.305421 -0.8999024 0.3112776
vn 0.305421 -0.8999024 0.3112776
vn 0.5810804 -0.7833654 0.220645
vn 0.5810804 -0.7833654 0.220645
vn 0.305421 -0.8999024 0.3112776
vn 0.305421 -0.8999024 0.3112776
vn 0.5810804 -0.7833654 0.220645
vn 0.5810804 -0.7833654 0.220645
vn -9.584031E-08 -0.9284496 0.3714584
vn -9.584031E-08 -0.9284496 0.3714584
vn 0.305421 -0.8999024 0.3112776
vn 0.305421 -0.8999024 0.3112776
vn -9.584031E-08 -0.9284496 0.3714584
vn -9.584031E-08 -0.9284496 0.3714584
vn 0.305421 -0.8999024 0.3112776
vn 0.305421 -0.8999024 0.3112776
vn -0.3054217 -0.8662699 0.3953407
vn -0.3054217 -0.8662699 0.3953407
vn -9.584031E-08 -0.9284496 0.3714584
vn -9.584031E-08 -0.9284496 0.3714584
vn -0.3054217 -0.8662699 0.3953407
vn -0.3054217 -0.8662699 0.3953407
vn -9.584031E-08 -0.9284496 0.3714584
vn -9.584031E-08 -0.9284496 0.3714584
vn -0.5810808 -0.7193779 0.3805794
vn -0.5810808 -0.7193779 0.3805794
vn -0.3054217 -0.8662699 0.3953407
vn -0.3054217 -0.8662699 0.3953407
vn -0.5810808 -0.7193779 0.3805794
vn -0.5810808 -0.7193779 0.3805794
vn -0.3054217 -0.8662699 0.3953407
vn -0.3054217 -0.8662699 0.3953407
vn -0.8000175 -0.5020116 0.328567
vn -0.8000175 -0.5020116 0.328567
vn -0.5810808 -0.7193779 0.3805794
vn -0.5810808 -0.7193779 0.3805794
vn -0.8000175 -0.5020116 0.328567
vn -0.8000175 -0.5020116 0.328567
vn -0.5810808 -0.7193779 0.3805794
vn -0.5810808 -0.7193779 0.3805794
vn -0.9406949 -0.2353534 0.2443399
vn -0.9406949 -0.2353534 0.2443399
vn -0.8000175 -0.5020116 0.328567
vn -0.8000175 -0.5020116 0.328567
vn -0.9406949 -0.2353534 0.2443399
vn -0.9406949 -0.2353534 0.2443399
vn -0.8000175 -0.5020116 0.328567
vn -0.8000175 -0.5020116 0.328567
vn -0.9891926 0.05446402 0.1361309
vn -0.9891926 0.05446402 0.1361309
vn -0.9406949 -0.2353534 0.2443399
vn -0.9406949 -0.2353534 0.2443399
vn -0.9891926 0.05446402 0.1361309
vn -0.9891926 0.05446402 0.1361309
vn -0.9406949 -0.2353534 0.2443399
vn -0.9406949 -0.2353534 0.2443399
vn -0.9406947 0.3389409 0.01457356
vn -0.9406947 0.3389409 0.01457356
vn -0.9891926 0.05446402 0.1361309
vn -0.9891926 0.05446402 0.1361309
vn -0.9406947 0.3389409 0.01457356
vn -0.9406947 0.3389409 0.01457356
vn -0.9891926 0.05446402 0.1361309
vn -0.9891926 0.05446402 0.1361309
vn -0.8000172 0.5901082 -0.1083733
vn -0.8000172 0.5901082 -0.1083733
vn -0.9406947 0.3389409 0.01457356
vn -0.9406947 0.3389409 0.01457356
vn -0.8000172 0.5901082 -0.1083733
vn -0.8000172 0.5901082 -0.1083733
vn -0.9406947 0.3389409 0.01457356
vn -0.9406947 0.3389409 0.01457356
vn -0.5810801 0.7833656 -0.2206451
vn -0.5810801 0.7833656 -0.2206451
vn -0.8000172 0.5901082 -0.1083733
vn -0.8000172 0.5901082 -0.1083733
vn -0.5810801 0.7833656 -0.2206451
vn -0.5810801 0.7833656 -0.2206451
vn -0.8000172 0.5901082 -0.1083733
vn -0.8000172 0.5901082 -0.1083733
vn -0.3054212 0.8999023 -0.3112776
vn -0.3054212 0.8999023 -0.3112776
vn -0.5810801 0.7833656 -0.2206451
vn -0.5810801 0.7833656 -0.2206451
vn -0.3054212 0.8999023 -0.3112776
vn -0.3054212 0.8999023 -0.3112776
vn -0.5810801 0.7833656 -0.2206451
vn -0.5810801 0.7833656 -0.2206451
vn 9.584031E-08 0.9284496 -0.3714584
vn 1.037995E-07 0.9284496 -0.3714584
vn -0.3054212 0.8999023 -0.3112776
vn -0.3054212 0.8999023 -0.3112776
vn 1.037995E-07 0.9284496 -0.3714584
vn 1.117587E-07 0.9284496 -0.3714584
vn -0.3054212 0.8999023 -0.3112776
vn -0.3054212 0.8999023 -0.3112776
vn 0.1466218 0.3674439 0.9184155
vn 0.1466218 0.3674439 0.9184155
vn 0.1466218 0.3674439 0.9184155
vn 0.1466218 0.3674439 0.9184155
vn 0.1466218 0.3674439 0.9184155
vn 0.1466218 0.3674439 0.9184155
vn 0.1466218 0.3674439 0.9184155
vn 0.1466218 0.3674439 0.9184155
vn 0.1466218 0.3674439 0.9184155
vn 0.1466218 0.3674439 0.9184155
vn 0.1466218 0.3674439 0.9184155
vn 0.1466218 0.3674439 0.9184155
vn 0.1466218 0.3674439 0.9184155
vn 0.1466218 0.3674439 0.9184155
vn 0.1466218 0.3674439 0.9184155
vn 0.1466218 0.3674439 0.9184155
vn 0.1466218 0.3674439 0.9184155
vn 0.1466218 0.3674439 0.9184155
vn 0.1466218 0.3674439 0.9184155
vn 0.1466218 0.3674439 0.9184155
vn 0.1466218 0.3674439 0.9184155
vn 0.1466218 0.3674439 0.9184155
vn 0.1466218 0.3674439 0.9184155
vn 0.1466218 0.3674439 0.9184155
vn 0.1466218 0.3674439 0.9184155
vn 0.1466218 0.3674439 0.9184155
vn 0.1466218 0.3674439 0.9184155
vn 0.1466218 0.3674439 0.9184155
vn 0.1466218 0.3674439 0.9184155
vn 0.1466218 0.3674439 0.9184155
vn 0.1466218 0.3674439 0.9184155
vn 0.1466218 0.3674439 0.9184155
vn 0.1466218 0.3674439 0.9184155
vn 0.1466218 0.3674439 0.9184155
vn 0.1466218 0.3674439 0.9184155
vn 0.1466218 0.3674439 0.9184155
vn 0.1466218 0.3674439 0.9184155
vn 0.1466218 0.3674439 0.9184155
vn 0.1466218 0.3674439 0.9184155
vn 0.1466218 0.3674439 0.9184155
vn 0.1466218 0.3674439 0.9184155
vn 0.1466218 0.3674439 0.9184155
vn 0.1466218 0.3674439 0.9184155
vn 0.1466218 0.3674439 0.9184155
vn 0.1466218 0.3674439 0.9184155
vn 0.1466218 0.3674439 0.9184155
vn 0.1466218 0.3674439 0.9184155
vn 0.1466218 0.3674439 0.9184155
vn 0.1466218 0.3674439 0.9184155
vn 0.1466218 0.3674439 0.9184155
vn 0.1466218 0.3674439 0.9184155
vn 0.1466217 0.3674439 0.9184155
vn 0.1466218 0.3674439 0.9184155
vn 0.1466218 0.3674439 0.9184155
vn 0.1466217 0.3674439 0.9184155
vn 0.1466217 0.3674439 0.9184155
vn 0.1466218 0.3674439 0.9184155
vn 0.1466217 0.3674439 0.9184155
vn 0.1466218 0.3674439 0.9184155
vn 0.1466217 0.3674439 0.9184155
vn 0.1466217 0.3674439 0.9184155
vn 0.1466218 0.3674439 0.9184155
vn 0.1466218 0.3674439 0.9184155
vn 0.1466218 0.3674439 0.9184155
vn 0.1466218 0.3674439 0.9184155
vn 0.1466218 0.3674439 0.9184155
vn 0.1466218 0.3674439 0.9184155
vn 0.1466218 0.3674439 0.9184155
vn 0.1466218 0.3674439 0.9184155
vn 0.1466218 0.3674439 0.9184155
vn 0.1466218 0.3674439 0.9184155
vn 0.1466218 0.3674439 0.9184155
vn 0.1466218 0.3674439 0.9184155
vn 0.1466218 0.3674439 0.9184155
vn 0.1466218 0.3674439 0.9184155
vn 0.1466218 0.3674439 0.9184155
vn 0.1466218 0.3674439 0.9184155
vn 0.1466218 0.3674439 0.9184155
vn 0.1466218 0.3674439 0.9184155
vn 0.1466218 0.3674439 0.9184155
vn 0.1466218 0.3674439 0.9184155
vn 0.1466218 0.3674439 0.9184155
vn 0.1466218 0.3674439 0.9184155
vn 0.1466218 0.3674439 0.9184155
vn 0.1466218 0.3674439 0.9184155
vn 0.1466218 0.3674439 0.9184155
vn 0.1466218 0.3674439 0.9184155
vn 0.1466218 0.3674439 0.9184155
vn 0.1466218 0.3674439 0.9184155
vn 0.1466218 0.3674439 0.9184155
vn 0.1466218 0.3674439 0.9184155
vn 0.1466218 0.3674439 0.9184155
vn 0.1466218 0.3674439 0.9184155
vn 0.1466218 0.3674439 0.9184155
vn 0.1466218 0.3674439 0.9184155
vn 0.1466218 0.3674439 0.9184155
vn 0.1466218 0.3674439 0.9184155
vn 0.1466218 0.3674439 0.9184155
vn 0.1466218 0.3674439 0.9184155
vn 0.1466218 0.3674439 0.9184155
vn 0.1466218 0.3674439 0.9184155
vn 0.1466218 0.3674439 0.9184155
vn 0.1466218 0.3674439 0.9184155
vn 0.1466218 0.3674439 0.9184155
vn 0.1466218 0.3674439 0.9184155
vn 0.1466218 0.3674439 0.9184155
vn 0.1466218 0.3674439 0.9184155
vn 0.1466218 0.3674439 0.9184155
vn 0.1466218 0.3674439 0.9184155
vn 0.1466218 0.3674439 0.9184155
vn 0.1466218 0.3674439 0.9184155
vn 0.1466218 0.3674439 0.9184155
vn 0.1466218 0.3674439 0.9184155
vn 0.1466218 0.3674439 0.9184155
vn 0.1466218 0.3674439 0.9184155
vn 0.1466218 0.3674439 0.9184155
vn 0.1466218 0.3674439 0.9184155
vn 0.1466218 0.3674439 0.9184155
vn 0.1466218 0.3674439 0.9184155
vn 0.1466218 0.3674439 0.9184155
vn 0.1466218 0.3674439 0.9184155
vn 0.1466217 0.3674439 0.9184155
vn 0.1466218 0.3674439 0.9184155
vn 0.1466218 0.3674439 0.9184155
vn 0.1466217 0.3674439 0.9184155
vn 0.1466217 0.3674439 0.9184155
vn 0.1466218 0.3674439 0.9184155
vn 0.1466217 0.3674439 0.9184155
vn 0.1466218 0.3674439 0.9184155
vn 0.1466217 0.3674439 0.9184155
vn 0.1466217 0.3674439 0.9184155
vn 0.1466218 0.3674439 0.9184155
vn 0.1466218 0.3674439 0.9184155
vn 0.1466218 0.3674439 0.9184155
vn 0.1466218 0.3674439 0.9184155
vn 0.1466218 0.3674439 0.9184155
vn 0.1466218 0.3674439 0.9184155
vn 0.1466218 0.3674439 0.9184155
vn 0.1466218 0.3674439 0.9184155
vn 0.1466218 0.3674439 0.9184155
vn -0.1466218 -0.3674439 -0.9184155
vn -0.1466218 -0.3674439 -0.9184155
vn -0.1466218 -0.3674439 -0.9184155
vn -0.1466218 -0.3674439 -0.9184155
vn -0.1466218 -0.3674439 -0.9184155
vn -0.1466218 -0.3674439 -0.9184155
vn -0.1466218 -0.3674439 -0.9184155
vn -0.1466218 -0.3674439 -0.9184155
vn -0.1466218 -0.3674439 -0.9184155
vn -0.1466217 -0.3674439 -0.9184155
vn -0.1466218 -0.3674439 -0.9184155
vn -0.1466218 -0.3674439 -0.9184155
vn -0.1466217 -0.3674439 -0.9184155
vn -0.1466217 -0.3674439 -0.9184155
vn -0.1466218 -0.3674439 -0.9184155
vn -0.1466217 -0.3674439 -0.9184155
vn -0.1466218 -0.3674439 -0.9184155
vn -0.1466217 -0.3674439 -0.9184155
vn -0.1466217 -0.3674439 -0.9184155
vn -0.1466218 -0.3674439 -0.9184155
vn -0.1466218 -0.3674439 -0.9184155
vn -0.1466218 -0.3674439 -0.9184155
vn -0.1466218 -0.3674439 -0.9184155
vn -0.1466218 -0.3674439 -0.9184155
vn -0.1466218 -0.3674439 -0.9184155
vn -0.1466218 -0.3674439 -0.9184155
vn -0.1466218 -0.3674439 -0.9184155
vn -0.1466218 -0.3674439 -0.9184155
vn -0.1466218 -0.3674439 -0.9184155
vn -0.1466218 -0.3674439 -0.9184155
vn -0.1466218 -0.3674439 -0.9184155
vn -0.1466218 -0.3674439 -0.9184155
vn -0.1466218 -0.3674439 -0.9184155
vn -0.1466218 -0.3674439 -0.9184155
vn -0.1466218 -0.3674439 -0.9184155
vn -0.1466218 -0.3674439 -0.9184155
vn -0.1466218 -0.3674439 -0.9184155
vn -0.1466218 -0.3674439 -0.9184155
vn -0.1466218 -0.3674439 -0.9184155
vn -0.1466218 -0.3674439 -0.9184155
vn -0.1466218 -0.3674439 -0.9184155
vn -0.1466218 -0.3674439 -0.9184155
vn -0.1466218 -0.3674439 -0.9184155
vn -0.1466218 -0.3674439 -0.9184155
vn -0.1466218 -0.3674439 -0.9184155
vn -0.1466218 -0.3674439 -0.9184155
vn -0.1466218 -0.3674439 -0.9184155
vn -0.1466218 -0.3674439 -0.9184155
vn -0.1466218 -0.3674439 -0.9184155
vn -0.1466218 -0.3674439 -0.9184155
vn -0.1466218 -0.3674439 -0.9184155
vn -0.1466218 -0.3674439 -0.9184155
vn -0.1466218 -0.3674439 -0.9184155
vn -0.1466218 -0.3674439 -0.9184155
vn -0.1466218 -0.3674439 -0.9184155
vn -0.1466218 -0.3674439 -0.9184155
vn -0.1466218 -0.3674439 -0.9184155
vn -0.1466218 -0.3674439 -0.9184155
vn -0.1466218 -0.3674439 -0.9184155
vn -0.1466218 -0.3674439 -0.9184155
vn -0.1466218 -0.3674439 -0.9184155
vn -0.1466218 -0.3674439 -0.9184155
vn -0.1466218 -0.3674439 -0.9184155
vn -0.1466218 -0.3674439 -0.9184155
vn -0.1466218 -0.3674439 -0.9184155
vn -0.1466218 -0.3674439 -0.9184155
vn -0.1466218 -0.3674439 -0.9184155
vn -0.1466218 -0.3674439 -0.9184155
vn -0.1466218 -0.3674439 -0.9184155
vn -0.1466218 -0.3674439 -0.9184155
vn -0.1466218 -0.3674439 -0.9184155
vn -0.1466218 -0.3674439 -0.9184155
vn -0.1466218 -0.3674439 -0.9184155
vn -0.1466218 -0.3674439 -0.9184155
vn -0.1466218 -0.3674439 -0.9184155
vn -0.1466218 -0.3674439 -0.9184155
vn -0.1466218 -0.3674439 -0.9184155
vn -0.1466218 -0.3674439 -0.9184155
vn -0.1466218 -0.3674439 -0.9184155
vn -0.1466217 -0.3674439 -0.9184155
vn -0.1466218 -0.3674439 -0.9184155
vn -0.1466218 -0.3674439 -0.9184155
vn -0.1466217 -0.3674439 -0.9184155
vn -0.1466217 -0.3674439 -0.9184155
vn -0.1466218 -0.3674439 -0.9184155
vn -0.1466217 -0.3674439 -0.9184155
vn -0.1466218 -0.3674439 -0.9184155
vn -0.1466217 -0.3674439 -0.9184155
vn -0.1466217 -0.3674439 -0.9184155
vn -0.1466218 -0.3674439 -0.9184155
vn -0.1466218 -0.3674439 -0.9184155
vn -0.1466218 -0.3674439 -0.9184155
vn -0.1466218 -0.3674439 -0.9184155
vn -0.1466218 -0.3674439 -0.9184155
vn -0.1466218 -0.3674439 -0.9184155
vn -0.1466218 -0.3674439 -0.9184155
vn -0.1466218 -0.3674439 -0.9184155
vn -0.1466218 -0.3674439 -0.9184155
vn -0.1466218 -0.3674439 -0.9184155
vn -0.1466218 -0.3674439 -0.9184155
vn -0.1466218 -0.3674439 -0.9184155
vn -0.1466218 -0.3674439 -0.9184155
vn -0.1466218 -0.3674439 -0.9184155
vn -0.1466218 -0.3674439 -0.9184155
vn -0.1466218 -0.3674439 -0.9184155
vn -0.1466218 -0.3674439 -0.9184155
vn -0.1466218 -0.3674439 -0.9184155
vn -0.1466218 -0.3674439 -0.9184155
vn -0.1466218 -0.3674439 -0.9184155
vn -0.1466218 -0.3674439 -0.9184155
vn -0.1466218 -0.3674439 -0.9184155
vn -0.1466218 -0.3674439 -0.9184155
vn -0.1466218 -0.3674439 -0.9184155
vn -0.1466218 -0.3674439 -0.9184155
vn -0.1466218 -0.3674439 -0.9184155
vn -0.1466218 -0.3674439 -0.9184155
vn -0.1466218 -0.3674439 -0.9184155
vn -0.1466218 -0.3674439 -0.9184155
vn -0.1466218 -0.3674439 -0.9184155
vn -0.1466218 -0.3674439 -0.9184155
vn -0.1466218 -0.3674439 -0.9184155
vn -0.1466218 -0.3674439 -0.9184155
vn -0.1466218 -0.3674439 -0.9184155
vn -0.1466218 -0.3674439 -0.9184155
vn -0.1466218 -0.3674439 -0.9184155
vn -0.1466218 -0.3674439 -0.9184155
vn -0.1466218 -0.3674439 -0.9184155
vn -0.1466218 -0.3674439 -0.9184155
vn -0.1466218 -0.3674439 -0.9184155
vn -0.1466218 -0.3674439 -0.9184155
vn -0.1466218 -0.3674439 -0.9184155
vn -0.1466218 -0.3674439 -0.9184155
vn -0.1466218 -0.3674439 -0.9184155
vn -0.1466218 -0.3674439 -0.9184155
vn -0.1466218 -0.3674439 -0.9184155
vn -0.1466218 -0.3674439 -0.9184155
vn -0.1466218 -0.3674439 -0.9184155
vn -0.1466218 -0.3674439 -0.9184155
vn -0.1466218 -0.3674439 -0.9184155
vn -0.1466218 -0.3674439 -0.9184155
vt -0.05 0
vt -0.05 0.5
vt 0 0.5
vt 0 0
vt -0.05 0.5
vt -0.05 1
vt 0 1
vt 0 0.5
vt -0.1 0
vt -0.1 0.5
vt -0.05 0.5
vt -0.05 0
vt -0.1 0.5
vt -0.1 1
vt -0.05 1
vt -0.05 0.5
vt -0.15 0
vt -0.15 0.5
vt -0.1 0.5
vt -0.1 0
vt -0.15 0.5
vt -0.15 1
vt -0.1 1
vt -0.1 0.5
vt -0.2 0
vt -0.2 0.5
vt -0.15 0.5
vt -0.15 0
vt -0.2 0.5
vt -0.2 1
vt -0.15 1
vt -0.15 0.5
vt -0.25 0
vt -0.25 0.5
vt -0.2 0.5
vt -0.2 0
vt -0.25 0.5
vt -0.25 1
vt -0.2 1
vt -0.2 0.5
vt -0.3 0
vt -0.3 0.5
vt -0.25 0.5
vt -0.25 0
vt -0.3 0.5
vt -0.3 1
vt -0.25 1
vt -0.25 0.5
vt -0.35 0
vt -0.35 0.5
vt -0.3 0.5
vt -0.3 0
vt -0.35 0.5
vt -0.35 1
vt -0.3 1
vt -0.3 0.5
vt -0.4 0
vt -0.4 0.5
vt -0.35 0.5
vt -0.35 0
vt -0.4 0.5
vt -0.4 1
vt -0.35 1
vt -0.35 0.5
vt -0.45 0
vt -0.45 0.5
vt -0.4 0.5
vt -0.4 0
vt -0.45 0.5
vt -0.45 1
vt -0.4 1
vt -0.4 0.5
vt -0.5 0
vt -0.5 0.5
vt -0.45 0.5
vt -0.45 0
vt -0.5 0.5
vt -0.5 1
vt -0.45 1
vt -0.45 0.5
vt -0.55 0
vt -0.55 0.5
vt -0.5 0.5
vt -0.5 0
vt -0.55 0.5
vt -0.55 1
vt -0.5 1
vt -0.5 0.5
vt -0.6 0
vt -0.6 0.5
vt -0.55 0.5
vt -0.55 0
vt -0.6 0.5
vt -0.6 1
vt -0.55 1
vt -0.55 0.5
vt -0.65 0
vt -0.65 0.5
vt -0.6 0.5
vt -0.6 0
vt -0.65 0.5
vt -0.65 1
vt -0.6 1
vt -0.6 0.5
vt -0.7 0
vt -0.7 0.5
vt -0.65 0.5
vt -0.65 0
vt -0.7 0.5
vt -0.7 1
vt -0.65 1
vt -0.65 0.5
vt -0.75 0
vt -0.75 0.5
vt -0.7 0.5
vt -0.7 0
vt -0.75 0.5
vt -0.75 1
vt -0.7 1
vt -0.7 0.5
vt -0.8 0
vt -0.8 0.5
vt -0.75 0.5
vt -0.75 0
vt -0.8 0.5
vt -0.8 1
vt -0.75 1
vt -0.75 0.5
vt -0.85 0
vt -0.85 0.5
vt -0.8 0.5
vt -0.8 0
vt -0.85 0.5
vt -0.85 1
vt -0.8 1
vt -0.8 0.5
vt -0.9 0
vt -0.9 0.5
vt -0.85 0.5
vt -0.85 0
vt -0.9 0.5
vt -0.9 1
vt -0.85 1
vt -0.85 0.5
vt -0.95 0
vt -0.95 0.5
vt -0.9 0.5
vt -0.9 0
vt -0.95 0.5
vt -0.95 1
vt -0.9 1
vt -0.9 0.5
vt -1 0
vt -1 0.5
vt -0.95 0.5
vt -0.95 0
vt -1 0.5
vt -1 1
vt -0.95 1
vt -0.95 0.5
vt 0.5 0.5
vt 0.5 0.75
vt 0.5772542 0.7377641
vt 0.5 0.75
vt 0.5 1
vt 0.6545085 0.9755282
vt 0.5772542 0.7377641
vt 0.5 0.5
vt 0.5772542 0.7377641
vt 0.6469463 0.7022542
vt 0.5772542 0.7377641
vt 0.6545085 0.9755282
vt 0.7938926 0.9045085
vt 0.6469463 0.7022542
vt 0.5 0.5
vt 0.6469463 0.7022542
vt 0.7022542 0.6469463
vt 0.6469463 0.7022542
vt 0.7938926 0.9045085
vt 0.9045085 0.7938926
vt 0.7022542 0.6469463
vt 0.5 0.5
vt 0.7022542 0.6469463
vt 0.7377641 0.5772542
vt 0.7022542 0.6469463
vt 0.9045085 0.7938926
vt 0.9755282 0.6545085
vt 0.7377641 0.5772542
vt 0.5 0.5
vt 0.7377641 0.5772542
vt 0.75 0.5
vt 0.7377641 0.5772542
vt 0.9755282 0.6545085
vt 1 0.5
vt 0.75 0.5
vt 0.5 0.5
vt 0.75 0.5
vt 0.7377641 0.4227457
vt 0.75 0.5
vt 1 0.5
vt 0.9755282 0.3454915
vt 0.7377641 0.4227457
vt 0.5 0.5
vt 0.7377641 0.4227457
vt 0.7022542 0.3530537
vt 0.7377641 0.4227457
vt 0.9755282 0.3454915
vt 0.9045085 0.2061074
vt 0.7022542 0.3530537
vt 0.5 0.5
vt 0.7022542 0.3530537
vt 0.6469463 0.2977457
vt 0.7022542 0.3530537
vt 0.9045085 0.2061074
vt 0.7938926 0.09549147
vt 0.6469463 0.2977457
vt 0.5 0.5
vt 0.6469463 0.2977457
vt 0.5772542 0.2622359
vt 0.6469463 0.2977457
vt 0.7938926 0.09549147
vt 0.6545084 0.0244717
vt 0.5772542 0.2622359
vt 0.5 0.5
vt 0.5772542 0.2622359
vt 0.5 0.25
vt 0.5772542 0.2622359
vt 0.6545084 0.0244717
vt 0.5 0
vt 0.5 0.25
vt 0.5 0.5
vt 0.5 0.25
vt 0.4227458 0.2622359
vt 0.5 0.25
vt 0.5 0
vt 0.3454915 0.02447173
vt 0.4227458 0.2622359
vt 0.5 0.5
vt 0.4227458 0.2622359
vt 0.3530537 0.2977458
vt 0.4227458 0.2622359
vt 0.3454915 0.02447173
vt 0.2061073 0.09549153
vt 0.3530537 0.2977458
vt 0.5 0.5
vt 0.3530537 0.2977458
vt 0.2977457 0.3530537
vt 0.3530537 0.2977458
vt 0.2061073 0.09549153
vt 0.09549144 0.2061075
vt 0.2977457 0.3530537
vt 0.5 0.5
vt 0.2977457 0.3530537
vt 0.2622359 0.4227457
vt 0.2977457 0.3530537
vt 0.09549144 0.2061075
vt 0.02447176 0.3454915
vt 0.2622359 0.4227457
vt 0.5 0.5
vt 0.2622359 0.4227457
vt 0.25 0.5
vt 0.2622359 0.4227457
vt 0.02447176 0.3454915
vt 0 0.5
vt 0.25 0.5
vt 0.5 0.5
vt 0.25 0.5
vt 0.2622359 0.5772543
vt 0.25 0.5
vt 0 0.5
vt 0.02447176 0.6545086
vt 0.2622359 0.5772543
vt 0.5 0.5
vt 0.2622359 0.5772543
vt 0.2977458 0.6469464
vt 0.2622359 0.5772543
vt 0.02447176 0.6545086
vt 0.09549159 0.7938927
vt 0.2977458 0.6469464
vt 0.5 0.5
vt 0.2977458 0.6469464
vt 0.3530537 0.7022543
vt 0.2977458 0.6469464
vt 0.09549159 0.7938927
vt 0.2061075 0.9045086
vt 0.3530537 0.7022543
vt 0.5 0.5
vt 0.3530537 0.7022543
vt 0.4227458 0.7377641
vt 0.3530537 0.7022543
vt 0.2061075 0.9045086
vt 0.3454915 0.9755282
vt 0.4227458 0.7377641
vt 0.5 0.5
vt 0.4227458 0.7377641
vt 0.5000001 0.75
vt 0.4227458 0.7377641
vt 0.3454915 0.9755282
vt 0.5000001 1
vt 0.5000001 0.75
vt 0.5 0.5
vt 0.5000001 0.75
vt 0.4227458 0.7377641
vt 0.5000001 0.75
vt 0.5000001 1
vt 0.3454915 0.9755282
vt 0.4227458 0.7377641
vt 0.5 0.5
vt 0.4227458 0.7377641
vt 0.3530537 0.7022543
vt 0.4227458 0.7377641
vt 0.3454915 0.9755282
vt 0.2061075 0.9045086
vt 0.3530537 0.7022543
vt 0.5 0.5
vt 0.3530537 0.7022543
vt 0.2977458 0.6469464
vt 0.3530537 0.7022543
vt 0.2061075 0.9045086
vt 0.09549159 0.7938927
vt 0.2977458 0.6469464
vt 0.5 0.5
vt 0.2977458 0.6469464
vt 0.2622359 0.5772543
vt 0.2977458 0.6469464
vt 0.09549159 0.7938927
vt 0.02447176 0.6545086
vt 0.2622359 0.5772543
vt 0.5 0.5
vt 0.2622359 0.5772543
vt 0.25 0.5
vt 0.2622359 0.5772543
vt 0.02447176 0.6545086
vt 0 0.5
vt 0.25 0.5
vt 0.5 0.5
vt 0.25 0.5
vt 0.2622359 0.4227457
vt 0.25 0.5
vt 0 0.5
vt 0.02447176 0.3454915
vt 0.2622359 0.4227457
vt 0.5 0.5
vt 0.2622359 0.4227457
vt 0.2977457 0.3530537
vt 0.2622359 0.4227457
vt 0.02447176 0.3454915
vt 0.09549144 0.2061075
vt 0.2977457 0.3530537
vt 0.5 0.5
vt 0.2977457 0.3530537
vt 0.3530537 0.2977458
vt 0.2977457 0.3530537
vt 0.09549144 0.2061075
vt 0.2061073 0.09549153
vt 0.3530537 0.2977458
vt 0.5 0.5
vt 0.3530537 0.2977458
vt 0.4227458 0.2622359
vt 0.3530537 0.2977458
vt 0.2061073 0.09549153
vt 0.3454915 0.02447173
vt 0.4227458 0.2622359
vt 0.5 0.5
vt 0.4227458 0.2622359
vt 0.5 0.25
vt 0.4227458 0.2622359
vt 0.3454915 0.02447173
vt 0.5 0
vt 0.5 0.25
vt 0.5 0.5
vt 0.5 0.25
vt 0.5772542 0.2622359
vt 0.5 0.25
vt 0.5 0
vt 0.6545084 0.0244717
vt 0.5772542 0.2622359
vt 0.5 0.5
vt 0.5772542 0.2622359
vt 0.6469463 0.2977457
vt 0.5772542 0.2622359
vt 0.6545084 0.0244717
vt 0.7938926 0.09549147
vt 0.6469463 0.2977457
vt 0.5 0.5
vt 0.6469463 0.2977457
vt 0.7022542 0.3530537
vt 0.6469463 0.2977457
vt 0.7938926 0.09549147
vt 0.9045085 0.2061074
vt 0.7022542 0.3530537
vt 0.5 0.5
vt 0.7022542 0.3530537
vt 0.7377641 0.4227457
vt 0.7022542 0.3530537
vt 0.9045085 0.2061074
vt 0.9755282 0.3454915
vt 0.7377641 0.4227457
vt 0.5 0.5
vt 0.7377641 0.4227457
vt 0.75 0.5
vt 0.7377641 0.4227457
vt 0.9755282 0.3454915
vt 1 0.5
vt 0.75 0.5
vt 0.5 0.5
vt 0.75 0.5
vt 0.7377641 0.5772542
vt 0.75 0.5
vt 1 0.5
vt 0.9755282 0.6545085
vt 0.7377641 0.5772542
vt 0.5 0.5
vt 0.7377641 0.5772542
vt 0.7022542 0.6469463
vt 0.7377641 0.5772542
vt 0.9755282 0.6545085
vt 0.9045085 0.7938926
vt 0.7022542 0.6469463
vt 0.5 0.5
vt 0.7022542 0.6469463
vt 0.6469463 0.7022542
vt 0.7022542 0.6469463
vt 0.9045085 0.7938926
vt 0.7938926 0.9045085
vt 0.6469463 0.7022542
vt 0.5 0.5
vt 0.6469463 0.7022542
vt 0.5772542 0.7377641
vt 0.6469463 0.7022542
vt 0.7938926 0.9045085
vt 0.6545085 0.9755282
vt 0.5772542 0.7377641
vt 0.5 0.5
vt 0.5772542 0.7377641
vt 0.5 0.75
vt 0.5772542 0.7377641
vt 0.6545085 0.9755282
vt 0.5 1
vt 0.5 0.75
usemtl Default
f 1571/1571/1571 1570/1570/1570 1569/1569/1569
f 1571/1571/1571 1569/1569/1569 1572/1572/1572
f 1575/1575/1575 1574/1574/1574 1573/1573/1573
f 1575/1575/1575 1573/1573/1573 1576/1576/1576
f 1579/1579/1579 1578/1578/1578 1577/1577/1577
f 1579/1579/1579 1577/1577/1577 1580/1580/1580
f 1583/1583/1583 1582/1582/1582 1581/1581/1581
f 1583/1583/1583 1581/1581/1581 1584/1584/1584
f 1587/1587/1587 1586/1586/1586 1585/1585/1585
f 1587/1587/1587 1585/1585/1585 1588/1588/1588
f 1591/1591/1591 1590/1590/1590 1589/1589/1589
f 1591/1591/1591 1589/1589/1589 1592/1592/1592
f 1595/1595/1595 1594/1594/1594 1593/1593/1593
f 1595/1595/1595 1593/1593/1593 1596/1596/1596
f 1599/1599/1599 1598/1598/1598 1597/1597/1597
f 1599/1599/1599 1597/1597/1597 1600/1600/1600
f 1603/1603/1603 1602/1602/1602 1601/1601/1601
f 1603/1603/1603 1601/1601/1601 1604/1604/1604
f 1607/1607/1607 1606/1606/1606 1605/1605/1605
f 1607/1607/1607 1605/1605/1605 1608/1608/1608
f 1611/1611/1611 1610/1610/1610 1609/1609/1609
f 1611/1611/1611 1609/1609/1609 1612/1612/1612
f 1615/1615/1615 1614/1614/1614 1613/1613/1613
f 1615/1615/1615 1613/1613/1613 1616/1616/1616
f 1619/1619/1619 1618/1618/1618 1617/1617/1617
f 1619/1619/1619 1617/1617/1617 1620/1620/1620
f 1623/1623/1623 1622/1622/1622 1621/1621/1621
f 1623/1623/1623 1621/1621/1621 1624/1624/1624
f 1627/1627/1627 1626/1626/1626 1625/1625/1625
f 1627/1627/1627 1625/1625/1625 1628/1628/1628
f 1631/1631/1631 1630/1630/1630 1629/1629/1629
f 1631/1631/1631 1629/1629/1629 1632/1632/1632
f 1635/1635/1635 1634/1634/1634 1633/1633/1633
f 1635/1635/1635 1633/1633/1633 1636/1636/1636
f 1639/1639/1639 1638/1638/1638 1637/1637/1637
f 1639/1639/1639 1637/1637/1637 1640/1640/1640
f 1643/1643/1643 1642/1642/1642 1641/1641/1641
f 1643/1643/1643 1641/1641/1641 1644/1644/1644
f 1647/1647/1647 1646/1646/1646 1645/1645/1645
f 1647/1647/1647 1645/1645/1645 1648/1648/1648
f 1651/1651/1651 1650/1650/1650 1649/1649/1649
f 1651/1651/1651 1649/1649/1649 1652/1652/1652
f 1655/1655/1655 1654/1654/1654 1653/1653/1653
f 1655/1655/1655 1653/1653/1653 1656/1656/1656
f 1659/1659/1659 1658/1658/1658 1657/1657/1657
f 1659/1659/1659 1657/1657/1657 1660/1660/1660
f 1663/1663/1663 1662/1662/1662 1661/1661/1661
f 1663/1663/1663 1661/1661/1661 1664/1664/1664
f 1667/1667/1667 1666/1666/1666 1665/1665/1665
f 1667/1667/1667 1665/1665/1665 1668/1668/1668
f 1671/1671/1671 1670/1670/1670 1669/1669/1669
f 1671/1671/1671 1669/1669/1669 1672/1672/1672
f 1675/1675/1675 1674/1674/1674 1673/1673/1673
f 1675/1675/1675 1673/1673/1673 1676/1676/1676
f 1679/1679/1679 1678/1678/1678 1677/1677/1677
f 1679/1679/1679 1677/1677/1677 1680/1680/1680
f 1683/1683/1683 1682/1682/1682 1681/1681/1681
f 1683/1683/1683 1681/1681/1681 1684/1684/1684
f 1687/1687/1687 1686/1686/1686 1685/1685/1685
f 1687/1687/1687 1685/1685/1685 1688/1688/1688
f 1691/1691/1691 1690/1690/1690 1689/1689/1689
f 1691/1691/1691 1689/1689/1689 1692/1692/1692
f 1695/1695/1695 1694/1694/1694 1693/1693/1693
f 1695/1695/1695 1693/1693/1693 1696/1696/1696
f 1699/1699/1699 1698/1698/1698 1697/1697/1697
f 1699/1699/1699 1697/1697/1697 1700/1700/1700
f 1703/1703/1703 1702/1702/1702 1701/1701/1701
f 1703/1703/1703 1701/1701/1701 1704/1704/1704
f 1707/1707/1707 1706/1706/1706 1705/1705/1705
f 1707/1707/1707 1705/1705/1705 1708/1708/1708
f 1711/1711/1711 1710/1710/1710 1709/1709/1709
f 1711/1711/1711 1709/1709/1709 1712/1712/1712
f 1715/1715/1715 1714/1714/1714 1713/1713/1713
f 1715/1715/1715 1713/1713/1713 1716/1716/1716
f 1719/1719/1719 1718/1718/1718 1717/1717/1717
f 1719/1719/1719 1717/1717/1717 1720/1720/1720
f 1723/1723/1723 1722/1722/1722 1721/1721/1721
f 1723/1723/1723 1721/1721/1721 1724/1724/1724
f 1727/1727/1727 1726/1726/1726 1725/1725/1725
f 1727/1727/1727 1725/1725/1725 1728/1728/1728
f 1731/1731/1731 1730/1730/1730 1729/1729/1729
f 1734/1734/1734 1733/1733/1733 1732/1732/1732
f 1734/1734/1734 1732/1732/1732 1735/1735/1735
f 1738/1738/1738 1737/1737/1737 1736/1736/1736
f 1741/1741/1741 1740/1740/1740 1739/1739/1739
f 1741/1741/1741 1739/1739/1739 1742/1742/1742
f 1745/1745/1745 1744/1744/1744 1743/1743/1743
f 1748/1748/1748 1747/1747/1747 1746/1746/1746
f 1748/1748/1748 1746/1746/1746 1749/1749/1749
f 1752/1752/1752 1751/1751/1751 1750/1750/1750
f 1755/1755/1755 1754/1754/1754 1753/1753/1753
f 1755/1755/1755 1753/1753/1753 1756/1756/1756
f 1759/1759/1759 1758/1758/1758 1757/1757/1757
f 1762/1762/1762 1761/1761/1761 1760/1760/1760
f 1762/1762/1762 1760/1760/1760 1763/1763/1763
f 1766/1766/1766 1765/1765/1765 1764/1764/1764
f 1769/1769/1769 1768/1768/1768 1767/1767/1767
f 1769/1769/1769 1767/1767/1767 1770/1770/1770
f 1773/1773/1773 1772/1772/1772 1771/1771/1771
f 1776/1776/1776 1775/1775/1775 1774/1774/1774
f 1776/1776/1776 1774/1774/1774 1777/1777/1777
f 1780/1780/1780 1779/1779/1779 1778/1778/1778
f 1783/1783/1783 1782/1782/1782 1781/1781/1781
f 1783/1783/1783 1781/1781/1781 1784/1784/1784
f 1787/1787/1787 1786/1786/1786 1785/1785/1785
f 1790/1790/1790 1789/1789/1789 1788/1788/1788
f 1790/1790/1790 1788/1788/1788 1791/1791/1791
f 1794/1794/1794 1793/1793/1793 1792/1792/1792
f 1797/1797/1797 1796/1796/1796 1795/1795/1795
f 1797/1797/1797 1795/1795/1795 1798/1798/1798
f 1801/1801/1801 1800/1800/1800 1799/1799/1799
f 1804/1804/1804 1803/1803/1803 1802/1802/1802
f 1804/1804/1804 1802/1802/1802 1805/1805/1805
f 1808/1808/1808 1807/1807/1807 1806/1806/1806
f 1811/1811/1811 1810/1810/1810 1809/1809/1809
f 1811/1811/1811 1809/1809/1809 1812/1812/1812
f 1815/1815/1815 1814/1814/1814 1813/1813/1813
f 1818/1818/1818 1817/1817/1817 1816/1816/1816
f 1818/1818/1818 1816/1816/1816 1819/1819/1819
f 1822/1822/1822 1821/1821/1821 1820/1820/1820
f 1825/1825/1825 1824/1824/1824 1823/1823/1823
f 1825/1825/1825 1823/1823/1823 1826/1826/1826
f 1829/1829/1829 1828/1828/1828 1827/1827/1827
f 1832/1832/1832 1831/1831/1831 1830/1830/1830
f 1832/1832/1832 1830/1830/1830 1833/1833/1833
f 1836/1836/1836 1835/1835/1835 1834/1834/1834
f 1839/1839/1839 1838/1838/1838 1837/1837/1837
f 1839/1839/1839 1837/1837/1837 1840/1840/1840
f 1843/1843/1843 1842/1842/1842 1841/1841/1841
f 1846/1846/1846 1845/1845/1845 1844/1844/1844
f 1846/1846/1846 1844/1844/1844 1847/1847/1847
f 1850/1850/1850 1849/1849/1849 1848/1848/1848
f 1853/1853/1853 1852/1852/1852 1851/1851/1851
f 1853/1853/1853 1851/1851/1851 1854/1854/1854
f 1857/1857/1857 1856/1856/1856 1855/1855/1855
f 1860/1860/1860 1859/1859/1859 1858/1858/1858
f 1860/1860/1860 1858/1858/1858 1861/1861/1861
f 1864/1864/1864 1863/1863/1863 1862/1862/1862
f 1867/1867/1867 1866/1866/1866 1865/1865/1865
f 1867/1867/1867 1865/1865/1865 1868/1868/1868
f 1871/1871/1871 1870/1870/1870 1869/1869/1869
f 1874/1874/1874 1873/1873/1873 1872/1872/1872
f 1874/1874/1874 1872/1872/1872 1875/1875/1875
f 1878/1878/1878 1877/1877/1877 1876/1876/1876
f 1881/1881/1881 1880/1880/1880 1879/1879/1879
f 1881/1881/1881 1879/1879/1879 1882/1882/1882
f 1885/1885/1885 1884/1884/1884 1883/1883/1883
f 1888/1888/1888 1887/1887/1887 1886/1886/1886
f 1888/1888/1888 1886/1886/1886 1889/1889/1889
f 1892/1892/1892 1891/1891/1891 1890/1890/1890
f 1895/1895/1895 1894/1894/1894 1893/1893/1893
f 1895/1895/1895 1893/1893/1893 1896/1896/1896
f 1899/1899/1899 1898/1898/1898 1897/1897/1897
f 1902/1902/1902 1901/1901/1901 1900/1900/1900
f 1902/1902/1902 1900/1900/1900 1903/1903/1903
f 1906/1906/1906 1905/1905/1905 1904/1904/1904
f 1909/1909/1909 1908/1908/1908 1907/1907/1907
f 1909/1909/1909 1907/1907/1907 1910/1910/1910
f 1913/1913/1913 1912/1912/1912 1911/1911/1911
f 1916/1916/1916 1915/1915/1915 1914/1914/1914
f 1916/1916/1916 1914/1914/1914 1917/1917/1917
f 1920/1920/1920 1919/1919/1919 1918/1918/1918
f 1923/1923/1923 1922/1922/1922 1921/1921/1921
f 1923/1923/1923 1921/1921/1921 1924/1924/1924
f 1927/1927/1927 1926/1926/1926 1925/1925/1925
f 1930/1930/1930 1929/1929/1929 1928/1928/1928
f 1930/1930/1930 1928/1928/1928 1931/1931/1931
f 1934/1934/1934 1933/1933/1933 1932/1932/1932
f 1937/1937/1937 1936/1936/1936 1935/1935/1935
f 1937/1937/1937 1935/1935/1935 1938/1938/1938
f 1941/1941/1941 1940/1940/1940 1939/1939/1939
f 1944/1944/1944 1943/1943/1943 1942/1942/1942
f 1944/1944/1944 1942/1942/1942 1945/1945/1945
f 1948/1948/1948 1947/1947/1947 1946/1946/1946
f 1951/1951/1951 1950/1950/1950 1949/1949/1949
f 1951/1951/1951 1949/1949/1949 1952/1952/1952
f 1955/1955/1955 1954/1954/1954 1953/1953/1953
f 1958/1958/1958 1957/1957/1957 1956/1956/1956
f 1958/1958/1958 1956/1956/1956 1959/1959/1959
f 1962/1962/1962 1961/1961/1961 1960/1960/1960
f 1965/1965/1965 1964/1964/1964 1963/1963/1963
f 1965/1965/1965 1963/1963/1963 1966/1966/1966
f 1969/1969/1969 1968/1968/1968 1967/1967/1967
f 1972/1972/1972 1971/1971/1971 1970/1970/1970
f 1972/1972/1972 1970/1970/1970 1973/1973/1973
f 1976/1976/1976 1975/1975/1975 1974/1974/1974
f 1979/1979/1979 1978/1978/1978 1977/1977/1977
f 1979/1979/1979 1977/1977/1977 1980/1980/1980
f 1983/1983/1983 1982/1982/1982 1981/1981/1981
f 1986/1986/1986 1985/1985/1985 1984/1984/1984
f 1986/1986/1986 1984/1984/1984 1987/1987/1987
f 1990/1990/1990 1989/1989/1989 1988/1988/1988
f 1993/1993/1993 1992/1992/1992 1991/1991/1991
f 1993/1993/1993 1991/1991/1991 1994/1994/1994
f 1997/1997/1997 1996/1996/1996 1995/1995/1995
f 2000/2000/2000 1999/1999/1999 1998/1998/1998
f 2000/2000/2000 1998/1998/1998 2001/2001/2001
f 2004/2004/2004 2003/2003/2003 2002/2002/2002
f 2007/2007/2007 2006/2006/2006 2005/2005/2005
f 2007/2007/2007 2005/2005/2005 2008/2008/2008
o 圆柱体 3
v -0.06165114 0.6779461 0.5455309
v -0.06281313 0.6749262 0.5375644
v -0.03770682 0.6703396 0.5356411
v -0.03654483 0.6733595 0.5436075
v -0.06281313 0.6749262 0.5375644
v -0.06397513 0.6719062 0.5295979
v -0.03886882 0.6673197 0.5276746
v -0.03770682 0.6703396 0.5356411
v -0.08442295 0.6895693 0.5444463
v -0.08558495 0.6865494 0.5364798
v -0.06281313 0.6749262 0.5375644
v -0.06165114 0.6779461 0.5455309
v -0.08558495 0.6865494 0.5364798
v -0.08674695 0.6835294 0.5285134
v -0.06397513 0.6719062 0.5295979
v -0.06281313 0.6749262 0.5375644
v -0.1026312 0.7070915 0.5404599
v -0.1037932 0.7040715 0.5324934
v -0.08558495 0.6865494 0.5364798
v -0.08442295 0.6895693 0.5444463
v -0.1037932 0.7040715 0.5324934
v -0.1049552 0.7010516 0.524527
v -0.08674695 0.6835294 0.5285134
v -0.08558495 0.6865494 0.5364798
v -0.1144936 0.7287973 0.5339619
v -0.1156555 0.7257773 0.5259954
v -0.1037932 0.7040715 0.5324934
v -0.1026312 0.7070915 0.5404599
v -0.1156555 0.7257773 0.5259954
v -0.1168175 0.7227574 0.518029
v -0.1049552 0.7010516 0.524527
v -0.1037932 0.7040715 0.5324934
v -0.1188488 0.752562 0.5255883
v -0.1200108 0.7495421 0.5176219
v -0.1156555 0.7257773 0.5259954
v -0.1144936 0.7287973 0.5339619
v -0.1200108 0.7495421 0.5176219
v -0.1211728 0.7465222 0.5096554
v -0.1168175 0.7227574 0.518029
v -0.1156555 0.7257773 0.5259954
v -0.1152707 0.7760596 0.516159
v -0.1164327 0.7730397 0.5081925
v -0.1200108 0.7495421 0.5176219
v -0.1188488 0.752562 0.5255883
v -0.1164327 0.7730397 0.5081925
v -0.1175947 0.7700198 0.5002261
v -0.1211728 0.7465222 0.5096554
v -0.1200108 0.7495421 0.5176219
v -0.1041094 0.7969898 0.5065968
v -0.1052714 0.7939699 0.4986303
v -0.1164327 0.7730397 0.5081925
v -0.1152707 0.7760596 0.516159
v -0.1052714 0.7939699 0.4986303
v -0.1064334 0.7909499 0.4906639
v -0.1175947 0.7700198 0.5002261
v -0.1164327 0.7730397 0.5081925
v -0.08645757 0.8133038 0.4978377
v -0.08761956 0.8102839 0.4898713
v -0.1052714 0.7939699 0.4986303
v -0.1041094 0.7969898 0.5065968
v -0.08761956 0.8102839 0.4898713
v -0.08878156 0.807264 0.4819048
v -0.1064334 0.7909499 0.4906639
v -0.1052714 0.7939699 0.4986303
v -0.06404295 0.8234047 0.4907393
v -0.06520495 0.8203848 0.4827728
v -0.08761956 0.8102839 0.4898713
v -0.08645757 0.8133038 0.4978377
v -0.06520495 0.8203848 0.4827728
v -0.06636694 0.8173649 0.4748063
v -0.08878156 0.807264 0.4819048
v -0.08761956 0.8102839 0.4898713
v -0.03905974 0.8263038 0.4859962
v -0.04022174 0.8232839 0.4780298
v -0.06520495 0.8203848 0.4827728
v -0.06404295 0.8234047 0.4907393
v -0.04022174 0.8232839 0.4780298
v -0.04138374 0.8202639 0.4700633
v -0.06636694 0.8173649 0.4748063
v -0.06520495 0.8203848 0.4827728
v -0.01395344 0.8217173 0.4840728
v -0.01511544 0.8186973 0.4761064
v -0.04022174 0.8232839 0.4780298
v -0.03905974 0.8263038 0.4859962
v -0.01511544 0.8186973 0.4761064
v -0.01627744 0.8156774 0.4681399
v -0.04138374 0.8202639 0.4700633
v -0.04022174 0.8232839 0.4780298
v 0.008818381 0.810094 0.4851575
v 0.007656381 0.8070741 0.477191
v -0.01511544 0.8186973 0.4761064
v -0.01395344 0.8217173 0.4840728
v 0.007656381 0.8070741 0.477191
v 0.006494381 0.8040541 0.4692245
v -0.01627744 0.8156774 0.4681399
v -0.01511544 0.8186973 0.4761064
v 0.02702664 0.7925719 0.4891438
v 0.02586465 0.789552 0.4811774
v 0.007656381 0.8070741 0.477191
v 0.008818381 0.810094 0.4851575
v 0.02586465 0.789552 0.4811774
v 0.02470265 0.786532 0.4732109
v 0.006494381 0.8040541 0.4692245
v 0.007656381 0.8070741 0.477191
v 0.03888899 0.7708661 0.4956418
v 0.03772699 0.7678462 0.4876754
v 0.02586465 0.789552 0.4811774
v 0.02702664 0.7925719 0.4891438
v 0.03772699 0.7678462 0.4876754
v 0.036565 0.7648262 0.4797089
v 0.02470265 0.786532 0.4732109
v 0.02586465 0.789552 0.4811774
v 0.04324428 0.7471012 0.5040153
v 0.04208228 0.7440813 0.4960489
v 0.03772699 0.7678462 0.4876754
v 0.03888899 0.7708661 0.4956418
v 0.04208228 0.7440813 0.4960489
v 0.04092029 0.7410614 0.4880824
v 0.036565 0.7648262 0.4797089
v 0.03772699 0.7678462 0.4876754
v 0.03966615 0.7236037 0.5134447
v 0.03850415 0.7205838 0.5054783
v 0.04208228 0.7440813 0.4960489
v 0.04324428 0.7471012 0.5040153
v 0.03850415 0.7205838 0.5054783
v 0.03734215 0.7175639 0.4975118
v 0.04092029 0.7410614 0.4880824
v 0.04208228 0.7440813 0.4960489
v 0.02850486 0.7026736 0.5230069
v 0.02734286 0.6996536 0.5150405
v 0.03850415 0.7205838 0.5054783
v 0.03966615 0.7236037 0.5134447
v 0.02734286 0.6996536 0.5150405
v 0.02618087 0.6966337 0.507074
v 0.03734215 0.7175639 0.4975118
v 0.03850415 0.7205838 0.5054783
v 0.01085296 0.6863595 0.531766
v 0.009690963 0.6833396 0.5237995
v 0.02734286 0.6996536 0.5150405
v 0.02850486 0.7026736 0.5230069
v 0.009690963 0.6833396 0.5237995
v 0.00852897 0.6803197 0.5158331
v 0.02618087 0.6966337 0.507074
v 0.02734286 0.6996536 0.5150405
v -0.01156162 0.6762586 0.5388644
v -0.01272361 0.6732387 0.530898
v 0.009690963 0.6833396 0.5237995
v 0.01085296 0.6863595 0.531766
v -0.01272361 0.6732387 0.530898
v -0.01388561 0.6702188 0.5229315
v 0.00852897 0.6803197 0.5158331
v 0.009690963 0.6833396 0.5237995
v -0.03654483 0.6733595 0.5436075
v -0.03770682 0.6703396 0.5356411
v -0.01272361 0.6732387 0.530898
v -0.01156162 0.6762586 0.5388644
v -0.03770682 0.6703396 0.5356411
v -0.03886882 0.6673197 0.5276746
v -0.01388561 0.6702188 0.5229315
v -0.01272361 0.6732387 0.530898
v -0.04012628 0.7437918 0.4988689
v -0.03949755 0.7055557 0.5132717
v -0.0520507 0.707849 0.5142335
v -0.03949755 0.7055557 0.5132717
v -0.03886882 0.6673197 0.5276746
v -0.06397513 0.6719062 0.5295979
v -0.0520507 0.707849 0.5142335
v -0.04012628 0.7437918 0.4988689
v -0.0520507 0.707849 0.5142335
v -0.06343661 0.7136606 0.5136911
v -0.0520507 0.707849 0.5142335
v -0.06397513 0.6719062 0.5295979
v -0.08674695 0.6835294 0.5285134
v -0.06343661 0.7136606 0.5136911
v -0.04012628 0.7437918 0.4988689
v -0.06343661 0.7136606 0.5136911
v -0.07254075 0.7224217 0.5116979
v -0.06343661 0.7136606 0.5136911
v -0.08674695 0.6835294 0.5285134
v -0.1049552 0.7010516 0.524527
v -0.07254075 0.7224217 0.5116979
v -0.04012628 0.7437918 0.4988689
v -0.07254075 0.7224217 0.5116979
v -0.07847192 0.7332746 0.508449
v -0.07254075 0.7224217 0.5116979
v -0.1049552 0.7010516 0.524527
v -0.1168175 0.7227574 0.518029
v -0.07847192 0.7332746 0.508449
v -0.04012628 0.7437918 0.4988689
v -0.07847192 0.7332746 0.508449
v -0.08064956 0.745157 0.5042622
v -0.07847192 0.7332746 0.508449
v -0.1168175 0.7227574 0.518029
v -0.1211728 0.7465222 0.5096554
v -0.08064956 0.745157 0.5042622
v -0.04012628 0.7437918 0.4988689
v -0.08064956 0.745157 0.5042622
v -0.0788605 0.7569058 0.4995475
v -0.08064956 0.745157 0.5042622
v -0.1211728 0.7465222 0.5096554
v -0.1175947 0.7700198 0.5002261
v -0.0788605 0.7569058 0.4995475
v -0.04012628 0.7437918 0.4988689
v -0.0788605 0.7569058 0.4995475
v -0.07327986 0.7673709 0.4947664
v -0.0788605 0.7569058 0.4995475
v -0.1175947 0.7700198 0.5002261
v -0.1064334 0.7909499 0.4906639
v -0.07327986 0.7673709 0.4947664
v -0.04012628 0.7437918 0.4988689
v -0.07327986 0.7673709 0.4947664
v -0.06445391 0.7755279 0.4903869
v -0.07327986 0.7673709 0.4947664
v -0.1064334 0.7909499 0.4906639
v -0.08878156 0.807264 0.4819048
v -0.06445391 0.7755279 0.4903869
v -0.04012628 0.7437918 0.4988689
v -0.06445391 0.7755279 0.4903869
v -0.05324661 0.7805783 0.4868377
v -0.06445391 0.7755279 0.4903869
v -0.08878156 0.807264 0.4819048
v -0.06636694 0.8173649 0.4748063
v -0.05324661 0.7805783 0.4868377
v -0.04012628 0.7437918 0.4988689
v -0.05324661 0.7805783 0.4868377
v -0.04075501 0.7820278 0.4844661
v -0.05324661 0.7805783 0.4868377
v -0.06636694 0.8173649 0.4748063
v -0.04138374 0.8202639 0.4700633
v -0.04075501 0.7820278 0.4844661
v -0.04012628 0.7437918 0.4988689
v -0.04075501 0.7820278 0.4844661
v -0.02820186 0.7797346 0.4835044
v -0.04075501 0.7820278 0.4844661
v -0.04138374 0.8202639 0.4700633
v -0.01627744 0.8156774 0.4681399
v -0.02820186 0.7797346 0.4835044
v -0.04012628 0.7437918 0.4988689
v -0.02820186 0.7797346 0.4835044
v -0.01681595 0.773923 0.4840467
v -0.02820186 0.7797346 0.4835044
v -0.01627744 0.8156774 0.4681399
v 0.006494381 0.8040541 0.4692245
v -0.01681595 0.773923 0.4840467
v -0.04012628 0.7437918 0.4988689
v -0.01681595 0.773923 0.4840467
v -0.00771182 0.7651619 0.4860399
v -0.01681595 0.773923 0.4840467
v 0.006494381 0.8040541 0.4692245
v 0.02470265 0.786532 0.4732109
v -0.00771182 0.7651619 0.4860399
v -0.04012628 0.7437918 0.4988689
v -0.00771182 0.7651619 0.4860399
v -0.001780648 0.7543091 0.4892889
v -0.00771182 0.7651619 0.4860399
v 0.02470265 0.786532 0.4732109
v 0.036565 0.7648262 0.4797089
v -0.001780648 0.7543091 0.4892889
v -0.04012628 0.7437918 0.4988689
v -0.001780648 0.7543091 0.4892889
v 0.0003969967 0.7424266 0.4934757
v -0.001780648 0.7543091 0.4892889
v 0.036565 0.7648262 0.4797089
v 0.04092029 0.7410614 0.4880824
v 0.0003969967 0.7424266 0.4934757
v -0.04012628 0.7437918 0.4988689
v 0.0003969967 0.7424266 0.4934757
v -0.00139207 0.7306778 0.4981904
v 0.0003969967 0.7424266 0.4934757
v 0.04092029 0.7410614 0.4880824
v 0.03734215 0.7175639 0.4975118
v -0.00139207 0.7306778 0.4981904
v -0.04012628 0.7437918 0.4988689
v -0.00139207 0.7306778 0.4981904
v -0.006972712 0.7202128 0.5029715
v -0.00139207 0.7306778 0.4981904
v 0.03734215 0.7175639 0.4975118
v 0.02618087 0.6966337 0.507074
v -0.006972712 0.7202128 0.5029715
v -0.04012628 0.7437918 0.4988689
v -0.006972712 0.7202128 0.5029715
v -0.01579865 0.7120557 0.507351
v -0.006972712 0.7202128 0.5029715
v 0.02618087 0.6966337 0.507074
v 0.00852897 0.6803197 0.5158331
v -0.01579865 0.7120557 0.507351
v -0.04012628 0.7437918 0.4988689
v -0.01579865 0.7120557 0.507351
v -0.02700594 0.7070053 0.5109003
v -0.01579865 0.7120557 0.507351
v 0.00852897 0.6803197 0.5158331
v -0.01388561 0.6702188 0.5229315
v -0.02700594 0.7070053 0.5109003
v -0.04012628 0.7437918 0.4988689
v -0.02700594 0.7070053 0.5109003
v -0.03949755 0.7055557 0.5132717
v -0.02700594 0.7070053 0.5109003
v -0.01388561 0.6702188 0.5229315
v -0.03886882 0.6673197 0.5276746
v -0.03949755 0.7055557 0.5132717
v -0.03780229 0.7498317 0.5148019
v -0.03717357 0.7115956 0.5292047
v -0.02468195 0.7130451 0.5268332
v -0.03717357 0.7115956 0.5292047
v -0.03654483 0.6733595 0.5436075
v -0.01156162 0.6762586 0.5388644
v -0.02468195 0.7130451 0.5268332
v -0.03780229 0.7498317 0.5148019
v -0.02468195 0.7130451 0.5268332
v -0.01347467 0.7180956 0.5232839
v -0.02468195 0.7130451 0.5268332
v -0.01156162 0.6762586 0.5388644
v 0.01085296 0.6863595 0.531766
v -0.01347467 0.7180956 0.5232839
v -0.03780229 0.7498317 0.5148019
v -0.01347467 0.7180956 0.5232839
v -0.004648723 0.7262526 0.5189044
v -0.01347467 0.7180956 0.5232839
v 0.01085296 0.6863595 0.531766
v 0.02850486 0.7026736 0.5230069
v -0.004648723 0.7262526 0.5189044
v -0.03780229 0.7498317 0.5148019
v -0.004648723 0.7262526 0.5189044
v 0.0009319261 0.7367177 0.5141233
v -0.004648723 0.7262526 0.5189044
v 0.02850486 0.7026736 0.5230069
v 0.03966615 0.7236037 0.5134447
v 0.0009319261 0.7367177 0.5141233
v -0.03780229 0.7498317 0.5148019
v 0.0009319261 0.7367177 0.5141233
v 0.002720989 0.7484665 0.5094086
v 0.0009319261 0.7367177 0.5141233
v 0.03966615 0.7236037 0.5134447
v 0.04324428 0.7471012 0.5040153
v 0.002720989 0.7484665 0.5094086
v -0.03780229 0.7498317 0.5148019
v 0.002720989 0.7484665 0.5094086
v 0.0005433485 0.7603489 0.5052218
v 0.002720989 0.7484665 0.5094086
v 0.04324428 0.7471012 0.5040153
v 0.03888899 0.7708661 0.4956418
v 0.0005433485 0.7603489 0.5052218
v -0.03780229 0.7498317 0.5148019
v 0.0005433485 0.7603489 0.5052218
v -0.005387828 0.7712018 0.5019729
v 0.0005433485 0.7603489 0.5052218
v 0.03888899 0.7708661 0.4956418
v 0.02702664 0.7925719 0.4891438
v -0.005387828 0.7712018 0.5019729
v -0.03780229 0.7498317 0.5148019
v -0.005387828 0.7712018 0.5019729
v -0.01449195 0.7799628 0.4999796
v -0.005387828 0.7712018 0.5019729
v 0.02702664 0.7925719 0.4891438
v 0.008818381 0.810094 0.4851575
v -0.01449195 0.7799628 0.4999796
v -0.03780229 0.7498317 0.5148019
v -0.01449195 0.7799628 0.4999796
v -0.02587786 0.7857745 0.4994373
v -0.01449195 0.7799628 0.4999796
v 0.008818381 0.810094 0.4851575
v -0.01395344 0.8217173 0.4840728
v -0.02587786 0.7857745 0.4994373
v -0.03780229 0.7498317 0.5148019
v -0.02587786 0.7857745 0.4994373
v -0.03843102 0.7880677 0.5003991
v -0.02587786 0.7857745 0.4994373
v -0.01395344 0.8217173 0.4840728
v -0.03905974 0.8263038 0.4859962
v -0.03843102 0.7880677 0.5003991
v -0.03780229 0.7498317 0.5148019
v -0.03843102 0.7880677 0.5003991
v -0.05092262 0.7866182 0.5027705
v -0.03843102 0.7880677 0.5003991
v -0.03905974 0.8263038 0.4859962
v -0.06404295 0.8234047 0.4907393
v -0.05092262 0.7866182 0.5027705
v -0.03780229 0.7498317 0.5148019
v -0.05092262 0.7866182 0.5027705
v -0.06212992 0.7815677 0.5063198
v -0.05092262 0.7866182 0.5027705
v -0.06404295 0.8234047 0.4907393
v -0.08645757 0.8133038 0.4978377
v -0.06212992 0.7815677 0.5063198
v -0.03780229 0.7498317 0.5148019
v -0.06212992 0.7815677 0.5063198
v -0.07095587 0.7734107 0.5106993
v -0.06212992 0.7815677 0.5063198
v -0.08645757 0.8133038 0.4978377
v -0.1041094 0.7969898 0.5065968
v -0.07095587 0.7734107 0.5106993
v -0.03780229 0.7498317 0.5148019
v -0.07095587 0.7734107 0.5106993
v -0.07653651 0.7629457 0.5154804
v -0.07095587 0.7734107 0.5106993
v -0.1041094 0.7969898 0.5065968
v -0.1152707 0.7760596 0.516159
v -0.07653651 0.7629457 0.5154804
v -0.03780229 0.7498317 0.5148019
v -0.07653651 0.7629457 0.5154804
v -0.07832557 0.7511969 0.5201951
v -0.07653651 0.7629457 0.5154804
v -0.1152707 0.7760596 0.516159
v -0.1188488 0.752562 0.5255883
v -0.07832557 0.7511969 0.5201951
v -0.03780229 0.7498317 0.5148019
v -0.07832557 0.7511969 0.5201951
v -0.07614793 0.7393144 0.5243819
v -0.07832557 0.7511969 0.5201951
v -0.1188488 0.752562 0.5255883
v -0.1144936 0.7287973 0.5339619
v -0.07614793 0.7393144 0.5243819
v -0.03780229 0.7498317 0.5148019
v -0.07614793 0.7393144 0.5243819
v -0.07021675 0.7284615 0.5276309
v -0.07614793 0.7393144 0.5243819
v -0.1144936 0.7287973 0.5339619
v -0.1026312 0.7070915 0.5404599
v -0.07021675 0.7284615 0.5276309
v -0.03780229 0.7498317 0.5148019
v -0.07021675 0.7284615 0.5276309
v -0.06111262 0.7197005 0.529624
v -0.07021675 0.7284615 0.5276309
v -0.1026312 0.7070915 0.5404599
v -0.08442295 0.6895693 0.5444463
v -0.06111262 0.7197005 0.529624
v -0.03780229 0.7498317 0.5148019
v -0.06111262 0.7197005 0.529624
v -0.04972671 0.7138889 0.5301664
v -0.06111262 0.7197005 0.529624
v -0.08442295 0.6895693 0.5444463
v -0.06165114 0.6779461 0.5455309
v -0.04972671 0.7138889 0.5301664
v -0.03780229 0.7498317 0.5148019
v -0.04972671 0.7138889 0.5301664
v -0.03717357 0.7115956 0.5292047
v -0.04972671 0.7138889 0.5301664
v -0.06165114 0.6779461 0.5455309
v -0.03654483 0.6733595 0.5436075
v -0.03717357 0.7115956 0.5292047
vn 0.2912546 0.879677 -0.3759508
vn 0.2912547 0.879677 -0.3759508
vn -0.01538614 0.9357 -0.3524611
vn -0.01538613 0.9357 -0.3524611
vn 0.2912547 0.879677 -0.3759508
vn 0.2912547 0.879677 -0.3759508
vn -0.01538614 0.9357 -0.3524611
vn -0.01538614 0.9357 -0.3524611
vn 0.5695188 0.737633 -0.3626927
vn 0.5695188 0.737633 -0.3626927
vn 0.2912547 0.879677 -0.3759508
vn 0.2912546 0.879677 -0.3759508
vn 0.5695188 0.737633 -0.3626927
vn 0.5695188 0.737633 -0.3626927
vn 0.2912547 0.879677 -0.3759508
vn 0.2912547 0.879677 -0.3759508
vn 0.7921934 0.5233305 -0.3139344
vn 0.7921934 0.5233305 -0.3139344
vn 0.5695188 0.737633 -0.3626927
vn 0.5695188 0.737633 -0.3626927
vn 0.7921934 0.5233305 -0.3139344
vn 0.7921934 0.5233305 -0.3139344
vn 0.5695188 0.737633 -0.3626927
vn 0.5695188 0.737633 -0.3626927
vn 0.9373766 0.2576495 -0.2343966
vn 0.9373766 0.2576495 -0.2343966
vn 0.7921934 0.5233305 -0.3139344
vn 0.7921934 0.5233305 -0.3139344
vn 0.9373766 0.2576495 -0.2343966
vn 0.9373766 0.2576495 -0.2343966
vn 0.7921934 0.5233305 -0.3139344
vn 0.7921934 0.5233305 -0.3139344
vn 0.9907072 -0.03337614 -0.1318534
vn 0.9907072 -0.03337614 -0.1318534
vn 0.9373766 0.2576495 -0.2343966
vn 0.9373766 0.2576495 -0.2343966
vn 0.9907072 -0.03337614 -0.1318534
vn 0.9907072 -0.03337614 -0.1318534
vn 0.9373766 0.2576495 -0.2343966
vn 0.9373766 0.2576495 -0.2343966
vn 0.9468937 -0.3211293 -0.01638116
vn 0.9468937 -0.3211293 -0.01638117
vn 0.9907072 -0.03337614 -0.1318534
vn 0.9907072 -0.03337614 -0.1318534
vn 0.9468937 -0.3211293 -0.01638117
vn 0.9468937 -0.3211293 -0.01638116
vn 0.9907072 -0.03337614 -0.1318534
vn 0.9907072 -0.03337614 -0.1318534
vn 0.8102918 -0.5773169 0.1006594
vn 0.8102918 -0.5773169 0.1006594
vn 0.9468937 -0.3211293 -0.01638117
vn 0.9468937 -0.3211293 -0.01638116
vn 0.8102918 -0.5773169 0.1006594
vn 0.8102918 -0.5773169 0.1006594
vn 0.9468937 -0.3211293 -0.01638116
vn 0.9468937 -0.3211293 -0.01638117
vn 0.5944218 -0.7768453 0.2077837
vn 0.5944218 -0.7768453 0.2077837
vn 0.8102918 -0.5773169 0.1006594
vn 0.8102918 -0.5773169 0.1006594
vn 0.5944218 -0.7768453 0.2077837
vn 0.5944218 -0.7768453 0.2077837
vn 0.8102918 -0.5773169 0.1006594
vn 0.8102918 -0.5773169 0.1006594
vn 0.3205231 -0.9002875 0.2945294
vn 0.3205231 -0.9002875 0.2945294
vn 0.5944218 -0.7768453 0.2077837
vn 0.5944218 -0.7768453 0.2077837
vn 0.3205231 -0.9002875 0.2945294
vn 0.3205231 -0.9002875 0.2945294
vn 0.5944218 -0.7768453 0.2077837
vn 0.5944218 -0.7768453 0.2077837
vn 0.01538615 -0.9357 0.3524611
vn 0.01538614 -0.9357 0.3524611
vn 0.3205231 -0.9002875 0.2945294
vn 0.3205231 -0.9002875 0.2945294
vn 0.01538614 -0.9357 0.3524611
vn 0.01538612 -0.9357 0.3524611
vn 0.3205231 -0.9002875 0.2945294
vn 0.3205231 -0.9002875 0.2945294
vn -0.2912548 -0.879677 0.3759508
vn -0.2912548 -0.879677 0.3759508
vn 0.01538614 -0.9357 0.3524611
vn 0.01538615 -0.9357 0.3524611
vn -0.2912548 -0.879677 0.3759508
vn -0.2912548 -0.879677 0.3759509
vn 0.01538612 -0.9357 0.3524611
vn 0.01538614 -0.9357 0.3524611
vn -0.5695189 -0.737633 0.3626927
vn -0.5695189 -0.737633 0.3626927
vn -0.2912548 -0.879677 0.3759508
vn -0.2912548 -0.879677 0.3759508
vn -0.5695189 -0.737633 0.3626927
vn -0.5695189 -0.737633 0.3626927
vn -0.2912548 -0.879677 0.3759509
vn -0.2912548 -0.879677 0.3759508
vn -0.7921932 -0.5233308 0.3139345
vn -0.7921932 -0.5233308 0.3139345
vn -0.5695189 -0.737633 0.3626927
vn -0.5695189 -0.737633 0.3626927
vn -0.7921932 -0.5233308 0.3139345
vn -0.7921932 -0.5233308 0.3139345
vn -0.5695189 -0.737633 0.3626927
vn -0.5695189 -0.737633 0.3626927
vn -0.9373765 -0.2576498 0.2343967
vn -0.9373765 -0.2576498 0.2343967
vn -0.7921932 -0.5233308 0.3139345
vn -0.7921932 -0.5233308 0.3139345
vn -0.9373765 -0.2576498 0.2343967
vn -0.9373765 -0.2576498 0.2343967
vn -0.7921932 -0.5233308 0.3139345
vn -0.7921932 -0.5233308 0.3139345
vn -0.9907072 0.03337614 0.1318534
vn -0.9907072 0.03337614 0.1318534
vn -0.9373765 -0.2576498 0.2343967
vn -0.9373765 -0.2576498 0.2343967
vn -0.9907072 0.03337614 0.1318534
vn -0.9907072 0.03337614 0.1318534
vn -0.9373765 -0.2576498 0.2343967
vn -0.9373765 -0.2576498 0.2343967
vn -0.9468937 0.3211293 0.01638116
vn -0.9468936 0.3211293 0.01638116
vn -0.9907072 0.03337614 0.1318534
vn -0.9907072 0.03337614 0.1318534
vn -0.9468936 0.3211293 0.01638116
vn -0.9468937 0.3211293 0.01638116
vn -0.9907072 0.03337614 0.1318534
vn -0.9907072 0.03337614 0.1318534
vn -0.8102915 0.5773174 -0.1006596
vn -0.8102915 0.5773174 -0.1006596
vn -0.9468936 0.3211293 0.01638116
vn -0.9468937 0.3211293 0.01638116
vn -0.8102915 0.5773174 -0.1006596
vn -0.8102915 0.5773174 -0.1006596
vn -0.9468937 0.3211293 0.01638116
vn -0.9468936 0.3211293 0.01638116
vn -0.5944214 0.7768455 -0.2077838
vn -0.5944214 0.7768455 -0.2077838
vn -0.8102915 0.5773174 -0.1006596
vn -0.8102915 0.5773174 -0.1006596
vn -0.5944214 0.7768455 -0.2077838
vn -0.5944214 0.7768455 -0.2077838
vn -0.8102915 0.5773174 -0.1006596
vn -0.8102915 0.5773174 -0.1006596
vn -0.3205233 0.9002874 -0.2945293
vn -0.3205233 0.9002874 -0.2945293
vn -0.5944214 0.7768455 -0.2077838
vn -0.5944214 0.7768455 -0.2077838
vn -0.3205233 0.9002874 -0.2945293
vn -0.3205233 0.9002874 -0.2945293
vn -0.5944214 0.7768455 -0.2077838
vn -0.5944214 0.7768455 -0.2077838
vn -0.01538613 0.9357 -0.3524611
vn -0.01538614 0.9357 -0.3524611
vn -0.3205233 0.9002874 -0.2945293
vn -0.3205233 0.9002874 -0.2945293
vn -0.01538614 0.9357 -0.3524611
vn -0.01538614 0.9357 -0.3524611
vn -0.3205233 0.9002874 -0.2945293
vn -0.3205233 0.9002874 -0.2945293
vn 0.1351391 0.3512145 0.9264912
vn 0.1351391 0.3512145 0.9264912
vn 0.1351391 0.3512145 0.9264912
vn 0.1351391 0.3512145 0.9264912
vn 0.1351391 0.3512145 0.9264912
vn 0.1351391 0.3512145 0.9264912
vn 0.1351391 0.3512145 0.9264912
vn 0.1351391 0.3512145 0.9264912
vn 0.1351391 0.3512145 0.9264912
vn 0.1351391 0.3512145 0.9264912
vn 0.1351391 0.3512145 0.9264912
vn 0.1351391 0.3512145 0.9264912
vn 0.1351391 0.3512145 0.9264912
vn 0.1351391 0.3512145 0.9264912
vn 0.1351391 0.3512145 0.9264912
vn 0.1351391 0.3512145 0.9264912
vn 0.135139 0.3512145 0.9264911
vn 0.1351391 0.3512145 0.9264912
vn 0.1351391 0.3512145 0.9264912
vn 0.135139 0.3512145 0.9264911
vn 0.135139 0.3512145 0.9264911
vn 0.1351391 0.3512145 0.9264912
vn 0.135139 0.3512145 0.9264911
vn 0.1351391 0.3512145 0.9264912
vn 0.135139 0.3512145 0.9264911
vn 0.135139 0.3512145 0.9264911
vn 0.1351391 0.3512145 0.9264912
vn 0.1351391 0.3512145 0.9264912
vn 0.1351391 0.3512145 0.9264912
vn 0.1351391 0.3512145 0.9264912
vn 0.1351391 0.3512145 0.9264912
vn 0.1351391 0.3512145 0.9264912
vn 0.1351391 0.3512145 0.9264912
vn 0.1351391 0.3512145 0.9264912
vn 0.1351391 0.3512145 0.9264912
vn 0.1351391 0.3512145 0.9264912
vn 0.1351391 0.3512145 0.9264912
vn 0.1351391 0.3512145 0.9264912
vn 0.1351391 0.3512145 0.9264912
vn 0.1351391 0.3512145 0.9264912
vn 0.1351391 0.3512145 0.9264912
vn 0.1351391 0.3512145 0.9264912
vn 0.1351391 0.3512145 0.9264912
vn 0.1351391 0.3512145 0.9264912
vn 0.135139 0.3512145 0.9264912
vn 0.1351391 0.3512145 0.9264912
vn 0.1351391 0.3512145 0.9264912
vn 0.135139 0.3512145 0.9264912
vn 0.135139 0.3512145 0.9264912
vn 0.1351391 0.3512145 0.9264912
vn 0.135139 0.3512145 0.9264912
vn 0.1351391 0.3512145 0.9264912
vn 0.135139 0.3512145 0.9264912
vn 0.135139 0.3512145 0.9264912
vn 0.1351391 0.3512145 0.9264912
vn 0.1351391 0.3512145 0.9264912
vn 0.1351391 0.3512145 0.9264912
vn 0.1351391 0.3512145 0.9264912
vn 0.1351391 0.3512145 0.9264912
vn 0.1351391 0.3512145 0.9264912
vn 0.1351391 0.3512145 0.9264912
vn 0.1351391 0.3512145 0.9264912
vn 0.1351391 0.3512145 0.9264912
vn 0.1351391 0.3512145 0.9264912
vn 0.1351391 0.3512145 0.9264912
vn 0.1351391 0.3512145 0.9264912
vn 0.1351391 0.3512145 0.9264912
vn 0.1351391 0.3512145 0.9264912
vn 0.1351391 0.3512145 0.9264912
vn 0.1351391 0.3512145 0.9264912
vn 0.1351391 0.3512145 0.9264912
vn 0.1351391 0.3512145 0.9264912
vn 0.1351391 0.3512145 0.9264912
vn 0.1351391 0.3512145 0.9264912
vn 0.1351391 0.3512145 0.9264912
vn 0.1351391 0.3512145 0.9264912
vn 0.1351391 0.3512145 0.9264912
vn 0.1351391 0.3512145 0.9264912
vn 0.1351391 0.3512145 0.9264912
vn 0.1351391 0.3512145 0.9264912
vn 0.1351391 0.3512145 0.9264912
vn 0.1351391 0.3512145 0.9264912
vn 0.1351391 0.3512145 0.9264912
vn 0.1351391 0.3512145 0.9264912
vn 0.1351391 0.3512145 0.9264912
vn 0.1351391 0.3512145 0.9264912
vn 0.135139 0.3512145 0.9264911
vn 0.1351391 0.3512145 0.9264912
vn 0.1351391 0.3512145 0.9264912
vn 0.135139 0.3512145 0.9264911
vn 0.135139 0.3512145 0.9264911
vn 0.1351391 0.3512145 0.9264912
vn 0.135139 0.3512145 0.9264911
vn 0.1351391 0.3512145 0.9264912
vn 0.135139 0.3512145 0.9264911
vn 0.135139 0.3512145 0.9264911
vn 0.1351391 0.3512145 0.9264912
vn 0.1351391 0.3512145 0.9264912
vn 0.1351391 0.3512145 0.9264912
vn 0.1351391 0.3512145 0.9264912
vn 0.1351391 0.3512145 0.9264912
vn 0.1351391 0.3512145 0.9264912
vn 0.1351391 0.3512145 0.9264912
vn 0.1351391 0.3512145 0.9264912
vn 0.1351391 0.3512145 0.9264912
vn 0.1351391 0.3512145 0.9264912
vn 0.1351391 0.3512145 0.9264912
vn 0.1351391 0.3512145 0.9264912
vn 0.1351391 0.3512145 0.9264912
vn 0.1351391 0.3512145 0.9264912
vn 0.1351391 0.3512145 0.9264912
vn 0.1351391 0.3512145 0.9264912
vn 0.1351391 0.3512145 0.9264912
vn 0.1351391 0.3512145 0.9264912
vn 0.135139 0.3512145 0.9264912
vn 0.1351391 0.3512145 0.9264912
vn 0.1351391 0.3512145 0.9264912
vn 0.135139 0.3512145 0.9264912
vn 0.135139 0.3512145 0.9264912
vn 0.1351391 0.3512145 0.9264912
vn 0.135139 0.3512145 0.9264912
vn 0.1351391 0.3512145 0.9264912
vn 0.135139 0.3512145 0.9264912
vn 0.135139 0.3512145 0.9264912
vn 0.1351391 0.3512145 0.9264912
vn 0.1351391 0.3512145 0.9264912
vn 0.1351391 0.3512145 0.9264912
vn 0.1351391 0.3512145 0.9264912
vn 0.1351391 0.3512145 0.9264912
vn 0.1351391 0.3512145 0.9264912
vn 0.1351391 0.3512145 0.9264912
vn 0.1351391 0.3512145 0.9264912
vn 0.1351391 0.3512145 0.9264912
vn 0.1351391 0.3512145 0.9264912
vn 0.1351391 0.3512145 0.9264912
vn 0.1351391 0.3512145 0.9264912
vn 0.1351391 0.3512145 0.9264912
vn 0.1351391 0.3512145 0.9264912
vn 0.1351391 0.3512145 0.9264912
vn 0.1351391 0.3512145 0.9264912
vn -0.1351391 -0.3512145 -0.9264912
vn -0.1351391 -0.3512145 -0.9264912
vn -0.1351391 -0.3512145 -0.9264912
vn -0.1351391 -0.3512145 -0.9264912
vn -0.1351391 -0.3512145 -0.9264912
vn -0.1351391 -0.3512145 -0.9264912
vn -0.1351391 -0.3512145 -0.9264912
vn -0.1351391 -0.3512145 -0.9264912
vn -0.1351391 -0.3512145 -0.9264912
vn -0.1351391 -0.3512145 -0.9264912
vn -0.1351391 -0.3512145 -0.9264912
vn -0.1351391 -0.3512145 -0.9264912
vn -0.1351391 -0.3512145 -0.9264912
vn -0.1351391 -0.3512145 -0.9264912
vn -0.1351391 -0.3512145 -0.9264912
vn -0.1351391 -0.3512145 -0.9264912
vn -0.135139 -0.3512145 -0.9264912
vn -0.1351391 -0.3512145 -0.9264912
vn -0.1351391 -0.3512145 -0.9264912
vn -0.135139 -0.3512145 -0.9264912
vn -0.135139 -0.3512145 -0.9264912
vn -0.1351391 -0.3512145 -0.9264912
vn -0.135139 -0.3512145 -0.9264912
vn -0.1351391 -0.3512145 -0.9264912
vn -0.135139 -0.3512145 -0.9264912
vn -0.135139 -0.3512145 -0.9264912
vn -0.1351391 -0.3512145 -0.9264912
vn -0.1351391 -0.3512145 -0.9264912
vn -0.1351391 -0.3512145 -0.9264912
vn -0.1351391 -0.3512145 -0.9264912
vn -0.1351391 -0.3512145 -0.9264912
vn -0.1351391 -0.3512145 -0.9264912
vn -0.1351391 -0.3512145 -0.9264912
vn -0.1351391 -0.3512145 -0.9264912
vn -0.1351391 -0.3512145 -0.9264912
vn -0.1351391 -0.3512145 -0.9264912
vn -0.1351391 -0.3512145 -0.9264912
vn -0.1351391 -0.3512145 -0.9264912
vn -0.1351391 -0.3512145 -0.9264912
vn -0.1351391 -0.3512145 -0.9264912
vn -0.1351391 -0.3512145 -0.9264912
vn -0.1351391 -0.3512145 -0.9264912
vn -0.1351391 -0.3512145 -0.9264912
vn -0.1351391 -0.3512145 -0.9264912
vn -0.135139 -0.3512145 -0.9264911
vn -0.1351391 -0.3512145 -0.9264912
vn -0.1351391 -0.3512145 -0.9264912
vn -0.135139 -0.3512145 -0.9264911
vn -0.135139 -0.3512145 -0.9264911
vn -0.1351391 -0.3512145 -0.9264912
vn -0.135139 -0.3512145 -0.9264911
vn -0.1351391 -0.3512145 -0.9264912
vn -0.135139 -0.3512145 -0.9264911
vn -0.135139 -0.3512145 -0.9264911
vn -0.1351391 -0.3512145 -0.9264912
vn -0.1351391 -0.3512145 -0.9264912
vn -0.1351391 -0.3512145 -0.9264912
vn -0.1351391 -0.3512145 -0.9264912
vn -0.1351391 -0.3512145 -0.9264912
vn -0.1351391 -0.3512145 -0.9264912
vn -0.1351391 -0.3512145 -0.9264912
vn -0.1351391 -0.3512145 -0.9264912
vn -0.1351391 -0.3512145 -0.9264912
vn -0.1351391 -0.3512145 -0.9264912
vn -0.1351391 -0.3512145 -0.9264912
vn -0.1351391 -0.3512145 -0.9264912
vn -0.1351391 -0.3512145 -0.9264912
vn -0.1351391 -0.3512145 -0.9264912
vn -0.1351391 -0.3512145 -0.9264912
vn -0.1351391 -0.3512145 -0.9264912
vn -0.1351391 -0.3512145 -0.9264912
vn -0.1351391 -0.3512145 -0.9264912
vn -0.1351391 -0.3512145 -0.9264912
vn -0.1351391 -0.3512145 -0.9264912
vn -0.1351391 -0.3512145 -0.9264912
vn -0.1351391 -0.3512145 -0.9264912
vn -0.1351391 -0.3512145 -0.9264912
vn -0.1351391 -0.3512145 -0.9264912
vn -0.1351391 -0.3512145 -0.9264912
vn -0.1351391 -0.3512145 -0.9264912
vn -0.1351391 -0.3512145 -0.9264912
vn -0.1351391 -0.3512145 -0.9264912
vn -0.1351391 -0.3512145 -0.9264912
vn -0.1351391 -0.3512145 -0.9264912
vn -0.1351391 -0.3512145 -0.9264912
vn -0.1351391 -0.3512145 -0.9264912
vn -0.135139 -0.3512145 -0.9264912
vn -0.1351391 -0.3512145 -0.9264912
vn -0.1351391 -0.3512145 -0.9264912
vn -0.135139 -0.3512145 -0.9264912
vn -0.135139 -0.3512145 -0.9264912
vn -0.1351391 -0.3512145 -0.9264912
vn -0.135139 -0.3512145 -0.9264912
vn -0.1351391 -0.3512145 -0.9264912
vn -0.135139 -0.3512145 -0.9264912
vn -0.135139 -0.3512145 -0.9264912
vn -0.1351391 -0.3512145 -0.9264912
vn -0.1351391 -0.3512145 -0.9264912
vn -0.1351391 -0.3512145 -0.9264912
vn -0.1351391 -0.3512145 -0.9264912
vn -0.1351391 -0.3512145 -0.9264912
vn -0.1351391 -0.3512145 -0.9264912
vn -0.1351391 -0.3512145 -0.9264912
vn -0.1351391 -0.3512145 -0.9264912
vn -0.1351391 -0.3512145 -0.9264912
vn -0.1351391 -0.3512145 -0.9264912
vn -0.1351391 -0.3512145 -0.9264912
vn -0.1351391 -0.3512145 -0.9264912
vn -0.1351391 -0.3512145 -0.9264912
vn -0.1351391 -0.3512145 -0.9264912
vn -0.1351391 -0.3512145 -0.9264912
vn -0.1351391 -0.3512145 -0.9264912
vn -0.1351391 -0.3512145 -0.9264912
vn -0.1351391 -0.3512145 -0.9264912
vn -0.135139 -0.3512145 -0.9264911
vn -0.1351391 -0.3512145 -0.9264912
vn -0.1351391 -0.3512145 -0.9264912
vn -0.135139 -0.3512145 -0.9264911
vn -0.135139 -0.3512145 -0.9264911
vn -0.1351391 -0.3512145 -0.9264912
vn -0.135139 -0.3512145 -0.9264911
vn -0.1351391 -0.3512145 -0.9264912
vn -0.135139 -0.3512145 -0.9264911
vn -0.135139 -0.3512145 -0.9264911
vn -0.1351391 -0.3512145 -0.9264912
vn -0.1351391 -0.3512145 -0.9264912
vn -0.1351391 -0.3512145 -0.9264912
vn -0.1351391 -0.3512145 -0.9264912
vn -0.1351391 -0.3512145 -0.9264912
vn -0.1351391 -0.3512145 -0.9264912
vn -0.1351391 -0.3512145 -0.9264912
vn -0.1351391 -0.3512145 -0.9264912
vn -0.1351391 -0.3512145 -0.9264912
vn -0.1351391 -0.3512145 -0.9264912
vn -0.1351391 -0.3512145 -0.9264912
vn -0.1351391 -0.3512145 -0.9264912
vn -0.1351391 -0.3512145 -0.9264912
vn -0.1351391 -0.3512145 -0.9264912
vn -0.1351391 -0.3512145 -0.9264912
vn -0.1351391 -0.3512145 -0.9264912
vt -0.05 0
vt -0.05 0.5
vt 0 0.5
vt 0 0
vt -0.05 0.5
vt -0.05 1
vt 0 1
vt 0 0.5
vt -0.1 0
vt -0.1 0.5
vt -0.05 0.5
vt -0.05 0
vt -0.1 0.5
vt -0.1 1
vt -0.05 1
vt -0.05 0.5
vt -0.15 0
vt -0.15 0.5
vt -0.1 0.5
vt -0.1 0
vt -0.15 0.5
vt -0.15 1
vt -0.1 1
vt -0.1 0.5
vt -0.2 0
vt -0.2 0.5
vt -0.15 0.5
vt -0.15 0
vt -0.2 0.5
vt -0.2 1
vt -0.15 1
vt -0.15 0.5
vt -0.25 0
vt -0.25 0.5
vt -0.2 0.5
vt -0.2 0
vt -0.25 0.5
vt -0.25 1
vt -0.2 1
vt -0.2 0.5
vt -0.3 0
vt -0.3 0.5
vt -0.25 0.5
vt -0.25 0
vt -0.3 0.5
vt -0.3 1
vt -0.25 1
vt -0.25 0.5
vt -0.35 0
vt -0.35 0.5
vt -0.3 0.5
vt -0.3 0
vt -0.35 0.5
vt -0.35 1
vt -0.3 1
vt -0.3 0.5
vt -0.4 0
vt -0.4 0.5
vt -0.35 0.5
vt -0.35 0
vt -0.4 0.5
vt -0.4 1
vt -0.35 1
vt -0.35 0.5
vt -0.45 0
vt -0.45 0.5
vt -0.4 0.5
vt -0.4 0
vt -0.45 0.5
vt -0.45 1
vt -0.4 1
vt -0.4 0.5
vt -0.5 0
vt -0.5 0.5
vt -0.45 0.5
vt -0.45 0
vt -0.5 0.5
vt -0.5 1
vt -0.45 1
vt -0.45 0.5
vt -0.55 0
vt -0.55 0.5
vt -0.5 0.5
vt -0.5 0
vt -0.55 0.5
vt -0.55 1
vt -0.5 1
vt -0.5 0.5
vt -0.6 0
vt -0.6 0.5
vt -0.55 0.5
vt -0.55 0
vt -0.6 0.5
vt -0.6 1
vt -0.55 1
vt -0.55 0.5
vt -0.65 0
vt -0.65 0.5
vt -0.6 0.5
vt -0.6 0
vt -0.65 0.5
vt -0.65 1
vt -0.6 1
vt -0.6 0.5
vt -0.7 0
vt -0.7 0.5
vt -0.65 0.5
vt -0.65 0
vt -0.7 0.5
vt -0.7 1
vt -0.65 1
vt -0.65 0.5
vt -0.75 0
vt -0.75 0.5
vt -0.7 0.5
vt -0.7 0
vt -0.75 0.5
vt -0.75 1
vt -0.7 1
vt -0.7 0.5
vt -0.8 0
vt -0.8 0.5
vt -0.75 0.5
vt -0.75 0
vt -0.8 0.5
vt -0.8 1
vt -0.75 1
vt -0.75 0.5
vt -0.85 0
vt -0.85 0.5
vt -0.8 0.5
vt -0.8 0
vt -0.85 0.5
vt -0.85 1
vt -0.8 1
vt -0.8 0.5
vt -0.9 0
vt -0.9 0.5
vt -0.85 0.5
vt -0.85 0
vt -0.9 0.5
vt -0.9 1
vt -0.85 1
vt -0.85 0.5
vt -0.95 0
vt -0.95 0.5
vt -0.9 0.5
vt -0.9 0
vt -0.95 0.5
vt -0.95 1
vt -0.9 1
vt -0.9 0.5
vt -1 0
vt -1 0.5
vt -0.95 0.5
vt -0.95 0
vt -1 0.5
vt -1 1
vt -0.95 1
vt -0.95 0.5
vt 0.5 0.5
vt 0.5 0.75
vt 0.5772542 0.7377641
vt 0.5 0.75
vt 0.5 1
vt 0.6545085 0.9755282
vt 0.5772542 0.7377641
vt 0.5 0.5
vt 0.5772542 0.7377641
vt 0.6469463 0.7022542
vt 0.5772542 0.7377641
vt 0.6545085 0.9755282
vt 0.7938926 0.9045085
vt 0.6469463 0.7022542
vt 0.5 0.5
vt 0.6469463 0.7022542
vt 0.7022542 0.6469463
vt 0.6469463 0.7022542
vt 0.7938926 0.9045085
vt 0.9045085 0.7938926
vt 0.7022542 0.6469463
vt 0.5 0.5
vt 0.7022542 0.6469463
vt 0.7377641 0.5772542
vt 0.7022542 0.6469463
vt 0.9045085 0.7938926
vt 0.9755282 0.6545085
vt 0.7377641 0.5772542
vt 0.5 0.5
vt 0.7377641 0.5772542
vt 0.75 0.5
vt 0.7377641 0.5772542
vt 0.9755282 0.6545085
vt 1 0.5
vt 0.75 0.5
vt 0.5 0.5
vt 0.75 0.5
vt 0.7377641 0.4227457
vt 0.75 0.5
vt 1 0.5
vt 0.9755282 0.3454915
vt 0.7377641 0.4227457
vt 0.5 0.5
vt 0.7377641 0.4227457
vt 0.7022542 0.3530537
vt 0.7377641 0.4227457
vt 0.9755282 0.3454915
vt 0.9045085 0.2061074
vt 0.7022542 0.3530537
vt 0.5 0.5
vt 0.7022542 0.3530537
vt 0.6469463 0.2977457
vt 0.7022542 0.3530537
vt 0.9045085 0.2061074
vt 0.7938926 0.09549147
vt 0.6469463 0.2977457
vt 0.5 0.5
vt 0.6469463 0.2977457
vt 0.5772542 0.2622359
vt 0.6469463 0.2977457
vt 0.7938926 0.09549147
vt 0.6545084 0.0244717
vt 0.5772542 0.2622359
vt 0.5 0.5
vt 0.5772542 0.2622359
vt 0.5 0.25
vt 0.5772542 0.2622359
vt 0.6545084 0.0244717
vt 0.5 0
vt 0.5 0.25
vt 0.5 0.5
vt 0.5 0.25
vt 0.4227458 0.2622359
vt 0.5 0.25
vt 0.5 0
vt 0.3454915 0.02447173
vt 0.4227458 0.2622359
vt 0.5 0.5
vt 0.4227458 0.2622359
vt 0.3530537 0.2977458
vt 0.4227458 0.2622359
vt 0.3454915 0.02447173
vt 0.2061073 0.09549153
vt 0.3530537 0.2977458
vt 0.5 0.5
vt 0.3530537 0.2977458
vt 0.2977457 0.3530537
vt 0.3530537 0.2977458
vt 0.2061073 0.09549153
vt 0.09549144 0.2061075
vt 0.2977457 0.3530537
vt 0.5 0.5
vt 0.2977457 0.3530537
vt 0.2622359 0.4227457
vt 0.2977457 0.3530537
vt 0.09549144 0.2061075
vt 0.02447176 0.3454915
vt 0.2622359 0.4227457
vt 0.5 0.5
vt 0.2622359 0.4227457
vt 0.25 0.5
vt 0.2622359 0.4227457
vt 0.02447176 0.3454915
vt 0 0.5
vt 0.25 0.5
vt 0.5 0.5
vt 0.25 0.5
vt 0.2622359 0.5772543
vt 0.25 0.5
vt 0 0.5
vt 0.02447176 0.6545086
vt 0.2622359 0.5772543
vt 0.5 0.5
vt 0.2622359 0.5772543
vt 0.2977458 0.6469464
vt 0.2622359 0.5772543
vt 0.02447176 0.6545086
vt 0.09549159 0.7938927
vt 0.2977458 0.6469464
vt 0.5 0.5
vt 0.2977458 0.6469464
vt 0.3530537 0.7022543
vt 0.2977458 0.6469464
vt 0.09549159 0.7938927
vt 0.2061075 0.9045086
vt 0.3530537 0.7022543
vt 0.5 0.5
vt 0.3530537 0.7022543
vt 0.4227458 0.7377641
vt 0.3530537 0.7022543
vt 0.2061075 0.9045086
vt 0.3454915 0.9755282
vt 0.4227458 0.7377641
vt 0.5 0.5
vt 0.4227458 0.7377641
vt 0.5000001 0.75
vt 0.4227458 0.7377641
vt 0.3454915 0.9755282
vt 0.5000001 1
vt 0.5000001 0.75
vt 0.5 0.5
vt 0.5000001 0.75
vt 0.4227458 0.7377641
vt 0.5000001 0.75
vt 0.5000001 1
vt 0.3454915 0.9755282
vt 0.4227458 0.7377641
vt 0.5 0.5
vt 0.4227458 0.7377641
vt 0.3530537 0.7022543
vt 0.4227458 0.7377641
vt 0.3454915 0.9755282
vt 0.2061075 0.9045086
vt 0.3530537 0.7022543
vt 0.5 0.5
vt 0.3530537 0.7022543
vt 0.2977458 0.6469464
vt 0.3530537 0.7022543
vt 0.2061075 0.9045086
vt 0.09549159 0.7938927
vt 0.2977458 0.6469464
vt 0.5 0.5
vt 0.2977458 0.6469464
vt 0.2622359 0.5772543
vt 0.2977458 0.6469464
vt 0.09549159 0.7938927
vt 0.02447176 0.6545086
vt 0.2622359 0.5772543
vt 0.5 0.5
vt 0.2622359 0.5772543
vt 0.25 0.5
vt 0.2622359 0.5772543
vt 0.02447176 0.6545086
vt 0 0.5
vt 0.25 0.5
vt 0.5 0.5
vt 0.25 0.5
vt 0.2622359 0.4227457
vt 0.25 0.5
vt 0 0.5
vt 0.02447176 0.3454915
vt 0.2622359 0.4227457
vt 0.5 0.5
vt 0.2622359 0.4227457
vt 0.2977457 0.3530537
vt 0.2622359 0.4227457
vt 0.02447176 0.3454915
vt 0.09549144 0.2061075
vt 0.2977457 0.3530537
vt 0.5 0.5
vt 0.2977457 0.3530537
vt 0.3530537 0.2977458
vt 0.2977457 0.3530537
vt 0.09549144 0.2061075
vt 0.2061073 0.09549153
vt 0.3530537 0.2977458
vt 0.5 0.5
vt 0.3530537 0.2977458
vt 0.4227458 0.2622359
vt 0.3530537 0.2977458
vt 0.2061073 0.09549153
vt 0.3454915 0.02447173
vt 0.4227458 0.2622359
vt 0.5 0.5
vt 0.4227458 0.2622359
vt 0.5 0.25
vt 0.4227458 0.2622359
vt 0.3454915 0.02447173
vt 0.5 0
vt 0.5 0.25
vt 0.5 0.5
vt 0.5 0.25
vt 0.5772542 0.2622359
vt 0.5 0.25
vt 0.5 0
vt 0.6545084 0.0244717
vt 0.5772542 0.2622359
vt 0.5 0.5
vt 0.5772542 0.2622359
vt 0.6469463 0.2977457
vt 0.5772542 0.2622359
vt 0.6545084 0.0244717
vt 0.7938926 0.09549147
vt 0.6469463 0.2977457
vt 0.5 0.5
vt 0.6469463 0.2977457
vt 0.7022542 0.3530537
vt 0.6469463 0.2977457
vt 0.7938926 0.09549147
vt 0.9045085 0.2061074
vt 0.7022542 0.3530537
vt 0.5 0.5
vt 0.7022542 0.3530537
vt 0.7377641 0.4227457
vt 0.7022542 0.3530537
vt 0.9045085 0.2061074
vt 0.9755282 0.3454915
vt 0.7377641 0.4227457
vt 0.5 0.5
vt 0.7377641 0.4227457
vt 0.75 0.5
vt 0.7377641 0.4227457
vt 0.9755282 0.3454915
vt 1 0.5
vt 0.75 0.5
vt 0.5 0.5
vt 0.75 0.5
vt 0.7377641 0.5772542
vt 0.75 0.5
vt 1 0.5
vt 0.9755282 0.6545085
vt 0.7377641 0.5772542
vt 0.5 0.5
vt 0.7377641 0.5772542
vt 0.7022542 0.6469463
vt 0.7377641 0.5772542
vt 0.9755282 0.6545085
vt 0.9045085 0.7938926
vt 0.7022542 0.6469463
vt 0.5 0.5
vt 0.7022542 0.6469463
vt 0.6469463 0.7022542
vt 0.7022542 0.6469463
vt 0.9045085 0.7938926
vt 0.7938926 0.9045085
vt 0.6469463 0.7022542
vt 0.5 0.5
vt 0.6469463 0.7022542
vt 0.5772542 0.7377641
vt 0.6469463 0.7022542
vt 0.7938926 0.9045085
vt 0.6545085 0.9755282
vt 0.5772542 0.7377641
vt 0.5 0.5
vt 0.5772542 0.7377641
vt 0.5 0.75
vt 0.5772542 0.7377641
vt 0.6545085 0.9755282
vt 0.5 1
vt 0.5 0.75
usemtl Material 3
f 2011/2011/2011 2010/2010/2010 2009/2009/2009
f 2011/2011/2011 2009/2009/2009 2012/2012/2012
f 2015/2015/2015 2014/2014/2014 2013/2013/2013
f 2015/2015/2015 2013/2013/2013 2016/2016/2016
f 2019/2019/2019 2018/2018/2018 2017/2017/2017
f 2019/2019/2019 2017/2017/2017 2020/2020/2020
f 2023/2023/2023 2022/2022/2022 2021/2021/2021
f 2023/2023/2023 2021/2021/2021 2024/2024/2024
f 2027/2027/2027 2026/2026/2026 2025/2025/2025
f 2027/2027/2027 2025/2025/2025 2028/2028/2028
f 2031/2031/2031 2030/2030/2030 2029/2029/2029
f 2031/2031/2031 2029/2029/2029 2032/2032/2032
f 2035/2035/2035 2034/2034/2034 2033/2033/2033
f 2035/2035/2035 2033/2033/2033 2036/2036/2036
f 2039/2039/2039 2038/2038/2038 2037/2037/2037
f 2039/2039/2039 2037/2037/2037 2040/2040/2040
f 2043/2043/2043 2042/2042/2042 2041/2041/2041
f 2043/2043/2043 2041/2041/2041 2044/2044/2044
f 2047/2047/2047 2046/2046/2046 2045/2045/2045
f 2047/2047/2047 2045/2045/2045 2048/2048/2048
f 2051/2051/2051 2050/2050/2050 2049/2049/2049
f 2051/2051/2051 2049/2049/2049 2052/2052/2052
f 2055/2055/2055 2054/2054/2054 2053/2053/2053
f 2055/2055/2055 2053/2053/2053 2056/2056/2056
f 2059/2059/2059 2058/2058/2058 2057/2057/2057
f 2059/2059/2059 2057/2057/2057 2060/2060/2060
f 2063/2063/2063 2062/2062/2062 2061/2061/2061
f 2063/2063/2063 2061/2061/2061 2064/2064/2064
f 2067/2067/2067 2066/2066/2066 2065/2065/2065
f 2067/2067/2067 2065/2065/2065 2068/2068/2068
f 2071/2071/2071 2070/2070/2070 2069/2069/2069
f 2071/2071/2071 2069/2069/2069 2072/2072/2072
f 2075/2075/2075 2074/2074/2074 2073/2073/2073
f 2075/2075/2075 2073/2073/2073 2076/2076/2076
f 2079/2079/2079 2078/2078/2078 2077/2077/2077
f 2079/2079/2079 2077/2077/2077 2080/2080/2080
f 2083/2083/2083 2082/2082/2082 2081/2081/2081
f 2083/2083/2083 2081/2081/2081 2084/2084/2084
f 2087/2087/2087 2086/2086/2086 2085/2085/2085
f 2087/2087/2087 2085/2085/2085 2088/2088/2088
f 2091/2091/2091 2090/2090/2090 2089/2089/2089
f 2091/2091/2091 2089/2089/2089 2092/2092/2092
f 2095/2095/2095 2094/2094/2094 2093/2093/2093
f 2095/2095/2095 2093/2093/2093 2096/2096/2096
f 2099/2099/2099 2098/2098/2098 2097/2097/2097
f 2099/2099/2099 2097/2097/2097 2100/2100/2100
f 2103/2103/2103 2102/2102/2102 2101/2101/2101
f 2103/2103/2103 2101/2101/2101 2104/2104/2104
f 2107/2107/2107 2106/2106/2106 2105/2105/2105
f 2107/2107/2107 2105/2105/2105 2108/2108/2108
f 2111/2111/2111 2110/2110/2110 2109/2109/2109
f 2111/2111/2111 2109/2109/2109 2112/2112/2112
f 2115/2115/2115 2114/2114/2114 2113/2113/2113
f 2115/2115/2115 2113/2113/2113 2116/2116/2116
f 2119/2119/2119 2118/2118/2118 2117/2117/2117
f 2119/2119/2119 2117/2117/2117 2120/2120/2120
f 2123/2123/2123 2122/2122/2122 2121/2121/2121
f 2123/2123/2123 2121/2121/2121 2124/2124/2124
f 2127/2127/2127 2126/2126/2126 2125/2125/2125
f 2127/2127/2127 2125/2125/2125 2128/2128/2128
f 2131/2131/2131 2130/2130/2130 2129/2129/2129
f 2131/2131/2131 2129/2129/2129 2132/2132/2132
f 2135/2135/2135 2134/2134/2134 2133/2133/2133
f 2135/2135/2135 2133/2133/2133 2136/2136/2136
f 2139/2139/2139 2138/2138/2138 2137/2137/2137
f 2139/2139/2139 2137/2137/2137 2140/2140/2140
f 2143/2143/2143 2142/2142/2142 2141/2141/2141
f 2143/2143/2143 2141/2141/2141 2144/2144/2144
f 2147/2147/2147 2146/2146/2146 2145/2145/2145
f 2147/2147/2147 2145/2145/2145 2148/2148/2148
f 2151/2151/2151 2150/2150/2150 2149/2149/2149
f 2151/2151/2151 2149/2149/2149 2152/2152/2152
f 2155/2155/2155 2154/2154/2154 2153/2153/2153
f 2155/2155/2155 2153/2153/2153 2156/2156/2156
f 2159/2159/2159 2158/2158/2158 2157/2157/2157
f 2159/2159/2159 2157/2157/2157 2160/2160/2160
f 2163/2163/2163 2162/2162/2162 2161/2161/2161
f 2163/2163/2163 2161/2161/2161 2164/2164/2164
f 2167/2167/2167 2166/2166/2166 2165/2165/2165
f 2167/2167/2167 2165/2165/2165 2168/2168/2168
f 2171/2171/2171 2170/2170/2170 2169/2169/2169
f 2174/2174/2174 2173/2173/2173 2172/2172/2172
f 2174/2174/2174 2172/2172/2172 2175/2175/2175
f 2178/2178/2178 2177/2177/2177 2176/2176/2176
f 2181/2181/2181 2180/2180/2180 2179/2179/2179
f 2181/2181/2181 2179/2179/2179 2182/2182/2182
f 2185/2185/2185 2184/2184/2184 2183/2183/2183
f 2188/2188/2188 2187/2187/2187 2186/2186/2186
f 2188/2188/2188 2186/2186/2186 2189/2189/2189
f 2192/2192/2192 2191/2191/2191 2190/2190/2190
f 2195/2195/2195 2194/2194/2194 2193/2193/2193
f 2195/2195/2195 2193/2193/2193 2196/2196/2196
f 2199/2199/2199 2198/2198/2198 2197/2197/2197
f 2202/2202/2202 2201/2201/2201 2200/2200/2200
f 2202/2202/2202 2200/2200/2200 2203/2203/2203
f 2206/2206/2206 2205/2205/2205 2204/2204/2204
f 2209/2209/2209 2208/2208/2208 2207/2207/2207
f 2209/2209/2209 2207/2207/2207 2210/2210/2210
f 2213/2213/2213 2212/2212/2212 2211/2211/2211
f 2216/2216/2216 2215/2215/2215 2214/2214/2214
f 2216/2216/2216 2214/2214/2214 2217/2217/2217
f 2220/2220/2220 2219/2219/2219 2218/2218/2218
f 2223/2223/2223 2222/2222/2222 2221/2221/2221
f 2223/2223/2223 2221/2221/2221 2224/2224/2224
f 2227/2227/2227 2226/2226/2226 2225/2225/2225
f 2230/2230/2230 2229/2229/2229 2228/2228/2228
f 2230/2230/2230 2228/2228/2228 2231/2231/2231
f 2234/2234/2234 2233/2233/2233 2232/2232/2232
f 2237/2237/2237 2236/2236/2236 2235/2235/2235
f 2237/2237/2237 2235/2235/2235 2238/2238/2238
f 2241/2241/2241 2240/2240/2240 2239/2239/2239
f 2244/2244/2244 2243/2243/2243 2242/2242/2242
f 2244/2244/2244 2242/2242/2242 2245/2245/2245
f 2248/2248/2248 2247/2247/2247 2246/2246/2246
f 2251/2251/2251 2250/2250/2250 2249/2249/2249
f 2251/2251/2251 2249/2249/2249 2252/2252/2252
f 2255/2255/2255 2254/2254/2254 2253/2253/2253
f 2258/2258/2258 2257/2257/2257 2256/2256/2256
f 2258/2258/2258 2256/2256/2256 2259/2259/2259
f 2262/2262/2262 2261/2261/2261 2260/2260/2260
f 2265/2265/2265 2264/2264/2264 2263/2263/2263
f 2265/2265/2265 2263/2263/2263 2266/2266/2266
f 2269/2269/2269 2268/2268/2268 2267/2267/2267
f 2272/2272/2272 2271/2271/2271 2270/2270/2270
f 2272/2272/2272 2270/2270/2270 2273/2273/2273
f 2276/2276/2276 2275/2275/2275 2274/2274/2274
f 2279/2279/2279 2278/2278/2278 2277/2277/2277
f 2279/2279/2279 2277/2277/2277 2280/2280/2280
f 2283/2283/2283 2282/2282/2282 2281/2281/2281
f 2286/2286/2286 2285/2285/2285 2284/2284/2284
f 2286/2286/2286 2284/2284/2284 2287/2287/2287
f 2290/2290/2290 2289/2289/2289 2288/2288/2288
f 2293/2293/2293 2292/2292/2292 2291/2291/2291
f 2293/2293/2293 2291/2291/2291 2294/2294/2294
f 2297/2297/2297 2296/2296/2296 2295/2295/2295
f 2300/2300/2300 2299/2299/2299 2298/2298/2298
f 2300/2300/2300 2298/2298/2298 2301/2301/2301
f 2304/2304/2304 2303/2303/2303 2302/2302/2302
f 2307/2307/2307 2306/2306/2306 2305/2305/2305
f 2307/2307/2307 2305/2305/2305 2308/2308/2308
f 2311/2311/2311 2310/2310/2310 2309/2309/2309
f 2314/2314/2314 2313/2313/2313 2312/2312/2312
f 2314/2314/2314 2312/2312/2312 2315/2315/2315
f 2318/2318/2318 2317/2317/2317 2316/2316/2316
f 2321/2321/2321 2320/2320/2320 2319/2319/2319
f 2321/2321/2321 2319/2319/2319 2322/2322/2322
f 2325/2325/2325 2324/2324/2324 2323/2323/2323
f 2328/2328/2328 2327/2327/2327 2326/2326/2326
f 2328/2328/2328 2326/2326/2326 2329/2329/2329
f 2332/2332/2332 2331/2331/2331 2330/2330/2330
f 2335/2335/2335 2334/2334/2334 2333/2333/2333
f 2335/2335/2335 2333/2333/2333 2336/2336/2336
f 2339/2339/2339 2338/2338/2338 2337/2337/2337
f 2342/2342/2342 2341/2341/2341 2340/2340/2340
f 2342/2342/2342 2340/2340/2340 2343/2343/2343
f 2346/2346/2346 2345/2345/2345 2344/2344/2344
f 2349/2349/2349 2348/2348/2348 2347/2347/2347
f 2349/2349/2349 2347/2347/2347 2350/2350/2350
f 2353/2353/2353 2352/2352/2352 2351/2351/2351
f 2356/2356/2356 2355/2355/2355 2354/2354/2354
f 2356/2356/2356 2354/2354/2354 2357/2357/2357
f 2360/2360/2360 2359/2359/2359 2358/2358/2358
f 2363/2363/2363 2362/2362/2362 2361/2361/2361
f 2363/2363/2363 2361/2361/2361 2364/2364/2364
f 2367/2367/2367 2366/2366/2366 2365/2365/2365
f 2370/2370/2370 2369/2369/2369 2368/2368/2368
f 2370/2370/2370 2368/2368/2368 2371/2371/2371
f 2374/2374/2374 2373/2373/2373 2372/2372/2372
f 2377/2377/2377 2376/2376/2376 2375/2375/2375
f 2377/2377/2377 2375/2375/2375 2378/2378/2378
f 2381/2381/2381 2380/2380/2380 2379/2379/2379
f 2384/2384/2384 2383/2383/2383 2382/2382/2382
f 2384/2384/2384 2382/2382/2382 2385/2385/2385
f 2388/2388/2388 2387/2387/2387 2386/2386/2386
f 2391/2391/2391 2390/2390/2390 2389/2389/2389
f 2391/2391/2391 2389/2389/2389 2392/2392/2392
f 2395/2395/2395 2394/2394/2394 2393/2393/2393
f 2398/2398/2398 2397/2397/2397 2396/2396/2396
f 2398/2398/2398 2396/2396/2396 2399/2399/2399
f 2402/2402/2402 2401/2401/2401 2400/2400/2400
f 2405/2405/2405 2404/2404/2404 2403/2403/2403
f 2405/2405/2405 2403/2403/2403 2406/2406/2406
f 2409/2409/2409 2408/2408/2408 2407/2407/2407
f 2412/2412/2412 2411/2411/2411 2410/2410/2410
f 2412/2412/2412 2410/2410/2410 2413/2413/2413
f 2416/2416/2416 2415/2415/2415 2414/2414/2414
f 2419/2419/2419 2418/2418/2418 2417/2417/2417
f 2419/2419/2419 2417/2417/2417 2420/2420/2420
f 2423/2423/2423 2422/2422/2422 2421/2421/2421
f 2426/2426/2426 2425/2425/2425 2424/2424/2424
f 2426/2426/2426 2424/2424/2424 2427/2427/2427
f 2430/2430/2430 2429/2429/2429 2428/2428/2428
f 2433/2433/2433 2432/2432/2432 2431/2431/2431
f 2433/2433/2433 2431/2431/2431 2434/2434/2434
f 2437/2437/2437 2436/2436/2436 2435/2435/2435
f 2440/2440/2440 2439/2439/2439 2438/2438/2438
f 2440/2440/2440 2438/2438/2438 2441/2441/2441
f 2444/2444/2444 2443/2443/2443 2442/2442/2442
f 2447/2447/2447 2446/2446/2446 2445/2445/2445
f 2447/2447/2447 2445/2445/2445 2448/2448/2448
o 圆柱体 4
v -0.4475237 0.5501079 0.4435279
v -0.4371441 0.5454242 0.4306413
v -0.396717 0.5492777 0.461803
v -0.4070966 0.5539613 0.4746896
v -0.4371441 0.5454242 0.4306413
v -0.4267645 0.5407406 0.4177547
v -0.3863374 0.544594 0.4489163
v -0.396717 0.5492777 0.461803
v -0.4842397 0.5616029 0.409777
v -0.4738601 0.5569192 0.3968904
v -0.4371441 0.5454242 0.4306413
v -0.4475237 0.5501079 0.4435279
v -0.4738601 0.5569192 0.3968904
v -0.4634805 0.5522355 0.3840037
v -0.4267645 0.5407406 0.4177547
v -0.4371441 0.5454242 0.4306413
v -0.5136505 0.587321 0.3767406
v -0.5032709 0.5826374 0.363854
v -0.4738601 0.5569192 0.3968904
v -0.4842397 0.5616029 0.409777
v -0.5032709 0.5826374 0.363854
v -0.4928913 0.5779537 0.3509673
v -0.4634805 0.5522355 0.3840037
v -0.4738601 0.5569192 0.3968904
v -0.5328773 0.6247448 0.3476526
v -0.5224978 0.6200612 0.3347659
v -0.5032709 0.5826374 0.363854
v -0.5136505 0.587321 0.3767406
v -0.5224978 0.6200612 0.3347659
v -0.5121182 0.6153775 0.3218793
v -0.4928913 0.5779537 0.3509673
v -0.5032709 0.5826374 0.363854
v -0.540038 0.6702111 0.3253602
v -0.5296584 0.6655274 0.3124735
v -0.5224978 0.6200612 0.3347659
v -0.5328773 0.6247448 0.3476526
v -0.5296584 0.6655274 0.3124735
v -0.5192788 0.6608437 0.2995869
v -0.5121182 0.6153775 0.3218793
v -0.5224978 0.6200612 0.3347659
v -0.5344317 0.7192692 0.3120456
v -0.5240521 0.7145855 0.299159
v -0.5296584 0.6655274 0.3124735
v -0.540038 0.6702111 0.3253602
v -0.5240521 0.7145855 0.299159
v -0.5136725 0.7099018 0.2862723
v -0.5192788 0.6608437 0.2995869
v -0.5296584 0.6655274 0.3124735
v -0.516607 0.7671169 0.3090123
v -0.5062274 0.7624332 0.2961257
v -0.5240521 0.7145855 0.299159
v -0.5344317 0.7192692 0.3120456
v -0.5062274 0.7624332 0.2961257
v -0.4958478 0.7577496 0.283239
v -0.5136725 0.7099018 0.2862723
v -0.5240521 0.7145855 0.299159
v -0.4883089 0.8090707 0.3165569
v -0.4779293 0.8043871 0.3036703
v -0.5062274 0.7624332 0.2961257
v -0.516607 0.7671169 0.3090123
v -0.4779293 0.8043871 0.3036703
v -0.4675497 0.7997034 0.2907836
v -0.4958478 0.7577496 0.283239
v -0.5062274 0.7624332 0.2961257
v -0.4523073 0.8410238 0.3339412
v -0.4419278 0.8363402 0.3210546
v -0.4779293 0.8043871 0.3036703
v -0.4883089 0.8090707 0.3165569
v -0.4419278 0.8363402 0.3210546
v -0.4315481 0.8316565 0.3081679
v -0.4675497 0.7997034 0.2907836
v -0.4779293 0.8043871 0.3036703
v -0.4121265 0.8598484 0.3594633
v -0.4017468 0.8551648 0.3465767
v -0.4419278 0.8363402 0.3210546
v -0.4523073 0.8410238 0.3339412
v -0.4017468 0.8551648 0.3465767
v -0.3913672 0.8504811 0.33369
v -0.4315481 0.8316565 0.3081679
v -0.4419278 0.8363402 0.3210546
v -0.3716993 0.8637018 0.390625
v -0.3613198 0.8590182 0.3777383
v -0.4017468 0.8551648 0.3465767
v -0.4121265 0.8598484 0.3594633
v -0.3613198 0.8590182 0.3777383
v -0.3509401 0.8543345 0.3648517
v -0.3913672 0.8504811 0.33369
v -0.4017468 0.8551648 0.3465767
v -0.3349833 0.8522068 0.4243759
v -0.3246037 0.8475232 0.4114893
v -0.3613198 0.8590182 0.3777383
v -0.3716993 0.8637018 0.390625
v -0.3246037 0.8475232 0.4114893
v -0.3142241 0.8428395 0.3986026
v -0.3509401 0.8543345 0.3648517
v -0.3613198 0.8590182 0.3777383
v -0.3055725 0.8264887 0.4574124
v -0.2951928 0.8218051 0.4445257
v -0.3246037 0.8475232 0.4114893
v -0.3349833 0.8522068 0.4243759
v -0.2951928 0.8218051 0.4445257
v -0.2848132 0.8171214 0.4316391
v -0.3142241 0.8428395 0.3986026
v -0.3246037 0.8475232 0.4114893
v -0.2863457 0.7890649 0.4865004
v -0.275966 0.7843813 0.4736137
v -0.2951928 0.8218051 0.4445257
v -0.3055725 0.8264887 0.4574124
v -0.275966 0.7843813 0.4736137
v -0.2655864 0.7796976 0.4607271
v -0.2848132 0.8171214 0.4316391
v -0.2951928 0.8218051 0.4445257
v -0.279185 0.7435987 0.5087928
v -0.2688054 0.738915 0.4959061
v -0.275966 0.7843813 0.4736137
v -0.2863457 0.7890649 0.4865004
v -0.2688054 0.738915 0.4959061
v -0.2584257 0.7342314 0.4830195
v -0.2655864 0.7796976 0.4607271
v -0.275966 0.7843813 0.4736137
v -0.2847914 0.6945406 0.5221073
v -0.2744117 0.6898569 0.5092207
v -0.2688054 0.738915 0.4959061
v -0.279185 0.7435987 0.5087928
v -0.2744117 0.6898569 0.5092207
v -0.2640321 0.6851733 0.496334
v -0.2584257 0.7342314 0.4830195
v -0.2688054 0.738915 0.4959061
v -0.302616 0.6466928 0.5251406
v -0.2922364 0.6420091 0.512254
v -0.2744117 0.6898569 0.5092207
v -0.2847914 0.6945406 0.5221073
v -0.2922364 0.6420091 0.512254
v -0.2818568 0.6373255 0.4993674
v -0.2640321 0.6851733 0.496334
v -0.2744117 0.6898569 0.5092207
v -0.3309141 0.604739 0.5175959
v -0.3205345 0.6000553 0.5047093
v -0.2922364 0.6420091 0.512254
v -0.302616 0.6466928 0.5251406
v -0.3205345 0.6000553 0.5047093
v -0.3101549 0.5953717 0.4918227
v -0.2818568 0.6373255 0.4993674
v -0.2922364 0.6420091 0.512254
v -0.3669157 0.5727859 0.5002117
v -0.3565361 0.5681022 0.4873251
v -0.3205345 0.6000553 0.5047093
v -0.3309141 0.604739 0.5175959
v -0.3565361 0.5681022 0.4873251
v -0.3461564 0.5634186 0.4744384
v -0.3101549 0.5953717 0.4918227
v -0.3205345 0.6000553 0.5047093
v -0.4070966 0.5539613 0.4746896
v -0.396717 0.5492777 0.461803
v -0.3565361 0.5681022 0.4873251
v -0.3669157 0.5727859 0.5002117
v -0.396717 0.5492777 0.461803
v -0.3863374 0.544594 0.4489163
v -0.3461564 0.5634186 0.4744384
v -0.3565361 0.5681022 0.4873251
v -0.3888523 0.6975375 0.3913032
v -0.3875948 0.6210658 0.4201097
v -0.4078084 0.6191391 0.4045289
v -0.3875948 0.6210658 0.4201097
v -0.3863374 0.544594 0.4489163
v -0.4267645 0.5407406 0.4177547
v -0.4078084 0.6191391 0.4045289
v -0.3888523 0.6975375 0.3913032
v -0.4078084 0.6191391 0.4045289
v -0.4261664 0.6248865 0.3876535
v -0.4078084 0.6191391 0.4045289
v -0.4267645 0.5407406 0.4177547
v -0.4634805 0.5522355 0.3840037
v -0.4261664 0.6248865 0.3876535
v -0.3888523 0.6975375 0.3913032
v -0.4261664 0.6248865 0.3876535
v -0.4408718 0.6377456 0.3711352
v -0.4261664 0.6248865 0.3876535
v -0.4634805 0.5522355 0.3840037
v -0.4928913 0.5779537 0.3509673
v -0.4408718 0.6377456 0.3711352
v -0.3888523 0.6975375 0.3913032
v -0.4408718 0.6377456 0.3711352
v -0.4504852 0.6564575 0.3565912
v -0.4408718 0.6377456 0.3711352
v -0.4928913 0.5779537 0.3509673
v -0.5121182 0.6153775 0.3218793
v -0.4504852 0.6564575 0.3565912
v -0.3888523 0.6975375 0.3913032
v -0.4504852 0.6564575 0.3565912
v -0.4540656 0.6791906 0.345445
v -0.4504852 0.6564575 0.3565912
v -0.5121182 0.6153775 0.3218793
v -0.5192788 0.6608437 0.2995869
v -0.4540656 0.6791906 0.345445
v -0.3888523 0.6975375 0.3913032
v -0.4540656 0.6791906 0.345445
v -0.4512624 0.7037197 0.3387878
v -0.4540656 0.6791906 0.345445
v -0.5192788 0.6608437 0.2995869
v -0.5136725 0.7099018 0.2862723
v -0.4512624 0.7037197 0.3387878
v -0.3888523 0.6975375 0.3913032
v -0.4512624 0.7037197 0.3387878
v -0.4423501 0.7276435 0.3372711
v -0.4512624 0.7037197 0.3387878
v -0.5136725 0.7099018 0.2862723
v -0.4958478 0.7577496 0.283239
v -0.4423501 0.7276435 0.3372711
v -0.3888523 0.6975375 0.3913032
v -0.4423501 0.7276435 0.3372711
v -0.428201 0.7486205 0.3410434
v -0.4423501 0.7276435 0.3372711
v -0.4958478 0.7577496 0.283239
v -0.4675497 0.7997034 0.2907836
v -0.428201 0.7486205 0.3410434
v -0.3888523 0.6975375 0.3913032
v -0.428201 0.7486205 0.3410434
v -0.4102002 0.764597 0.3497356
v -0.428201 0.7486205 0.3410434
v -0.4675497 0.7997034 0.2907836
v -0.4315481 0.8316565 0.3081679
v -0.4102002 0.764597 0.3497356
v -0.3888523 0.6975375 0.3913032
v -0.4102002 0.764597 0.3497356
v -0.3901098 0.7740093 0.3624966
v -0.4102002 0.764597 0.3497356
v -0.4315481 0.8316565 0.3081679
v -0.3913672 0.8504811 0.33369
v -0.3901098 0.7740093 0.3624966
v -0.3888523 0.6975375 0.3913032
v -0.3901098 0.7740093 0.3624966
v -0.3698962 0.775936 0.3780774
v -0.3901098 0.7740093 0.3624966
v -0.3913672 0.8504811 0.33369
v -0.3509401 0.8543345 0.3648517
v -0.3698962 0.775936 0.3780774
v -0.3888523 0.6975375 0.3913032
v -0.3698962 0.775936 0.3780774
v -0.3515382 0.7701885 0.3949529
v -0.3698962 0.775936 0.3780774
v -0.3509401 0.8543345 0.3648517
v -0.3142241 0.8428395 0.3986026
v -0.3515382 0.7701885 0.3949529
v -0.3888523 0.6975375 0.3913032
v -0.3515382 0.7701885 0.3949529
v -0.3368328 0.7573295 0.4114711
v -0.3515382 0.7701885 0.3949529
v -0.3142241 0.8428395 0.3986026
v -0.2848132 0.8171214 0.4316391
v -0.3368328 0.7573295 0.4114711
v -0.3888523 0.6975375 0.3913032
v -0.3368328 0.7573295 0.4114711
v -0.3272194 0.7386175 0.4260151
v -0.3368328 0.7573295 0.4114711
v -0.2848132 0.8171214 0.4316391
v -0.2655864 0.7796976 0.4607271
v -0.3272194 0.7386175 0.4260151
v -0.3888523 0.6975375 0.3913032
v -0.3272194 0.7386175 0.4260151
v -0.323639 0.7158844 0.4371613
v -0.3272194 0.7386175 0.4260151
v -0.2655864 0.7796976 0.4607271
v -0.2584257 0.7342314 0.4830195
v -0.323639 0.7158844 0.4371613
v -0.3888523 0.6975375 0.3913032
v -0.323639 0.7158844 0.4371613
v -0.3264422 0.6913554 0.4438186
v -0.323639 0.7158844 0.4371613
v -0.2584257 0.7342314 0.4830195
v -0.2640321 0.6851733 0.496334
v -0.3264422 0.6913554 0.4438186
v -0.3888523 0.6975375 0.3913032
v -0.3264422 0.6913554 0.4438186
v -0.3353545 0.6674315 0.4453353
v -0.3264422 0.6913554 0.4438186
v -0.2640321 0.6851733 0.496334
v -0.2818568 0.6373255 0.4993674
v -0.3353545 0.6674315 0.4453353
v -0.3888523 0.6975375 0.3913032
v -0.3353545 0.6674315 0.4453353
v -0.3495036 0.6464546 0.4415629
v -0.3353545 0.6674315 0.4453353
v -0.2818568 0.6373255 0.4993674
v -0.3101549 0.5953717 0.4918227
v -0.3495036 0.6464546 0.4415629
v -0.3888523 0.6975375 0.3913032
v -0.3495036 0.6464546 0.4415629
v -0.3675044 0.6304781 0.4328708
v -0.3495036 0.6464546 0.4415629
v -0.3101549 0.5953717 0.4918227
v -0.3461564 0.5634186 0.4744384
v -0.3675044 0.6304781 0.4328708
v -0.3888523 0.6975375 0.3913032
v -0.3675044 0.6304781 0.4328708
v -0.3875948 0.6210658 0.4201097
v -0.3675044 0.6304781 0.4328708
v -0.3461564 0.5634186 0.4744384
v -0.3863374 0.544594 0.4489163
v -0.3875948 0.6210658 0.4201097
v -0.4096115 0.7069049 0.4170765
v -0.4083541 0.6304331 0.445883
v -0.3882636 0.6398454 0.4586441
v -0.4083541 0.6304331 0.445883
v -0.4070966 0.5539613 0.4746896
v -0.3669157 0.5727859 0.5002117
v -0.3882636 0.6398454 0.4586441
v -0.4096115 0.7069049 0.4170765
v -0.3882636 0.6398454 0.4586441
v -0.3702628 0.6558219 0.4673362
v -0.3882636 0.6398454 0.4586441
v -0.3669157 0.5727859 0.5002117
v -0.3309141 0.604739 0.5175959
v -0.3702628 0.6558219 0.4673362
v -0.4096115 0.7069049 0.4170765
v -0.3702628 0.6558219 0.4673362
v -0.3561138 0.6767988 0.4711086
v -0.3702628 0.6558219 0.4673362
v -0.3309141 0.604739 0.5175959
v -0.302616 0.6466928 0.5251406
v -0.3561138 0.6767988 0.4711086
v -0.4096115 0.7069049 0.4170765
v -0.3561138 0.6767988 0.4711086
v -0.3472014 0.7007227 0.4695919
v -0.3561138 0.6767988 0.4711086
v -0.302616 0.6466928 0.5251406
v -0.2847914 0.6945406 0.5221073
v -0.3472014 0.7007227 0.4695919
v -0.4096115 0.7069049 0.4170765
v -0.3472014 0.7007227 0.4695919
v -0.3443982 0.7252518 0.4629346
v -0.3472014 0.7007227 0.4695919
v -0.2847914 0.6945406 0.5221073
v -0.279185 0.7435987 0.5087928
v -0.3443982 0.7252518 0.4629346
v -0.4096115 0.7069049 0.4170765
v -0.3443982 0.7252518 0.4629346
v -0.3479786 0.7479849 0.4517884
v -0.3443982 0.7252518 0.4629346
v -0.279185 0.7435987 0.5087928
v -0.2863457 0.7890649 0.4865004
v -0.3479786 0.7479849 0.4517884
v -0.4096115 0.7069049 0.4170765
v -0.3479786 0.7479849 0.4517884
v -0.357592 0.7666968 0.4372444
v -0.3479786 0.7479849 0.4517884
v -0.2863457 0.7890649 0.4865004
v -0.3055725 0.8264887 0.4574124
v -0.357592 0.7666968 0.4372444
v -0.4096115 0.7069049 0.4170765
v -0.357592 0.7666968 0.4372444
v -0.3722974 0.7795559 0.4207262
v -0.357592 0.7666968 0.4372444
v -0.3055725 0.8264887 0.4574124
v -0.3349833 0.8522068 0.4243759
v -0.3722974 0.7795559 0.4207262
v -0.4096115 0.7069049 0.4170765
v -0.3722974 0.7795559 0.4207262
v -0.3906554 0.7853034 0.4038507
v -0.3722974 0.7795559 0.4207262
v -0.3349833 0.8522068 0.4243759
v -0.3716993 0.8637018 0.390625
v -0.3906554 0.7853034 0.4038507
v -0.4096115 0.7069049 0.4170765
v -0.3906554 0.7853034 0.4038507
v -0.410869 0.7833766 0.3882699
v -0.3906554 0.7853034 0.4038507
v -0.3716993 0.8637018 0.390625
v -0.4121265 0.8598484 0.3594633
v -0.410869 0.7833766 0.3882699
v -0.4096115 0.7069049 0.4170765
v -0.410869 0.7833766 0.3882699
v -0.4309594 0.7739643 0.3755088
v -0.410869 0.7833766 0.3882699
v -0.4121265 0.8598484 0.3594633
v -0.4523073 0.8410238 0.3339412
v -0.4309594 0.7739643 0.3755088
v -0.4096115 0.7069049 0.4170765
v -0.4309594 0.7739643 0.3755088
v -0.4489602 0.7579878 0.3668167
v -0.4309594 0.7739643 0.3755088
v -0.4523073 0.8410238 0.3339412
v -0.4883089 0.8090707 0.3165569
v -0.4489602 0.7579878 0.3668167
v -0.4096115 0.7069049 0.4170765
v -0.4489602 0.7579878 0.3668167
v -0.4631093 0.7370109 0.3630444
v -0.4489602 0.7579878 0.3668167
v -0.4883089 0.8090707 0.3165569
v -0.516607 0.7671169 0.3090123
v -0.4631093 0.7370109 0.3630444
v -0.4096115 0.7069049 0.4170765
v -0.4631093 0.7370109 0.3630444
v -0.4720216 0.713087 0.3645611
v -0.4631093 0.7370109 0.3630444
v -0.516607 0.7671169 0.3090123
v -0.5344317 0.7192692 0.3120456
v -0.4720216 0.713087 0.3645611
v -0.4096115 0.7069049 0.4170765
v -0.4720216 0.713087 0.3645611
v -0.4748248 0.688558 0.3712183
v -0.4720216 0.713087 0.3645611
v -0.5344317 0.7192692 0.3120456
v -0.540038 0.6702111 0.3253602
v -0.4748248 0.688558 0.3712183
v -0.4096115 0.7069049 0.4170765
v -0.4748248 0.688558 0.3712183
v -0.4712445 0.6658249 0.3823645
v -0.4748248 0.688558 0.3712183
v -0.540038 0.6702111 0.3253602
v -0.5328773 0.6247448 0.3476526
v -0.4712445 0.6658249 0.3823645
v -0.4096115 0.7069049 0.4170765
v -0.4712445 0.6658249 0.3823645
v -0.4616311 0.647113 0.3969085
v -0.4712445 0.6658249 0.3823645
v -0.5328773 0.6247448 0.3476526
v -0.5136505 0.587321 0.3767406
v -0.4616311 0.647113 0.3969085
v -0.4096115 0.7069049 0.4170765
v -0.4616311 0.647113 0.3969085
v -0.4469256 0.6342539 0.4134268
v -0.4616311 0.647113 0.3969085
v -0.5136505 0.587321 0.3767406
v -0.4842397 0.5616029 0.409777
v -0.4469256 0.6342539 0.4134268
v -0.4096115 0.7069049 0.4170765
v -0.4469256 0.6342539 0.4134268
v -0.4285676 0.6285064 0.4303022
v -0.4469256 0.6342539 0.4134268
v -0.4842397 0.5616029 0.409777
v -0.4475237 0.5501079 0.4435279
v -0.4285676 0.6285064 0.4303022
v -0.4096115 0.7069049 0.4170765
v -0.4285676 0.6285064 0.4303022
v -0.4083541 0.6304331 0.445883
v -0.4285676 0.6285064 0.4303022
v -0.4475237 0.5501079 0.4435279
v -0.4070966 0.5539613 0.4746896
v -0.4083541 0.6304331 0.445883
vn 0.231496 0.9592237 -0.1621713
vn 0.231496 0.9592237 -0.1621713
vn -0.01538615 0.9356956 -0.3524725
vn -0.01538615 0.9356956 -0.3524725
vn 0.231496 0.9592237 -0.1621713
vn 0.231496 0.9592237 -0.1621713
vn -0.01538615 0.9356956 -0.3524725
vn -0.01538615 0.9356956 -0.3524725
vn 0.4558248 0.8889791 0.04404575
vn 0.4558248 0.8889791 0.04404578
vn 0.231496 0.9592237 -0.1621713
vn 0.231496 0.9592237 -0.1621713
vn 0.4558248 0.8889791 0.04404578
vn 0.4558248 0.8889791 0.04404575
vn 0.231496 0.9592237 -0.1621713
vn 0.231496 0.9592237 -0.1621713
vn 0.6356623 0.7317024 0.2460591
vn 0.6356623 0.7317024 0.2460591
vn 0.4558248 0.8889791 0.04404578
vn 0.4558248 0.8889791 0.04404575
vn 0.6356623 0.7317024 0.2460591
vn 0.6356623 0.7317024 0.2460591
vn 0.4558248 0.8889791 0.04404575
vn 0.4558248 0.8889791 0.04404578
vn 0.7533208 0.5026639 0.4240721
vn 0.7533208 0.5026639 0.4240721
vn 0.6356623 0.7317024 0.2460591
vn 0.6356623 0.7317024 0.2460591
vn 0.7533208 0.5026639 0.4240721
vn 0.7533208 0.5026639 0.4240721
vn 0.6356623 0.7317024 0.2460591
vn 0.6356623 0.7317024 0.2460591
vn 0.7971623 0.2242711 0.5605665
vn 0.7971623 0.2242711 0.5605665
vn 0.7533208 0.5026639 0.4240721
vn 0.7533208 0.5026639 0.4240721
vn 0.7971623 0.2242711 0.5605665
vn 0.7971623 0.2242711 0.5605665
vn 0.7533208 0.5026639 0.4240721
vn 0.7533208 0.5026639 0.4240721
vn 0.7628377 -0.07611263 0.6420946
vn 0.7628377 -0.07611263 0.6420946
vn 0.7971623 0.2242711 0.5605665
vn 0.7971623 0.2242711 0.5605665
vn 0.7628377 -0.07611263 0.6420946
vn 0.7628377 -0.07611263 0.6420946
vn 0.7971623 0.2242711 0.5605665
vn 0.7971623 0.2242711 0.5605665
vn 0.6537607 -0.3689401 0.6606665
vn 0.6537607 -0.3689401 0.6606663
vn 0.7628377 -0.07611263 0.6420946
vn 0.7628377 -0.07611263 0.6420946
vn 0.6537607 -0.3689401 0.6606663
vn 0.6537607 -0.3689401 0.6606665
vn 0.7628377 -0.07611263 0.6420946
vn 0.7628377 -0.07611263 0.6420946
vn 0.4807279 -0.6254923 0.6145405
vn 0.4807279 -0.6254923 0.6145405
vn 0.6537607 -0.3689401 0.6606663
vn 0.6537607 -0.3689401 0.6606665
vn 0.4807279 -0.6254923 0.6145405
vn 0.4807279 -0.6254923 0.6145405
vn 0.6537607 -0.3689401 0.6606665
vn 0.6537607 -0.3689401 0.6606663
vn 0.2607646 -0.8207327 0.5083303
vn 0.2607646 -0.8207327 0.5083303
vn 0.4807279 -0.6254923 0.6145405
vn 0.4807279 -0.6254923 0.6145405
vn 0.2607646 -0.8207327 0.5083303
vn 0.2607646 -0.8207327 0.5083303
vn 0.4807279 -0.6254923 0.6145405
vn 0.4807279 -0.6254923 0.6145405
vn 0.01538613 -0.9356956 0.3524725
vn 0.01538613 -0.9356956 0.3524725
vn 0.2607646 -0.8207327 0.5083303
vn 0.2607646 -0.8207327 0.5083303
vn 0.01538613 -0.9356956 0.3524725
vn 0.01538613 -0.9356956 0.3524725
vn 0.2607646 -0.8207327 0.5083303
vn 0.2607646 -0.8207327 0.5083303
vn -0.2314962 -0.9592236 0.1621712
vn -0.2314961 -0.9592236 0.1621712
vn 0.01538613 -0.9356956 0.3524725
vn 0.01538613 -0.9356956 0.3524725
vn -0.2314961 -0.9592236 0.1621712
vn -0.2314962 -0.9592236 0.1621712
vn 0.01538613 -0.9356956 0.3524725
vn 0.01538613 -0.9356956 0.3524725
vn -0.4558248 -0.8889791 -0.04404578
vn -0.4558248 -0.8889791 -0.04404578
vn -0.2314961 -0.9592236 0.1621712
vn -0.2314962 -0.9592236 0.1621712
vn -0.4558248 -0.8889791 -0.04404578
vn -0.4558248 -0.8889791 -0.04404578
vn -0.2314962 -0.9592236 0.1621712
vn -0.2314961 -0.9592236 0.1621712
vn -0.6356621 -0.7317026 -0.246059
vn -0.6356621 -0.7317026 -0.246059
vn -0.4558248 -0.8889791 -0.04404578
vn -0.4558248 -0.8889791 -0.04404578
vn -0.6356621 -0.7317026 -0.246059
vn -0.6356621 -0.7317026 -0.246059
vn -0.4558248 -0.8889791 -0.04404578
vn -0.4558248 -0.8889791 -0.04404578
vn -0.7533208 -0.5026639 -0.4240721
vn -0.7533208 -0.5026639 -0.4240721
vn -0.6356621 -0.7317026 -0.246059
vn -0.6356621 -0.7317026 -0.246059
vn -0.7533208 -0.5026639 -0.4240721
vn -0.7533208 -0.5026639 -0.4240721
vn -0.6356621 -0.7317026 -0.246059
vn -0.6356621 -0.7317026 -0.246059
vn -0.7971623 -0.2242711 -0.5605665
vn -0.7971623 -0.2242711 -0.5605665
vn -0.7533208 -0.5026639 -0.4240721
vn -0.7533208 -0.5026639 -0.4240721
vn -0.7971623 -0.2242711 -0.5605665
vn -0.7971623 -0.2242711 -0.5605665
vn -0.7533208 -0.5026639 -0.4240721
vn -0.7533208 -0.5026639 -0.4240721
vn -0.7628377 0.07611254 -0.6420946
vn -0.7628377 0.07611254 -0.6420946
vn -0.7971623 -0.2242711 -0.5605665
vn -0.7971623 -0.2242711 -0.5605665
vn -0.7628377 0.07611254 -0.6420946
vn -0.7628377 0.07611254 -0.6420946
vn -0.7971623 -0.2242711 -0.5605665
vn -0.7971623 -0.2242711 -0.5605665
vn -0.6537605 0.3689406 -0.6606665
vn -0.6537605 0.3689407 -0.6606663
vn -0.7628377 0.07611254 -0.6420946
vn -0.7628377 0.07611254 -0.6420946
vn -0.6537605 0.3689407 -0.6606663
vn -0.6537605 0.3689406 -0.6606665
vn -0.7628377 0.07611254 -0.6420946
vn -0.7628377 0.07611254 -0.6420946
vn -0.4807276 0.6254926 -0.6145403
vn -0.4807276 0.6254926 -0.6145403
vn -0.6537605 0.3689407 -0.6606663
vn -0.6537605 0.3689406 -0.6606665
vn -0.4807276 0.6254926 -0.6145403
vn -0.4807276 0.6254926 -0.6145403
vn -0.6537605 0.3689406 -0.6606665
vn -0.6537605 0.3689407 -0.6606663
vn -0.2607647 0.8207326 -0.5083304
vn -0.2607647 0.8207325 -0.5083304
vn -0.4807276 0.6254926 -0.6145403
vn -0.4807276 0.6254926 -0.6145403
vn -0.2607647 0.8207325 -0.5083304
vn -0.2607647 0.8207326 -0.5083304
vn -0.4807276 0.6254926 -0.6145403
vn -0.4807276 0.6254926 -0.6145403
vn -0.01538615 0.9356956 -0.3524725
vn -0.01538615 0.9356956 -0.3524725
vn -0.2607647 0.8207325 -0.5083304
vn -0.2607647 0.8207326 -0.5083304
vn -0.01538615 0.9356956 -0.3524725
vn -0.01538615 0.9356956 -0.3524725
vn -0.2607647 0.8207326 -0.5083304
vn -0.2607647 0.8207325 -0.5083304
vn -0.603569 0.2723528 0.749352
vn -0.603569 0.2723528 0.749352
vn -0.603569 0.2723528 0.749352
vn -0.603569 0.2723528 0.749352
vn -0.603569 0.2723528 0.749352
vn -0.603569 0.2723528 0.749352
vn -0.603569 0.2723528 0.749352
vn -0.603569 0.2723528 0.749352
vn -0.603569 0.2723528 0.749352
vn -0.603569 0.2723528 0.749352
vn -0.603569 0.2723528 0.749352
vn -0.603569 0.2723528 0.749352
vn -0.603569 0.2723528 0.749352
vn -0.603569 0.2723528 0.749352
vn -0.603569 0.2723528 0.749352
vn -0.603569 0.2723528 0.749352
vn -0.603569 0.2723528 0.749352
vn -0.603569 0.2723528 0.749352
vn -0.603569 0.2723528 0.749352
vn -0.603569 0.2723528 0.749352
vn -0.603569 0.2723528 0.749352
vn -0.603569 0.2723528 0.749352
vn -0.603569 0.2723528 0.749352
vn -0.603569 0.2723528 0.749352
vn -0.603569 0.2723528 0.749352
vn -0.603569 0.2723528 0.749352
vn -0.603569 0.2723528 0.749352
vn -0.603569 0.2723528 0.749352
vn -0.603569 0.2723528 0.749352
vn -0.603569 0.2723528 0.749352
vn -0.603569 0.2723528 0.749352
vn -0.603569 0.2723528 0.749352
vn -0.603569 0.2723528 0.749352
vn -0.603569 0.2723528 0.749352
vn -0.603569 0.2723528 0.749352
vn -0.603569 0.2723528 0.749352
vn -0.603569 0.2723528 0.749352
vn -0.603569 0.2723528 0.749352
vn -0.603569 0.2723528 0.749352
vn -0.603569 0.2723528 0.749352
vn -0.603569 0.2723528 0.749352
vn -0.603569 0.2723528 0.749352
vn -0.603569 0.2723528 0.749352
vn -0.603569 0.2723528 0.749352
vn -0.603569 0.2723528 0.749352
vn -0.603569 0.2723528 0.749352
vn -0.603569 0.2723528 0.749352
vn -0.603569 0.2723528 0.749352
vn -0.603569 0.2723528 0.749352
vn -0.603569 0.2723528 0.749352
vn -0.603569 0.2723528 0.749352
vn -0.603569 0.2723528 0.749352
vn -0.603569 0.2723528 0.749352
vn -0.603569 0.2723528 0.749352
vn -0.603569 0.2723528 0.749352
vn -0.603569 0.2723528 0.749352
vn -0.603569 0.2723528 0.749352
vn -0.603569 0.2723528 0.749352
vn -0.603569 0.2723528 0.749352
vn -0.603569 0.2723528 0.749352
vn -0.603569 0.2723528 0.749352
vn -0.603569 0.2723528 0.749352
vn -0.603569 0.2723528 0.749352
vn -0.603569 0.2723528 0.749352
vn -0.603569 0.2723528 0.749352
vn -0.603569 0.2723528 0.749352
vn -0.603569 0.2723528 0.749352
vn -0.603569 0.2723528 0.749352
vn -0.603569 0.2723528 0.749352
vn -0.603569 0.2723528 0.749352
vn -0.603569 0.2723528 0.749352
vn -0.603569 0.2723528 0.749352
vn -0.603569 0.2723528 0.749352
vn -0.603569 0.2723528 0.749352
vn -0.603569 0.2723528 0.749352
vn -0.603569 0.2723528 0.749352
vn -0.603569 0.2723528 0.749352
vn -0.603569 0.2723528 0.749352
vn -0.603569 0.2723528 0.749352
vn -0.603569 0.2723528 0.749352
vn -0.603569 0.2723528 0.749352
vn -0.603569 0.2723528 0.749352
vn -0.603569 0.2723528 0.749352
vn -0.603569 0.2723528 0.749352
vn -0.603569 0.2723528 0.749352
vn -0.603569 0.2723528 0.749352
vn -0.603569 0.2723528 0.749352
vn -0.603569 0.2723528 0.749352
vn -0.603569 0.2723528 0.749352
vn -0.603569 0.2723528 0.749352
vn -0.603569 0.2723528 0.749352
vn -0.603569 0.2723528 0.749352
vn -0.603569 0.2723528 0.749352
vn -0.603569 0.2723528 0.749352
vn -0.603569 0.2723528 0.749352
vn -0.603569 0.2723528 0.749352
vn -0.603569 0.2723528 0.749352
vn -0.603569 0.2723528 0.749352
vn -0.603569 0.2723528 0.749352
vn -0.603569 0.2723528 0.749352
vn -0.603569 0.2723528 0.749352
vn -0.603569 0.2723528 0.749352
vn -0.603569 0.2723528 0.749352
vn -0.603569 0.2723528 0.749352
vn -0.603569 0.2723528 0.749352
vn -0.603569 0.2723528 0.749352
vn -0.603569 0.2723528 0.749352
vn -0.603569 0.2723528 0.749352
vn -0.603569 0.2723528 0.749352
vn -0.603569 0.2723528 0.749352
vn -0.603569 0.2723528 0.749352
vn -0.603569 0.2723528 0.749352
vn -0.603569 0.2723528 0.749352
vn -0.603569 0.2723528 0.749352
vn -0.603569 0.2723528 0.749352
vn -0.603569 0.2723528 0.749352
vn -0.603569 0.2723528 0.749352
vn -0.603569 0.2723528 0.749352
vn -0.603569 0.2723528 0.749352
vn -0.603569 0.2723528 0.749352
vn -0.603569 0.2723528 0.749352
vn -0.603569 0.2723528 0.749352
vn -0.603569 0.2723528 0.749352
vn -0.603569 0.2723528 0.749352
vn -0.603569 0.2723528 0.749352
vn -0.603569 0.2723528 0.749352
vn -0.603569 0.2723528 0.749352
vn -0.603569 0.2723528 0.749352
vn -0.603569 0.2723528 0.749352
vn -0.603569 0.2723528 0.749352
vn -0.603569 0.2723528 0.749352
vn -0.603569 0.2723528 0.749352
vn -0.603569 0.2723528 0.749352
vn -0.603569 0.2723528 0.749352
vn -0.603569 0.2723528 0.749352
vn -0.603569 0.2723528 0.749352
vn -0.603569 0.2723528 0.749352
vn -0.603569 0.2723528 0.749352
vn -0.603569 0.2723528 0.749352
vn -0.603569 0.2723528 0.749352
vn 0.603569 -0.2723528 -0.749352
vn 0.603569 -0.2723528 -0.749352
vn 0.603569 -0.2723528 -0.749352
vn 0.603569 -0.2723528 -0.749352
vn 0.603569 -0.2723528 -0.749352
vn 0.603569 -0.2723528 -0.749352
vn 0.603569 -0.2723528 -0.749352
vn 0.603569 -0.2723528 -0.749352
vn 0.603569 -0.2723528 -0.749352
vn 0.603569 -0.2723528 -0.749352
vn 0.603569 -0.2723528 -0.749352
vn 0.603569 -0.2723528 -0.749352
vn 0.603569 -0.2723528 -0.749352
vn 0.603569 -0.2723528 -0.749352
vn 0.603569 -0.2723528 -0.749352
vn 0.603569 -0.2723528 -0.749352
vn 0.603569 -0.2723528 -0.749352
vn 0.603569 -0.2723528 -0.749352
vn 0.603569 -0.2723528 -0.749352
vn 0.603569 -0.2723528 -0.749352
vn 0.603569 -0.2723528 -0.749352
vn 0.603569 -0.2723528 -0.749352
vn 0.603569 -0.2723528 -0.749352
vn 0.603569 -0.2723528 -0.749352
vn 0.603569 -0.2723528 -0.749352
vn 0.603569 -0.2723528 -0.749352
vn 0.603569 -0.2723528 -0.749352
vn 0.603569 -0.2723528 -0.749352
vn 0.603569 -0.2723528 -0.749352
vn 0.603569 -0.2723528 -0.749352
vn 0.603569 -0.2723528 -0.749352
vn 0.603569 -0.2723528 -0.749352
vn 0.603569 -0.2723528 -0.749352
vn 0.603569 -0.2723528 -0.749352
vn 0.603569 -0.2723528 -0.749352
vn 0.603569 -0.2723528 -0.749352
vn 0.603569 -0.2723528 -0.749352
vn 0.603569 -0.2723528 -0.749352
vn 0.603569 -0.2723528 -0.749352
vn 0.603569 -0.2723528 -0.749352
vn 0.603569 -0.2723528 -0.749352
vn 0.603569 -0.2723528 -0.749352
vn 0.603569 -0.2723528 -0.749352
vn 0.603569 -0.2723528 -0.749352
vn 0.603569 -0.2723528 -0.749352
vn 0.603569 -0.2723528 -0.749352
vn 0.603569 -0.2723528 -0.749352
vn 0.603569 -0.2723528 -0.749352
vn 0.603569 -0.2723528 -0.749352
vn 0.603569 -0.2723528 -0.749352
vn 0.603569 -0.2723528 -0.749352
vn 0.603569 -0.2723528 -0.749352
vn 0.603569 -0.2723528 -0.749352
vn 0.603569 -0.2723528 -0.749352
vn 0.603569 -0.2723528 -0.749352
vn 0.603569 -0.2723528 -0.749352
vn 0.603569 -0.2723528 -0.749352
vn 0.603569 -0.2723528 -0.749352
vn 0.603569 -0.2723528 -0.749352
vn 0.603569 -0.2723528 -0.749352
vn 0.603569 -0.2723528 -0.749352
vn 0.603569 -0.2723528 -0.749352
vn 0.603569 -0.2723528 -0.749352
vn 0.603569 -0.2723528 -0.749352
vn 0.603569 -0.2723528 -0.749352
vn 0.603569 -0.2723528 -0.749352
vn 0.603569 -0.2723528 -0.749352
vn 0.603569 -0.2723528 -0.749352
vn 0.603569 -0.2723528 -0.749352
vn 0.603569 -0.2723528 -0.749352
vn 0.603569 -0.2723528 -0.749352
vn 0.603569 -0.2723528 -0.749352
vn 0.603569 -0.2723528 -0.749352
vn 0.603569 -0.2723528 -0.749352
vn 0.603569 -0.2723528 -0.749352
vn 0.603569 -0.2723528 -0.749352
vn 0.603569 -0.2723528 -0.749352
vn 0.603569 -0.2723528 -0.749352
vn 0.603569 -0.2723528 -0.749352
vn 0.603569 -0.2723528 -0.749352
vn 0.603569 -0.2723528 -0.749352
vn 0.603569 -0.2723528 -0.749352
vn 0.603569 -0.2723528 -0.749352
vn 0.603569 -0.2723528 -0.749352
vn 0.603569 -0.2723528 -0.749352
vn 0.603569 -0.2723528 -0.749352
vn 0.603569 -0.2723528 -0.749352
vn 0.603569 -0.2723528 -0.749352
vn 0.603569 -0.2723528 -0.749352
vn 0.603569 -0.2723528 -0.749352
vn 0.603569 -0.2723528 -0.749352
vn 0.603569 -0.2723528 -0.749352
vn 0.603569 -0.2723528 -0.749352
vn 0.603569 -0.2723528 -0.749352
vn 0.603569 -0.2723528 -0.749352
vn 0.603569 -0.2723528 -0.749352
vn 0.603569 -0.2723528 -0.749352
vn 0.603569 -0.2723528 -0.749352
vn 0.603569 -0.2723528 -0.749352
vn 0.603569 -0.2723528 -0.749352
vn 0.603569 -0.2723528 -0.749352
vn 0.603569 -0.2723528 -0.749352
vn 0.603569 -0.2723528 -0.749352
vn 0.603569 -0.2723528 -0.749352
vn 0.603569 -0.2723528 -0.749352
vn 0.603569 -0.2723528 -0.749352
vn 0.603569 -0.2723528 -0.749352
vn 0.603569 -0.2723528 -0.749352
vn 0.603569 -0.2723528 -0.749352
vn 0.603569 -0.2723528 -0.749352
vn 0.603569 -0.2723528 -0.749352
vn 0.603569 -0.2723528 -0.749352
vn 0.603569 -0.2723528 -0.749352
vn 0.603569 -0.2723528 -0.749352
vn 0.603569 -0.2723528 -0.749352
vn 0.603569 -0.2723528 -0.749352
vn 0.603569 -0.2723528 -0.749352
vn 0.603569 -0.2723528 -0.749352
vn 0.603569 -0.2723528 -0.749352
vn 0.603569 -0.2723528 -0.749352
vn 0.603569 -0.2723528 -0.749352
vn 0.603569 -0.2723528 -0.749352
vn 0.603569 -0.2723528 -0.749352
vn 0.603569 -0.2723528 -0.749352
vn 0.603569 -0.2723528 -0.749352
vn 0.603569 -0.2723528 -0.749352
vn 0.603569 -0.2723528 -0.749352
vn 0.603569 -0.2723528 -0.749352
vn 0.603569 -0.2723528 -0.749352
vn 0.603569 -0.2723528 -0.749352
vn 0.603569 -0.2723528 -0.749352
vn 0.603569 -0.2723528 -0.749352
vn 0.603569 -0.2723528 -0.749352
vn 0.603569 -0.2723528 -0.749352
vn 0.603569 -0.2723528 -0.749352
vn 0.603569 -0.2723528 -0.749352
vn 0.603569 -0.2723528 -0.749352
vn 0.603569 -0.2723528 -0.749352
vn 0.603569 -0.2723528 -0.749352
vn 0.603569 -0.2723528 -0.749352
vt -0.05 0
vt -0.05 0.5
vt 0 0.5
vt 0 0
vt -0.05 0.5
vt -0.05 1
vt 0 1
vt 0 0.5
vt -0.1 0
vt -0.1 0.5
vt -0.05 0.5
vt -0.05 0
vt -0.1 0.5
vt -0.1 1
vt -0.05 1
vt -0.05 0.5
vt -0.15 0
vt -0.15 0.5
vt -0.1 0.5
vt -0.1 0
vt -0.15 0.5
vt -0.15 1
vt -0.1 1
vt -0.1 0.5
vt -0.2 0
vt -0.2 0.5
vt -0.15 0.5
vt -0.15 0
vt -0.2 0.5
vt -0.2 1
vt -0.15 1
vt -0.15 0.5
vt -0.25 0
vt -0.25 0.5
vt -0.2 0.5
vt -0.2 0
vt -0.25 0.5
vt -0.25 1
vt -0.2 1
vt -0.2 0.5
vt -0.3 0
vt -0.3 0.5
vt -0.25 0.5
vt -0.25 0
vt -0.3 0.5
vt -0.3 1
vt -0.25 1
vt -0.25 0.5
vt -0.35 0
vt -0.35 0.5
vt -0.3 0.5
vt -0.3 0
vt -0.35 0.5
vt -0.35 1
vt -0.3 1
vt -0.3 0.5
vt -0.4 0
vt -0.4 0.5
vt -0.35 0.5
vt -0.35 0
vt -0.4 0.5
vt -0.4 1
vt -0.35 1
vt -0.35 0.5
vt -0.45 0
vt -0.45 0.5
vt -0.4 0.5
vt -0.4 0
vt -0.45 0.5
vt -0.45 1
vt -0.4 1
vt -0.4 0.5
vt -0.5 0
vt -0.5 0.5
vt -0.45 0.5
vt -0.45 0
vt -0.5 0.5
vt -0.5 1
vt -0.45 1
vt -0.45 0.5
vt -0.55 0
vt -0.55 0.5
vt -0.5 0.5
vt -0.5 0
vt -0.55 0.5
vt -0.55 1
vt -0.5 1
vt -0.5 0.5
vt -0.6 0
vt -0.6 0.5
vt -0.55 0.5
vt -0.55 0
vt -0.6 0.5
vt -0.6 1
vt -0.55 1
vt -0.55 0.5
vt -0.65 0
vt -0.65 0.5
vt -0.6 0.5
vt -0.6 0
vt -0.65 0.5
vt -0.65 1
vt -0.6 1
vt -0.6 0.5
vt -0.7 0
vt -0.7 0.5
vt -0.65 0.5
vt -0.65 0
vt -0.7 0.5
vt -0.7 1
vt -0.65 1
vt -0.65 0.5
vt -0.75 0
vt -0.75 0.5
vt -0.7 0.5
vt -0.7 0
vt -0.75 0.5
vt -0.75 1
vt -0.7 1
vt -0.7 0.5
vt -0.8 0
vt -0.8 0.5
vt -0.75 0.5
vt -0.75 0
vt -0.8 0.5
vt -0.8 1
vt -0.75 1
vt -0.75 0.5
vt -0.85 0
vt -0.85 0.5
vt -0.8 0.5
vt -0.8 0
vt -0.85 0.5
vt -0.85 1
vt -0.8 1
vt -0.8 0.5
vt -0.9 0
vt -0.9 0.5
vt -0.85 0.5
vt -0.85 0
vt -0.9 0.5
vt -0.9 1
vt -0.85 1
vt -0.85 0.5
vt -0.95 0
vt -0.95 0.5
vt -0.9 0.5
vt -0.9 0
vt -0.95 0.5
vt -0.95 1
vt -0.9 1
vt -0.9 0.5
vt -1 0
vt -1 0.5
vt -0.95 0.5
vt -0.95 0
vt -1 0.5
vt -1 1
vt -0.95 1
vt -0.95 0.5
vt 0.5 0.5
vt 0.5 0.75
vt 0.5772542 0.7377641
vt 0.5 0.75
vt 0.5 1
vt 0.6545085 0.9755282
vt 0.5772542 0.7377641
vt 0.5 0.5
vt 0.5772542 0.7377641
vt 0.6469463 0.7022542
vt 0.5772542 0.7377641
vt 0.6545085 0.9755282
vt 0.7938926 0.9045085
vt 0.6469463 0.7022542
vt 0.5 0.5
vt 0.6469463 0.7022542
vt 0.7022542 0.6469463
vt 0.6469463 0.7022542
vt 0.7938926 0.9045085
vt 0.9045085 0.7938926
vt 0.7022542 0.6469463
vt 0.5 0.5
vt 0.7022542 0.6469463
vt 0.7377641 0.5772542
vt 0.7022542 0.6469463
vt 0.9045085 0.7938926
vt 0.9755282 0.6545085
vt 0.7377641 0.5772542
vt 0.5 0.5
vt 0.7377641 0.5772542
vt 0.75 0.5
vt 0.7377641 0.5772542
vt 0.9755282 0.6545085
vt 1 0.5
vt 0.75 0.5
vt 0.5 0.5
vt 0.75 0.5
vt 0.7377641 0.4227457
vt 0.75 0.5
vt 1 0.5
vt 0.9755282 0.3454915
vt 0.7377641 0.4227457
vt 0.5 0.5
vt 0.7377641 0.4227457
vt 0.7022542 0.3530537
vt 0.7377641 0.4227457
vt 0.9755282 0.3454915
vt 0.9045085 0.2061074
vt 0.7022542 0.3530537
vt 0.5 0.5
vt 0.7022542 0.3530537
vt 0.6469463 0.2977457
vt 0.7022542 0.3530537
vt 0.9045085 0.2061074
vt 0.7938926 0.09549147
vt 0.6469463 0.2977457
vt 0.5 0.5
vt 0.6469463 0.2977457
vt 0.5772542 0.2622359
vt 0.6469463 0.2977457
vt 0.7938926 0.09549147
vt 0.6545084 0.0244717
vt 0.5772542 0.2622359
vt 0.5 0.5
vt 0.5772542 0.2622359
vt 0.5 0.25
vt 0.5772542 0.2622359
vt 0.6545084 0.0244717
vt 0.5 0
vt 0.5 0.25
vt 0.5 0.5
vt 0.5 0.25
vt 0.4227458 0.2622359
vt 0.5 0.25
vt 0.5 0
vt 0.3454915 0.02447173
vt 0.4227458 0.2622359
vt 0.5 0.5
vt 0.4227458 0.2622359
vt 0.3530537 0.2977458
vt 0.4227458 0.2622359
vt 0.3454915 0.02447173
vt 0.2061073 0.09549153
vt 0.3530537 0.2977458
vt 0.5 0.5
vt 0.3530537 0.2977458
vt 0.2977457 0.3530537
vt 0.3530537 0.2977458
vt 0.2061073 0.09549153
vt 0.09549144 0.2061075
vt 0.2977457 0.3530537
vt 0.5 0.5
vt 0.2977457 0.3530537
vt 0.2622359 0.4227457
vt 0.2977457 0.3530537
vt 0.09549144 0.2061075
vt 0.02447176 0.3454915
vt 0.2622359 0.4227457
vt 0.5 0.5
vt 0.2622359 0.4227457
vt 0.25 0.5
vt 0.2622359 0.4227457
vt 0.02447176 0.3454915
vt 0 0.5
vt 0.25 0.5
vt 0.5 0.5
vt 0.25 0.5
vt 0.2622359 0.5772543
vt 0.25 0.5
vt 0 0.5
vt 0.02447176 0.6545086
vt 0.2622359 0.5772543
vt 0.5 0.5
vt 0.2622359 0.5772543
vt 0.2977458 0.6469464
vt 0.2622359 0.5772543
vt 0.02447176 0.6545086
vt 0.09549159 0.7938927
vt 0.2977458 0.6469464
vt 0.5 0.5
vt 0.2977458 0.6469464
vt 0.3530537 0.7022543
vt 0.2977458 0.6469464
vt 0.09549159 0.7938927
vt 0.2061075 0.9045086
vt 0.3530537 0.7022543
vt 0.5 0.5
vt 0.3530537 0.7022543
vt 0.4227458 0.7377641
vt 0.3530537 0.7022543
vt 0.2061075 0.9045086
vt 0.3454915 0.9755282
vt 0.4227458 0.7377641
vt 0.5 0.5
vt 0.4227458 0.7377641
vt 0.5000001 0.75
vt 0.4227458 0.7377641
vt 0.3454915 0.9755282
vt 0.5000001 1
vt 0.5000001 0.75
vt 0.5 0.5
vt 0.5000001 0.75
vt 0.4227458 0.7377641
vt 0.5000001 0.75
vt 0.5000001 1
vt 0.3454915 0.9755282
vt 0.4227458 0.7377641
vt 0.5 0.5
vt 0.4227458 0.7377641
vt 0.3530537 0.7022543
vt 0.4227458 0.7377641
vt 0.3454915 0.9755282
vt 0.2061075 0.9045086
vt 0.3530537 0.7022543
vt 0.5 0.5
vt 0.3530537 0.7022543
vt 0.2977458 0.6469464
vt 0.3530537 0.7022543
vt 0.2061075 0.9045086
vt 0.09549159 0.7938927
vt 0.2977458 0.6469464
vt 0.5 0.5
vt 0.2977458 0.6469464
vt 0.2622359 0.5772543
vt 0.2977458 0.6469464
vt 0.09549159 0.7938927
vt 0.02447176 0.6545086
vt 0.2622359 0.5772543
vt 0.5 0.5
vt 0.2622359 0.5772543
vt 0.25 0.5
vt 0.2622359 0.5772543
vt 0.02447176 0.6545086
vt 0 0.5
vt 0.25 0.5
vt 0.5 0.5
vt 0.25 0.5
vt 0.2622359 0.4227457
vt 0.25 0.5
vt 0 0.5
vt 0.02447176 0.3454915
vt 0.2622359 0.4227457
vt 0.5 0.5
vt 0.2622359 0.4227457
vt 0.2977457 0.3530537
vt 0.2622359 0.4227457
vt 0.02447176 0.3454915
vt 0.09549144 0.2061075
vt 0.2977457 0.3530537
vt 0.5 0.5
vt 0.2977457 0.3530537
vt 0.3530537 0.2977458
vt 0.2977457 0.3530537
vt 0.09549144 0.2061075
vt 0.2061073 0.09549153
vt 0.3530537 0.2977458
vt 0.5 0.5
vt 0.3530537 0.2977458
vt 0.4227458 0.2622359
vt 0.3530537 0.2977458
vt 0.2061073 0.09549153
vt 0.3454915 0.02447173
vt 0.4227458 0.2622359
vt 0.5 0.5
vt 0.4227458 0.2622359
vt 0.5 0.25
vt 0.4227458 0.2622359
vt 0.3454915 0.02447173
vt 0.5 0
vt 0.5 0.25
vt 0.5 0.5
vt 0.5 0.25
vt 0.5772542 0.2622359
vt 0.5 0.25
vt 0.5 0
vt 0.6545084 0.0244717
vt 0.5772542 0.2622359
vt 0.5 0.5
vt 0.5772542 0.2622359
vt 0.6469463 0.2977457
vt 0.5772542 0.2622359
vt 0.6545084 0.0244717
vt 0.7938926 0.09549147
vt 0.6469463 0.2977457
vt 0.5 0.5
vt 0.6469463 0.2977457
vt 0.7022542 0.3530537
vt 0.6469463 0.2977457
vt 0.7938926 0.09549147
vt 0.9045085 0.2061074
vt 0.7022542 0.3530537
vt 0.5 0.5
vt 0.7022542 0.3530537
vt 0.7377641 0.4227457
vt 0.7022542 0.3530537
vt 0.9045085 0.2061074
vt 0.9755282 0.3454915
vt 0.7377641 0.4227457
vt 0.5 0.5
vt 0.7377641 0.4227457
vt 0.75 0.5
vt 0.7377641 0.4227457
vt 0.9755282 0.3454915
vt 1 0.5
vt 0.75 0.5
vt 0.5 0.5
vt 0.75 0.5
vt 0.7377641 0.5772542
vt 0.75 0.5
vt 1 0.5
vt 0.9755282 0.6545085
vt 0.7377641 0.5772542
vt 0.5 0.5
vt 0.7377641 0.5772542
vt 0.7022542 0.6469463
vt 0.7377641 0.5772542
vt 0.9755282 0.6545085
vt 0.9045085 0.7938926
vt 0.7022542 0.6469463
vt 0.5 0.5
vt 0.7022542 0.6469463
vt 0.6469463 0.7022542
vt 0.7022542 0.6469463
vt 0.9045085 0.7938926
vt 0.7938926 0.9045085
vt 0.6469463 0.7022542
vt 0.5 0.5
vt 0.6469463 0.7022542
vt 0.5772542 0.7377641
vt 0.6469463 0.7022542
vt 0.7938926 0.9045085
vt 0.6545085 0.9755282
vt 0.5772542 0.7377641
vt 0.5 0.5
vt 0.5772542 0.7377641
vt 0.5 0.75
vt 0.5772542 0.7377641
vt 0.6545085 0.9755282
vt 0.5 1
vt 0.5 0.75
usemtl Default
f 2451/2451/2451 2450/2450/2450 2449/2449/2449
f 2451/2451/2451 2449/2449/2449 2452/2452/2452
f 2455/2455/2455 2454/2454/2454 2453/2453/2453
f 2455/2455/2455 2453/2453/2453 2456/2456/2456
f 2459/2459/2459 2458/2458/2458 2457/2457/2457
f 2459/2459/2459 2457/2457/2457 2460/2460/2460
f 2463/2463/2463 2462/2462/2462 2461/2461/2461
f 2463/2463/2463 2461/2461/2461 2464/2464/2464
f 2467/2467/2467 2466/2466/2466 2465/2465/2465
f 2467/2467/2467 2465/2465/2465 2468/2468/2468
f 2471/2471/2471 2470/2470/2470 2469/2469/2469
f 2471/2471/2471 2469/2469/2469 2472/2472/2472
f 2475/2475/2475 2474/2474/2474 2473/2473/2473
f 2475/2475/2475 2473/2473/2473 2476/2476/2476
f 2479/2479/2479 2478/2478/2478 2477/2477/2477
f 2479/2479/2479 2477/2477/2477 2480/2480/2480
f 2483/2483/2483 2482/2482/2482 2481/2481/2481
f 2483/2483/2483 2481/2481/2481 2484/2484/2484
f 2487/2487/2487 2486/2486/2486 2485/2485/2485
f 2487/2487/2487 2485/2485/2485 2488/2488/2488
f 2491/2491/2491 2490/2490/2490 2489/2489/2489
f 2491/2491/2491 2489/2489/2489 2492/2492/2492
f 2495/2495/2495 2494/2494/2494 2493/2493/2493
f 2495/2495/2495 2493/2493/2493 2496/2496/2496
f 2499/2499/2499 2498/2498/2498 2497/2497/2497
f 2499/2499/2499 2497/2497/2497 2500/2500/2500
f 2503/2503/2503 2502/2502/2502 2501/2501/2501
f 2503/2503/2503 2501/2501/2501 2504/2504/2504
f 2507/2507/2507 2506/2506/2506 2505/2505/2505
f 2507/2507/2507 2505/2505/2505 2508/2508/2508
f 2511/2511/2511 2510/2510/2510 2509/2509/2509
f 2511/2511/2511 2509/2509/2509 2512/2512/2512
f 2515/2515/2515 2514/2514/2514 2513/2513/2513
f 2515/2515/2515 2513/2513/2513 2516/2516/2516
f 2519/2519/2519 2518/2518/2518 2517/2517/2517
f 2519/2519/2519 2517/2517/2517 2520/2520/2520
f 2523/2523/2523 2522/2522/2522 2521/2521/2521
f 2523/2523/2523 2521/2521/2521 2524/2524/2524
f 2527/2527/2527 2526/2526/2526 2525/2525/2525
f 2527/2527/2527 2525/2525/2525 2528/2528/2528
f 2531/2531/2531 2530/2530/2530 2529/2529/2529
f 2531/2531/2531 2529/2529/2529 2532/2532/2532
f 2535/2535/2535 2534/2534/2534 2533/2533/2533
f 2535/2535/2535 2533/2533/2533 2536/2536/2536
f 2539/2539/2539 2538/2538/2538 2537/2537/2537
f 2539/2539/2539 2537/2537/2537 2540/2540/2540
f 2543/2543/2543 2542/2542/2542 2541/2541/2541
f 2543/2543/2543 2541/2541/2541 2544/2544/2544
f 2547/2547/2547 2546/2546/2546 2545/2545/2545
f 2547/2547/2547 2545/2545/2545 2548/2548/2548
f 2551/2551/2551 2550/2550/2550 2549/2549/2549
f 2551/2551/2551 2549/2549/2549 2552/2552/2552
f 2555/2555/2555 2554/2554/2554 2553/2553/2553
f 2555/2555/2555 2553/2553/2553 2556/2556/2556
f 2559/2559/2559 2558/2558/2558 2557/2557/2557
f 2559/2559/2559 2557/2557/2557 2560/2560/2560
f 2563/2563/2563 2562/2562/2562 2561/2561/2561
f 2563/2563/2563 2561/2561/2561 2564/2564/2564
f 2567/2567/2567 2566/2566/2566 2565/2565/2565
f 2567/2567/2567 2565/2565/2565 2568/2568/2568
f 2571/2571/2571 2570/2570/2570 2569/2569/2569
f 2571/2571/2571 2569/2569/2569 2572/2572/2572
f 2575/2575/2575 2574/2574/2574 2573/2573/2573
f 2575/2575/2575 2573/2573/2573 2576/2576/2576
f 2579/2579/2579 2578/2578/2578 2577/2577/2577
f 2579/2579/2579 2577/2577/2577 2580/2580/2580
f 2583/2583/2583 2582/2582/2582 2581/2581/2581
f 2583/2583/2583 2581/2581/2581 2584/2584/2584
f 2587/2587/2587 2586/2586/2586 2585/2585/2585
f 2587/2587/2587 2585/2585/2585 2588/2588/2588
f 2591/2591/2591 2590/2590/2590 2589/2589/2589
f 2591/2591/2591 2589/2589/2589 2592/2592/2592
f 2595/2595/2595 2594/2594/2594 2593/2593/2593
f 2595/2595/2595 2593/2593/2593 2596/2596/2596
f 2599/2599/2599 2598/2598/2598 2597/2597/2597
f 2599/2599/2599 2597/2597/2597 2600/2600/2600
f 2603/2603/2603 2602/2602/2602 2601/2601/2601
f 2603/2603/2603 2601/2601/2601 2604/2604/2604
f 2607/2607/2607 2606/2606/2606 2605/2605/2605
f 2607/2607/2607 2605/2605/2605 2608/2608/2608
f 2611/2611/2611 2610/2610/2610 2609/2609/2609
f 2614/2614/2614 2613/2613/2613 2612/2612/2612
f 2614/2614/2614 2612/2612/2612 2615/2615/2615
f 2618/2618/2618 2617/2617/2617 2616/2616/2616
f 2621/2621/2621 2620/2620/2620 2619/2619/2619
f 2621/2621/2621 2619/2619/2619 2622/2622/2622
f 2625/2625/2625 2624/2624/2624 2623/2623/2623
f 2628/2628/2628 2627/2627/2627 2626/2626/2626
f 2628/2628/2628 2626/2626/2626 2629/2629/2629
f 2632/2632/2632 2631/2631/2631 2630/2630/2630
f 2635/2635/2635 2634/2634/2634 2633/2633/2633
f 2635/2635/2635 2633/2633/2633 2636/2636/2636
f 2639/2639/2639 2638/2638/2638 2637/2637/2637
f 2642/2642/2642 2641/2641/2641 2640/2640/2640
f 2642/2642/2642 2640/2640/2640 2643/2643/2643
f 2646/2646/2646 2645/2645/2645 2644/2644/2644
f 2649/2649/2649 2648/2648/2648 2647/2647/2647
f 2649/2649/2649 2647/2647/2647 2650/2650/2650
f 2653/2653/2653 2652/2652/2652 2651/2651/2651
f 2656/2656/2656 2655/2655/2655 2654/2654/2654
f 2656/2656/2656 2654/2654/2654 2657/2657/2657
f 2660/2660/2660 2659/2659/2659 2658/2658/2658
f 2663/2663/2663 2662/2662/2662 2661/2661/2661
f 2663/2663/2663 2661/2661/2661 2664/2664/2664
f 2667/2667/2667 2666/2666/2666 2665/2665/2665
f 2670/2670/2670 2669/2669/2669 2668/2668/2668
f 2670/2670/2670 2668/2668/2668 2671/2671/2671
f 2674/2674/2674 2673/2673/2673 2672/2672/2672
f 2677/2677/2677 2676/2676/2676 2675/2675/2675
f 2677/2677/2677 2675/2675/2675 2678/2678/2678
f 2681/2681/2681 2680/2680/2680 2679/2679/2679
f 2684/2684/2684 2683/2683/2683 2682/2682/2682
f 2684/2684/2684 2682/2682/2682 2685/2685/2685
f 2688/2688/2688 2687/2687/2687 2686/2686/2686
f 2691/2691/2691 2690/2690/2690 2689/2689/2689
f 2691/2691/2691 2689/2689/2689 2692/2692/2692
f 2695/2695/2695 2694/2694/2694 2693/2693/2693
f 2698/2698/2698 2697/2697/2697 2696/2696/2696
f 2698/2698/2698 2696/2696/2696 2699/2699/2699
f 2702/2702/2702 2701/2701/2701 2700/2700/2700
f 2705/2705/2705 2704/2704/2704 2703/2703/2703
f 2705/2705/2705 2703/2703/2703 2706/2706/2706
f 2709/2709/2709 2708/2708/2708 2707/2707/2707
f 2712/2712/2712 2711/2711/2711 2710/2710/2710
f 2712/2712/2712 2710/2710/2710 2713/2713/2713
f 2716/2716/2716 2715/2715/2715 2714/2714/2714
f 2719/2719/2719 2718/2718/2718 2717/2717/2717
f 2719/2719/2719 2717/2717/2717 2720/2720/2720
f 2723/2723/2723 2722/2722/2722 2721/2721/2721
f 2726/2726/2726 2725/2725/2725 2724/2724/2724
f 2726/2726/2726 2724/2724/2724 2727/2727/2727
f 2730/2730/2730 2729/2729/2729 2728/2728/2728
f 2733/2733/2733 2732/2732/2732 2731/2731/2731
f 2733/2733/2733 2731/2731/2731 2734/2734/2734
f 2737/2737/2737 2736/2736/2736 2735/2735/2735
f 2740/2740/2740 2739/2739/2739 2738/2738/2738
f 2740/2740/2740 2738/2738/2738 2741/2741/2741
f 2744/2744/2744 2743/2743/2743 2742/2742/2742
f 2747/2747/2747 2746/2746/2746 2745/2745/2745
f 2747/2747/2747 2745/2745/2745 2748/2748/2748
f 2751/2751/2751 2750/2750/2750 2749/2749/2749
f 2754/2754/2754 2753/2753/2753 2752/2752/2752
f 2754/2754/2754 2752/2752/2752 2755/2755/2755
f 2758/2758/2758 2757/2757/2757 2756/2756/2756
f 2761/2761/2761 2760/2760/2760 2759/2759/2759
f 2761/2761/2761 2759/2759/2759 2762/2762/2762
f 2765/2765/2765 2764/2764/2764 2763/2763/2763
f 2768/2768/2768 2767/2767/2767 2766/2766/2766
f 2768/2768/2768 2766/2766/2766 2769/2769/2769
f 2772/2772/2772 2771/2771/2771 2770/2770/2770
f 2775/2775/2775 2774/2774/2774 2773/2773/2773
f 2775/2775/2775 2773/2773/2773 2776/2776/2776
f 2779/2779/2779 2778/2778/2778 2777/2777/2777
f 2782/2782/2782 2781/2781/2781 2780/2780/2780
f 2782/2782/2782 2780/2780/2780 2783/2783/2783
f 2786/2786/2786 2785/2785/2785 2784/2784/2784
f 2789/2789/2789 2788/2788/2788 2787/2787/2787
f 2789/2789/2789 2787/2787/2787 2790/2790/2790
f 2793/2793/2793 2792/2792/2792 2791/2791/2791
f 2796/2796/2796 2795/2795/2795 2794/2794/2794
f 2796/2796/2796 2794/2794/2794 2797/2797/2797
f 2800/2800/2800 2799/2799/2799 2798/2798/2798
f 2803/2803/2803 2802/2802/2802 2801/2801/2801
f 2803/2803/2803 2801/2801/2801 2804/2804/2804
f 2807/2807/2807 2806/2806/2806 2805/2805/2805
f 2810/2810/2810 2809/2809/2809 2808/2808/2808
f 2810/2810/2810 2808/2808/2808 2811/2811/2811
f 2814/2814/2814 2813/2813/2813 2812/2812/2812
f 2817/2817/2817 2816/2816/2816 2815/2815/2815
f 2817/2817/2817 2815/2815/2815 2818/2818/2818
f 2821/2821/2821 2820/2820/2820 2819/2819/2819
f 2824/2824/2824 2823/2823/2823 2822/2822/2822
f 2824/2824/2824 2822/2822/2822 2825/2825/2825
f 2828/2828/2828 2827/2827/2827 2826/2826/2826
f 2831/2831/2831 2830/2830/2830 2829/2829/2829
f 2831/2831/2831 2829/2829/2829 2832/2832/2832
f 2835/2835/2835 2834/2834/2834 2833/2833/2833
f 2838/2838/2838 2837/2837/2837 2836/2836/2836
f 2838/2838/2838 2836/2836/2836 2839/2839/2839
f 2842/2842/2842 2841/2841/2841 2840/2840/2840
f 2845/2845/2845 2844/2844/2844 2843/2843/2843
f 2845/2845/2845 2843/2843/2843 2846/2846/2846
f 2849/2849/2849 2848/2848/2848 2847/2847/2847
f 2852/2852/2852 2851/2851/2851 2850/2850/2850
f 2852/2852/2852 2850/2850/2850 2853/2853/2853
f 2856/2856/2856 2855/2855/2855 2854/2854/2854
f 2859/2859/2859 2858/2858/2858 2857/2857/2857
f 2859/2859/2859 2857/2857/2857 2860/2860/2860
f 2863/2863/2863 2862/2862/2862 2861/2861/2861
f 2866/2866/2866 2865/2865/2865 2864/2864/2864
f 2866/2866/2866 2864/2864/2864 2867/2867/2867
f 2870/2870/2870 2869/2869/2869 2868/2868/2868
f 2873/2873/2873 2872/2872/2872 2871/2871/2871
f 2873/2873/2873 2871/2871/2871 2874/2874/2874
f 2877/2877/2877 2876/2876/2876 2875/2875/2875
f 2880/2880/2880 2879/2879/2879 2878/2878/2878
f 2880/2880/2880 2878/2878/2878 2881/2881/2881
f 2884/2884/2884 2883/2883/2883 2882/2882/2882
f 2887/2887/2887 2886/2886/2886 2885/2885/2885
f 2887/2887/2887 2885/2885/2885 2888/2888/2888
o 圆柱体 5
v -0.3749335 0.6498666 0.4846652
v -0.3697437 0.6475248 0.4782219
v -0.3495301 0.6494516 0.4938027
v -0.3547199 0.6517934 0.500246
v -0.3697437 0.6475248 0.4782219
v -0.3645539 0.645183 0.4717786
v -0.3443403 0.6471097 0.4873594
v -0.3495301 0.6494516 0.4938027
v -0.3932915 0.6556141 0.4677897
v -0.3881017 0.6532723 0.4613464
v -0.3697437 0.6475248 0.4782219
v -0.3749335 0.6498666 0.4846652
v -0.3881017 0.6532723 0.4613464
v -0.3829119 0.6509305 0.4549031
v -0.3645539 0.645183 0.4717786
v -0.3697437 0.6475248 0.4782219
v -0.4079969 0.6684732 0.4512715
v -0.4028071 0.6661314 0.4448282
v -0.3881017 0.6532723 0.4613464
v -0.3932915 0.6556141 0.4677897
v -0.4028071 0.6661314 0.4448282
v -0.3976173 0.6637895 0.4383849
v -0.3829119 0.6509305 0.4549031
v -0.3881017 0.6532723 0.4613464
v -0.4176103 0.6871851 0.4367275
v -0.4124205 0.6848433 0.4302842
v -0.4028071 0.6661314 0.4448282
v -0.4079969 0.6684732 0.4512715
v -0.4124205 0.6848433 0.4302842
v -0.4072307 0.6825014 0.4238409
v -0.3976173 0.6637895 0.4383849
v -0.4028071 0.6661314 0.4448282
v -0.4211907 0.7099183 0.4255813
v -0.4160009 0.7075764 0.419138
v -0.4124205 0.6848433 0.4302842
v -0.4176103 0.6871851 0.4367275
v -0.4160009 0.7075764 0.419138
v -0.4108111 0.7052346 0.4126947
v -0.4072307 0.6825014 0.4238409
v -0.4124205 0.6848433 0.4302842
v -0.4183875 0.7344472 0.4189241
v -0.4131977 0.7321054 0.4124807
v -0.4160009 0.7075764 0.419138
v -0.4211907 0.7099183 0.4255813
v -0.4131977 0.7321054 0.4124807
v -0.4080079 0.7297636 0.4060374
v -0.4108111 0.7052346 0.4126947
v -0.4160009 0.7075764 0.419138
v -0.4094752 0.7583711 0.4174074
v -0.4042854 0.7560293 0.4109641
v -0.4131977 0.7321054 0.4124807
v -0.4183875 0.7344472 0.4189241
v -0.4042854 0.7560293 0.4109641
v -0.3990956 0.7536875 0.4045208
v -0.4080079 0.7297636 0.4060374
v -0.4131977 0.7321054 0.4124807
v -0.3953261 0.7793481 0.4211797
v -0.3901363 0.7770063 0.4147364
v -0.4042854 0.7560293 0.4109641
v -0.4094752 0.7583711 0.4174074
v -0.3901363 0.7770063 0.4147364
v -0.3849465 0.7746644 0.4082931
v -0.3990956 0.7536875 0.4045208
v -0.4042854 0.7560293 0.4109641
v -0.3773253 0.7953246 0.4298719
v -0.3721355 0.7929828 0.4234285
v -0.3901363 0.7770063 0.4147364
v -0.3953261 0.7793481 0.4211797
v -0.3721355 0.7929828 0.4234285
v -0.3669457 0.790641 0.4169852
v -0.3849465 0.7746644 0.4082931
v -0.3901363 0.7770063 0.4147364
v -0.3572349 0.8047369 0.4426329
v -0.3520451 0.802395 0.4361896
v -0.3721355 0.7929828 0.4234285
v -0.3773253 0.7953246 0.4298719
v -0.3520451 0.802395 0.4361896
v -0.3468553 0.8000532 0.4297463
v -0.3669457 0.790641 0.4169852
v -0.3721355 0.7929828 0.4234285
v -0.3370213 0.8066636 0.4582137
v -0.3318315 0.8043218 0.4517704
v -0.3520451 0.802395 0.4361896
v -0.3572349 0.8047369 0.4426329
v -0.3318315 0.8043218 0.4517704
v -0.3266417 0.80198 0.4453271
v -0.3468553 0.8000532 0.4297463
v -0.3520451 0.802395 0.4361896
v -0.3186633 0.8009161 0.4750892
v -0.3134735 0.7985743 0.4686459
v -0.3318315 0.8043218 0.4517704
v -0.3370213 0.8066636 0.4582137
v -0.3134735 0.7985743 0.4686459
v -0.3082837 0.7962325 0.4622025
v -0.3266417 0.80198 0.4453271
v -0.3318315 0.8043218 0.4517704
v -0.3039578 0.788057 0.4916074
v -0.298768 0.7857152 0.4851641
v -0.3134735 0.7985743 0.4686459
v -0.3186633 0.8009161 0.4750892
v -0.298768 0.7857152 0.4851641
v -0.2935782 0.7833734 0.4787208
v -0.3082837 0.7962325 0.4622025
v -0.3134735 0.7985743 0.4686459
v -0.2943445 0.7693452 0.5061514
v -0.2891546 0.7670033 0.4997081
v -0.298768 0.7857152 0.4851641
v -0.3039578 0.788057 0.4916074
v -0.2891546 0.7670033 0.4997081
v -0.2839648 0.7646615 0.4932648
v -0.2935782 0.7833734 0.4787208
v -0.298768 0.7857152 0.4851641
v -0.2907641 0.746612 0.5172976
v -0.2855743 0.7442702 0.5108543
v -0.2891546 0.7670033 0.4997081
v -0.2943445 0.7693452 0.5061514
v -0.2855743 0.7442702 0.5108543
v -0.2803845 0.7419283 0.504411
v -0.2839648 0.7646615 0.4932648
v -0.2891546 0.7670033 0.4997081
v -0.2935673 0.722083 0.5239549
v -0.2883775 0.7197412 0.5175115
v -0.2855743 0.7442702 0.5108543
v -0.2907641 0.746612 0.5172976
v -0.2883775 0.7197412 0.5175115
v -0.2831877 0.7173993 0.5110682
v -0.2803845 0.7419283 0.504411
v -0.2855743 0.7442702 0.5108543
v -0.3024796 0.6981591 0.5254716
v -0.2972898 0.6958172 0.5190282
v -0.2883775 0.7197412 0.5175115
v -0.2935673 0.722083 0.5239549
v -0.2972898 0.6958172 0.5190282
v -0.2921 0.6934754 0.5125849
v -0.2831877 0.7173993 0.5110682
v -0.2883775 0.7197412 0.5175115
v -0.3166287 0.6771822 0.5216992
v -0.3114389 0.6748403 0.5152559
v -0.2972898 0.6958172 0.5190282
v -0.3024796 0.6981591 0.5254716
v -0.3114389 0.6748403 0.5152559
v -0.3062491 0.6724985 0.5088125
v -0.2921 0.6934754 0.5125849
v -0.2972898 0.6958172 0.5190282
v -0.3346295 0.6612056 0.5130071
v -0.3294397 0.6588638 0.5065638
v -0.3114389 0.6748403 0.5152559
v -0.3166287 0.6771822 0.5216992
v -0.3294397 0.6588638 0.5065638
v -0.3242499 0.656522 0.5001205
v -0.3062491 0.6724985 0.5088125
v -0.3114389 0.6748403 0.5152559
v -0.3547199 0.6517934 0.500246
v -0.3495301 0.6494516 0.4938027
v -0.3294397 0.6588638 0.5065638
v -0.3346295 0.6612056 0.5130071
v -0.3495301 0.6494516 0.4938027
v -0.3443403 0.6471097 0.4873594
v -0.3242499 0.656522 0.5001205
v -0.3294397 0.6588638 0.5065638
v -0.3455978 0.7235814 0.4585528
v -0.3449691 0.6853456 0.4729561
v -0.3550758 0.6843822 0.4651657
v -0.3449691 0.6853456 0.4729561
v -0.3443403 0.6471097 0.4873594
v -0.3645539 0.645183 0.4717786
v -0.3550758 0.6843822 0.4651657
v -0.3455978 0.7235814 0.4585528
v -0.3550758 0.6843822 0.4651657
v -0.3642548 0.687256 0.456728
v -0.3550758 0.6843822 0.4651657
v -0.3645539 0.645183 0.4717786
v -0.3829119 0.6509305 0.4549031
v -0.3642548 0.687256 0.456728
v -0.3455978 0.7235814 0.4585528
v -0.3642548 0.687256 0.456728
v -0.3716076 0.6936855 0.4484689
v -0.3642548 0.687256 0.456728
v -0.3829119 0.6509305 0.4549031
v -0.3976173 0.6637895 0.4383849
v -0.3716076 0.6936855 0.4484689
v -0.3455978 0.7235814 0.4585528
v -0.3716076 0.6936855 0.4484689
v -0.3764143 0.7030414 0.4411969
v -0.3716076 0.6936855 0.4484689
v -0.3976173 0.6637895 0.4383849
v -0.4072307 0.6825014 0.4238409
v -0.3764143 0.7030414 0.4411969
v -0.3455978 0.7235814 0.4585528
v -0.3764143 0.7030414 0.4411969
v -0.3782044 0.714408 0.4356238
v -0.3764143 0.7030414 0.4411969
v -0.4072307 0.6825014 0.4238409
v -0.4108111 0.7052346 0.4126947
v -0.3782044 0.714408 0.4356238
v -0.3455978 0.7235814 0.4585528
v -0.3782044 0.714408 0.4356238
v -0.3768028 0.7266725 0.4322951
v -0.3782044 0.714408 0.4356238
v -0.4108111 0.7052346 0.4126947
v -0.4080079 0.7297636 0.4060374
v -0.3768028 0.7266725 0.4322951
v -0.3455978 0.7235814 0.4585528
v -0.3768028 0.7266725 0.4322951
v -0.3723467 0.7386345 0.4315368
v -0.3768028 0.7266725 0.4322951
v -0.4080079 0.7297636 0.4060374
v -0.3990956 0.7536875 0.4045208
v -0.3723467 0.7386345 0.4315368
v -0.3455978 0.7235814 0.4585528
v -0.3723467 0.7386345 0.4315368
v -0.3652721 0.7491229 0.433423
v -0.3723467 0.7386345 0.4315368
v -0.3990956 0.7536875 0.4045208
v -0.3849465 0.7746644 0.4082931
v -0.3652721 0.7491229 0.433423
v -0.3455978 0.7235814 0.4585528
v -0.3652721 0.7491229 0.433423
v -0.3562717 0.7571112 0.437769
v -0.3652721 0.7491229 0.433423
v -0.3849465 0.7746644 0.4082931
v -0.3669457 0.790641 0.4169852
v -0.3562717 0.7571112 0.437769
v -0.3455978 0.7235814 0.4585528
v -0.3562717 0.7571112 0.437769
v -0.3462265 0.7618173 0.4441496
v -0.3562717 0.7571112 0.437769
v -0.3669457 0.790641 0.4169852
v -0.3468553 0.8000532 0.4297463
v -0.3462265 0.7618173 0.4441496
v -0.3455978 0.7235814 0.4585528
v -0.3462265 0.7618173 0.4441496
v -0.3361197 0.7627807 0.45194
v -0.3462265 0.7618173 0.4441496
v -0.3468553 0.8000532 0.4297463
v -0.3266417 0.80198 0.4453271
v -0.3361197 0.7627807 0.45194
v -0.3455978 0.7235814 0.4585528
v -0.3361197 0.7627807 0.45194
v -0.3269407 0.7599069 0.4603777
v -0.3361197 0.7627807 0.45194
v -0.3266417 0.80198 0.4453271
v -0.3082837 0.7962325 0.4622025
v -0.3269407 0.7599069 0.4603777
v -0.3455978 0.7235814 0.4585528
v -0.3269407 0.7599069 0.4603777
v -0.319588 0.7534775 0.4686368
v -0.3269407 0.7599069 0.4603777
v -0.3082837 0.7962325 0.4622025
v -0.2935782 0.7833734 0.4787208
v -0.319588 0.7534775 0.4686368
v -0.3455978 0.7235814 0.4585528
v -0.319588 0.7534775 0.4686368
v -0.3147813 0.7441215 0.4759088
v -0.319588 0.7534775 0.4686368
v -0.2935782 0.7833734 0.4787208
v -0.2839648 0.7646615 0.4932648
v -0.3147813 0.7441215 0.4759088
v -0.3455978 0.7235814 0.4585528
v -0.3147813 0.7441215 0.4759088
v -0.3129911 0.7327549 0.4814819
v -0.3147813 0.7441215 0.4759088
v -0.2839648 0.7646615 0.4932648
v -0.2803845 0.7419283 0.504411
v -0.3129911 0.7327549 0.4814819
v -0.3455978 0.7235814 0.4585528
v -0.3129911 0.7327549 0.4814819
v -0.3143927 0.7204904 0.4848105
v -0.3129911 0.7327549 0.4814819
v -0.2803845 0.7419283 0.504411
v -0.2831877 0.7173993 0.5110682
v -0.3143927 0.7204904 0.4848105
v -0.3455978 0.7235814 0.4585528
v -0.3143927 0.7204904 0.4848105
v -0.3188489 0.7085285 0.4855689
v -0.3143927 0.7204904 0.4848105
v -0.2831877 0.7173993 0.5110682
v -0.2921 0.6934754 0.5125849
v -0.3188489 0.7085285 0.4855689
v -0.3455978 0.7235814 0.4585528
v -0.3188489 0.7085285 0.4855689
v -0.3259234 0.69804 0.4836827
v -0.3188489 0.7085285 0.4855689
v -0.2921 0.6934754 0.5125849
v -0.3062491 0.6724985 0.5088125
v -0.3259234 0.69804 0.4836827
v -0.3455978 0.7235814 0.4585528
v -0.3259234 0.69804 0.4836827
v -0.3349238 0.6900517 0.4793366
v -0.3259234 0.69804 0.4836827
v -0.3062491 0.6724985 0.5088125
v -0.3242499 0.656522 0.5001205
v -0.3349238 0.6900517 0.4793366
v -0.3455978 0.7235814 0.4585528
v -0.3349238 0.6900517 0.4793366
v -0.3449691 0.6853456 0.4729561
v -0.3349238 0.6900517 0.4793366
v -0.3242499 0.656522 0.5001205
v -0.3443403 0.6471097 0.4873594
v -0.3449691 0.6853456 0.4729561
v -0.3559774 0.7282652 0.4714395
v -0.3553487 0.6900293 0.4858428
v -0.3453034 0.6947354 0.4922233
v -0.3553487 0.6900293 0.4858428
v -0.3547199 0.6517934 0.500246
v -0.3346295 0.6612056 0.5130071
v -0.3453034 0.6947354 0.4922233
v -0.3559774 0.7282652 0.4714395
v -0.3453034 0.6947354 0.4922233
v -0.3363031 0.7027236 0.4965693
v -0.3453034 0.6947354 0.4922233
v -0.3346295 0.6612056 0.5130071
v -0.3166287 0.6771822 0.5216992
v -0.3363031 0.7027236 0.4965693
v -0.3559774 0.7282652 0.4714395
v -0.3363031 0.7027236 0.4965693
v -0.3292285 0.7132121 0.4984555
v -0.3363031 0.7027236 0.4965693
v -0.3166287 0.6771822 0.5216992
v -0.3024796 0.6981591 0.5254716
v -0.3292285 0.7132121 0.4984555
v -0.3559774 0.7282652 0.4714395
v -0.3292285 0.7132121 0.4984555
v -0.3247724 0.7251741 0.4976972
v -0.3292285 0.7132121 0.4984555
v -0.3024796 0.6981591 0.5254716
v -0.2935673 0.722083 0.5239549
v -0.3247724 0.7251741 0.4976972
v -0.3559774 0.7282652 0.4714395
v -0.3247724 0.7251741 0.4976972
v -0.3233708 0.7374386 0.4943686
v -0.3247724 0.7251741 0.4976972
v -0.2935673 0.722083 0.5239549
v -0.2907641 0.746612 0.5172976
v -0.3233708 0.7374386 0.4943686
v -0.3559774 0.7282652 0.4714395
v -0.3233708 0.7374386 0.4943686
v -0.3251609 0.7488052 0.4887955
v -0.3233708 0.7374386 0.4943686
v -0.2907641 0.746612 0.5172976
v -0.2943445 0.7693452 0.5061514
v -0.3251609 0.7488052 0.4887955
v -0.3559774 0.7282652 0.4714395
v -0.3251609 0.7488052 0.4887955
v -0.3299676 0.7581611 0.4815235
v -0.3251609 0.7488052 0.4887955
v -0.2943445 0.7693452 0.5061514
v -0.3039578 0.788057 0.4916074
v -0.3299676 0.7581611 0.4815235
v -0.3559774 0.7282652 0.4714395
v -0.3299676 0.7581611 0.4815235
v -0.3373204 0.7645906 0.4732643
v -0.3299676 0.7581611 0.4815235
v -0.3039578 0.788057 0.4916074
v -0.3186633 0.8009161 0.4750892
v -0.3373204 0.7645906 0.4732643
v -0.3559774 0.7282652 0.4714395
v -0.3373204 0.7645906 0.4732643
v -0.3464994 0.7674644 0.4648266
v -0.3373204 0.7645906 0.4732643
v -0.3186633 0.8009161 0.4750892
v -0.3370213 0.8066636 0.4582137
v -0.3464994 0.7674644 0.4648266
v -0.3559774 0.7282652 0.4714395
v -0.3464994 0.7674644 0.4648266
v -0.3566061 0.766501 0.4570362
v -0.3464994 0.7674644 0.4648266
v -0.3370213 0.8066636 0.4582137
v -0.3572349 0.8047369 0.4426329
v -0.3566061 0.766501 0.4570362
v -0.3559774 0.7282652 0.4714395
v -0.3566061 0.766501 0.4570362
v -0.3666514 0.7617949 0.4506557
v -0.3566061 0.766501 0.4570362
v -0.3572349 0.8047369 0.4426329
v -0.3773253 0.7953246 0.4298719
v -0.3666514 0.7617949 0.4506557
v -0.3559774 0.7282652 0.4714395
v -0.3666514 0.7617949 0.4506557
v -0.3756517 0.7538066 0.4463096
v -0.3666514 0.7617949 0.4506557
v -0.3773253 0.7953246 0.4298719
v -0.3953261 0.7793481 0.4211797
v -0.3756517 0.7538066 0.4463096
v -0.3559774 0.7282652 0.4714395
v -0.3756517 0.7538066 0.4463096
v -0.3827263 0.7433181 0.4444234
v -0.3756517 0.7538066 0.4463096
v -0.3953261 0.7793481 0.4211797
v -0.4094752 0.7583711 0.4174074
v -0.3827263 0.7433181 0.4444234
v -0.3559774 0.7282652 0.4714395
v -0.3827263 0.7433181 0.4444234
v -0.3871824 0.7313562 0.4451818
v -0.3827263 0.7433181 0.4444234
v -0.4094752 0.7583711 0.4174074
v -0.4183875 0.7344472 0.4189241
v -0.3871824 0.7313562 0.4451818
v -0.3559774 0.7282652 0.4714395
v -0.3871824 0.7313562 0.4451818
v -0.388584 0.7190917 0.4485104
v -0.3871824 0.7313562 0.4451818
v -0.4183875 0.7344472 0.4189241
v -0.4211907 0.7099183 0.4255813
v -0.388584 0.7190917 0.4485104
v -0.3559774 0.7282652 0.4714395
v -0.388584 0.7190917 0.4485104
v -0.3867939 0.7077251 0.4540835
v -0.388584 0.7190917 0.4485104
v -0.4211907 0.7099183 0.4255813
v -0.4176103 0.6871851 0.4367275
v -0.3867939 0.7077251 0.4540835
v -0.3559774 0.7282652 0.4714395
v -0.3867939 0.7077251 0.4540835
v -0.3819872 0.6983691 0.4613555
v -0.3867939 0.7077251 0.4540835
v -0.4176103 0.6871851 0.4367275
v -0.4079969 0.6684732 0.4512715
v -0.3819872 0.6983691 0.4613555
v -0.3559774 0.7282652 0.4714395
v -0.3819872 0.6983691 0.4613555
v -0.3746344 0.6919396 0.4696146
v -0.3819872 0.6983691 0.4613555
v -0.4079969 0.6684732 0.4512715
v -0.3932915 0.6556141 0.4677897
v -0.3746344 0.6919396 0.4696146
v -0.3559774 0.7282652 0.4714395
v -0.3746344 0.6919396 0.4696146
v -0.3654554 0.6890659 0.4780523
v -0.3746344 0.6919396 0.4696146
v -0.3932915 0.6556141 0.4677897
v -0.3749335 0.6498666 0.4846652
v -0.3654554 0.6890659 0.4780523
v -0.3559774 0.7282652 0.4714395
v -0.3654554 0.6890659 0.4780523
v -0.3553487 0.6900293 0.4858428
v -0.3654554 0.6890659 0.4780523
v -0.3749335 0.6498666 0.4846652
v -0.3547199 0.6517934 0.500246
v -0.3553487 0.6900293 0.4858428
vn 0.231496 0.9592236 -0.1621713
vn 0.231496 0.9592236 -0.1621713
vn -0.01538615 0.9356956 -0.3524725
vn -0.01538615 0.9356956 -0.3524725
vn 0.231496 0.9592236 -0.1621713
vn 0.231496 0.9592236 -0.1621713
vn -0.01538616 0.9356956 -0.3524725
vn -0.01538615 0.9356956 -0.3524725
vn 0.4558248 0.888979 0.04404587
vn 0.4558248 0.888979 0.04404587
vn 0.231496 0.9592236 -0.1621713
vn 0.231496 0.9592236 -0.1621713
vn 0.4558248 0.888979 0.04404587
vn 0.4558248 0.888979 0.04404587
vn 0.231496 0.9592236 -0.1621713
vn 0.231496 0.9592236 -0.1621713
vn 0.6356623 0.7317023 0.2460592
vn 0.6356623 0.7317023 0.2460592
vn 0.4558248 0.888979 0.04404587
vn 0.4558248 0.888979 0.04404587
vn 0.6356623 0.7317023 0.2460592
vn 0.6356623 0.7317023 0.2460592
vn 0.4558248 0.888979 0.04404587
vn 0.4558248 0.888979 0.04404587
vn 0.7533208 0.5026639 0.4240721
vn 0.7533208 0.5026639 0.4240721
vn 0.6356623 0.7317023 0.2460592
vn 0.6356623 0.7317023 0.2460592
vn 0.7533208 0.5026639 0.4240721
vn 0.7533208 0.5026639 0.4240721
vn 0.6356623 0.7317023 0.2460592
vn 0.6356623 0.7317023 0.2460592
vn 0.7971623 0.2242711 0.5605665
vn 0.7971623 0.2242711 0.5605665
vn 0.7533208 0.5026639 0.4240721
vn 0.7533208 0.5026639 0.4240721
vn 0.7971623 0.2242711 0.5605665
vn 0.7971623 0.2242711 0.5605665
vn 0.7533208 0.5026639 0.4240721
vn 0.7533208 0.5026639 0.4240721
vn 0.7628377 -0.07611263 0.6420946
vn 0.7628377 -0.07611263 0.6420946
vn 0.7971623 0.2242711 0.5605665
vn 0.7971623 0.2242711 0.5605665
vn 0.7628377 -0.07611263 0.6420946
vn 0.7628377 -0.07611263 0.6420946
vn 0.7971623 0.2242711 0.5605665
vn 0.7971623 0.2242711 0.5605665
vn 0.6537607 -0.3689401 0.6606665
vn 0.6537607 -0.3689401 0.6606663
vn 0.7628377 -0.07611263 0.6420946
vn 0.7628377 -0.07611263 0.6420946
vn 0.6537607 -0.3689401 0.6606663
vn 0.6537607 -0.3689401 0.6606665
vn 0.7628377 -0.07611263 0.6420946
vn 0.7628377 -0.07611263 0.6420946
vn 0.4807279 -0.6254923 0.6145405
vn 0.4807279 -0.6254923 0.6145405
vn 0.6537607 -0.3689401 0.6606663
vn 0.6537607 -0.3689401 0.6606665
vn 0.4807279 -0.6254923 0.6145405
vn 0.4807279 -0.6254923 0.6145405
vn 0.6537607 -0.3689401 0.6606665
vn 0.6537607 -0.3689401 0.6606663
vn 0.2607645 -0.8207327 0.5083303
vn 0.2607645 -0.8207327 0.5083303
vn 0.4807279 -0.6254923 0.6145405
vn 0.4807279 -0.6254923 0.6145405
vn 0.2607645 -0.8207327 0.5083303
vn 0.2607646 -0.8207327 0.5083303
vn 0.4807279 -0.6254923 0.6145405
vn 0.4807279 -0.6254923 0.6145405
vn 0.01538615 -0.9356956 0.3524725
vn 0.01538615 -0.9356956 0.3524725
vn 0.2607645 -0.8207327 0.5083303
vn 0.2607645 -0.8207327 0.5083303
vn 0.01538615 -0.9356956 0.3524725
vn 0.01538614 -0.9356956 0.3524725
vn 0.2607646 -0.8207327 0.5083303
vn 0.2607645 -0.8207327 0.5083303
vn -0.2314962 -0.9592236 0.1621712
vn -0.2314962 -0.9592236 0.1621712
vn 0.01538615 -0.9356956 0.3524725
vn 0.01538615 -0.9356956 0.3524725
vn -0.2314962 -0.9592236 0.1621712
vn -0.2314962 -0.9592236 0.1621712
vn 0.01538614 -0.9356956 0.3524725
vn 0.01538615 -0.9356956 0.3524725
vn -0.4558248 -0.8889791 -0.04404578
vn -0.4558248 -0.8889791 -0.04404578
vn -0.2314962 -0.9592236 0.1621712
vn -0.2314962 -0.9592236 0.1621712
vn -0.4558248 -0.8889791 -0.04404578
vn -0.4558248 -0.8889791 -0.04404578
vn -0.2314962 -0.9592236 0.1621712
vn -0.2314962 -0.9592236 0.1621712
vn -0.6356621 -0.7317026 -0.246059
vn -0.6356621 -0.7317026 -0.246059
vn -0.4558248 -0.8889791 -0.04404578
vn -0.4558248 -0.8889791 -0.04404578
vn -0.6356621 -0.7317026 -0.246059
vn -0.6356621 -0.7317026 -0.246059
vn -0.4558248 -0.8889791 -0.04404578
vn -0.4558248 -0.8889791 -0.04404578
vn -0.7533208 -0.5026639 -0.4240721
vn -0.7533208 -0.5026639 -0.4240721
vn -0.6356621 -0.7317026 -0.246059
vn -0.6356621 -0.7317026 -0.246059
vn -0.7533208 -0.5026639 -0.4240721
vn -0.7533208 -0.5026639 -0.4240721
vn -0.6356621 -0.7317026 -0.246059
vn -0.6356621 -0.7317026 -0.246059
vn -0.7971623 -0.2242711 -0.5605665
vn -0.7971623 -0.2242711 -0.5605665
vn -0.7533208 -0.5026639 -0.4240721
vn -0.7533208 -0.5026639 -0.4240721
vn -0.7971623 -0.2242711 -0.5605665
vn -0.7971623 -0.2242711 -0.5605665
vn -0.7533208 -0.5026639 -0.4240721
vn -0.7533208 -0.5026639 -0.4240721
vn -0.7628378 0.07611251 -0.6420946
vn -0.7628377 0.07611251 -0.6420945
vn -0.7971623 -0.2242711 -0.5605665
vn -0.7971623 -0.2242711 -0.5605665
vn -0.7628377 0.07611251 -0.6420945
vn -0.7628378 0.07611251 -0.6420946
vn -0.7971623 -0.2242711 -0.5605665
vn -0.7971623 -0.2242711 -0.5605665
vn -0.6537605 0.3689406 -0.6606665
vn -0.6537605 0.3689407 -0.6606663
vn -0.7628377 0.07611251 -0.6420945
vn -0.7628378 0.07611251 -0.6420946
vn -0.6537605 0.3689407 -0.6606663
vn -0.6537605 0.3689406 -0.6606665
vn -0.7628378 0.07611251 -0.6420946
vn -0.7628377 0.07611251 -0.6420945
vn -0.4807276 0.6254926 -0.6145403
vn -0.4807276 0.6254926 -0.6145403
vn -0.6537605 0.3689407 -0.6606663
vn -0.6537605 0.3689406 -0.6606665
vn -0.4807276 0.6254926 -0.6145403
vn -0.4807276 0.6254926 -0.6145403
vn -0.6537605 0.3689406 -0.6606665
vn -0.6537605 0.3689407 -0.6606663
vn -0.2607647 0.8207326 -0.5083303
vn -0.2607647 0.8207326 -0.5083304
vn -0.4807276 0.6254926 -0.6145403
vn -0.4807276 0.6254926 -0.6145403
vn -0.2607647 0.8207326 -0.5083304
vn -0.2607647 0.8207326 -0.5083303
vn -0.4807276 0.6254926 -0.6145403
vn -0.4807276 0.6254926 -0.6145403
vn -0.01538615 0.9356956 -0.3524725
vn -0.01538615 0.9356956 -0.3524725
vn -0.2607647 0.8207326 -0.5083304
vn -0.2607647 0.8207326 -0.5083303
vn -0.01538615 0.9356956 -0.3524725
vn -0.01538616 0.9356956 -0.3524725
vn -0.2607647 0.8207326 -0.5083303
vn -0.2607647 0.8207326 -0.5083304
vn -0.603569 0.2723528 0.749352
vn -0.603569 0.2723528 0.749352
vn -0.603569 0.2723528 0.749352
vn -0.603569 0.2723528 0.749352
vn -0.603569 0.2723528 0.749352
vn -0.603569 0.2723528 0.749352
vn -0.603569 0.2723528 0.749352
vn -0.603569 0.2723528 0.749352
vn -0.603569 0.2723528 0.749352
vn -0.603569 0.2723528 0.749352
vn -0.603569 0.2723528 0.749352
vn -0.603569 0.2723528 0.749352
vn -0.603569 0.2723528 0.749352
vn -0.603569 0.2723528 0.749352
vn -0.603569 0.2723528 0.749352
vn -0.603569 0.2723528 0.749352
vn -0.603569 0.2723528 0.749352
vn -0.603569 0.2723528 0.749352
vn -0.603569 0.2723528 0.749352
vn -0.603569 0.2723528 0.749352
vn -0.603569 0.2723528 0.749352
vn -0.603569 0.2723528 0.749352
vn -0.603569 0.2723528 0.749352
vn -0.603569 0.2723528 0.749352
vn -0.603569 0.2723528 0.749352
vn -0.603569 0.2723528 0.749352
vn -0.603569 0.2723528 0.749352
vn -0.603569 0.2723528 0.749352
vn -0.603569 0.2723528 0.749352
vn -0.603569 0.2723528 0.749352
vn -0.603569 0.2723528 0.749352
vn -0.603569 0.2723528 0.749352
vn -0.603569 0.2723528 0.749352
vn -0.603569 0.2723528 0.749352
vn -0.603569 0.2723528 0.749352
vn -0.603569 0.2723528 0.749352
vn -0.603569 0.2723528 0.749352
vn -0.603569 0.2723528 0.749352
vn -0.603569 0.2723528 0.749352
vn -0.603569 0.2723528 0.749352
vn -0.603569 0.2723528 0.749352
vn -0.603569 0.2723528 0.749352
vn -0.603569 0.2723528 0.749352
vn -0.603569 0.2723528 0.749352
vn -0.603569 0.2723528 0.749352
vn -0.603569 0.2723528 0.749352
vn -0.603569 0.2723528 0.749352
vn -0.603569 0.2723528 0.749352
vn -0.603569 0.2723528 0.749352
vn -0.603569 0.2723528 0.749352
vn -0.603569 0.2723528 0.749352
vn -0.603569 0.2723528 0.749352
vn -0.603569 0.2723528 0.749352
vn -0.603569 0.2723528 0.749352
vn -0.603569 0.2723528 0.749352
vn -0.603569 0.2723528 0.749352
vn -0.603569 0.2723528 0.749352
vn -0.603569 0.2723528 0.749352
vn -0.603569 0.2723528 0.749352
vn -0.603569 0.2723528 0.749352
vn -0.603569 0.2723528 0.749352
vn -0.603569 0.2723528 0.749352
vn -0.603569 0.2723528 0.749352
vn -0.603569 0.2723528 0.749352
vn -0.603569 0.2723528 0.749352
vn -0.603569 0.2723528 0.749352
vn -0.603569 0.2723528 0.749352
vn -0.603569 0.2723528 0.749352
vn -0.603569 0.2723528 0.749352
vn -0.603569 0.2723528 0.749352
vn -0.603569 0.2723528 0.749352
vn -0.603569 0.2723528 0.749352
vn -0.603569 0.2723528 0.749352
vn -0.603569 0.2723528 0.749352
vn -0.603569 0.2723528 0.749352
vn -0.603569 0.2723528 0.749352
vn -0.603569 0.2723528 0.749352
vn -0.603569 0.2723528 0.749352
vn -0.603569 0.2723528 0.749352
vn -0.603569 0.2723528 0.749352
vn -0.603569 0.2723528 0.749352
vn -0.603569 0.2723528 0.749352
vn -0.603569 0.2723528 0.749352
vn -0.603569 0.2723528 0.749352
vn -0.603569 0.2723528 0.749352
vn -0.603569 0.2723528 0.749352
vn -0.603569 0.2723528 0.749352
vn -0.603569 0.2723528 0.749352
vn -0.603569 0.2723528 0.749352
vn -0.603569 0.2723528 0.749352
vn -0.603569 0.2723528 0.749352
vn -0.603569 0.2723528 0.749352
vn -0.603569 0.2723528 0.749352
vn -0.603569 0.2723528 0.749352
vn -0.603569 0.2723528 0.749352
vn -0.603569 0.2723528 0.749352
vn -0.603569 0.2723528 0.749352
vn -0.603569 0.2723528 0.749352
vn -0.603569 0.2723528 0.749352
vn -0.603569 0.2723528 0.749352
vn -0.603569 0.2723528 0.749352
vn -0.603569 0.2723528 0.749352
vn -0.603569 0.2723528 0.749352
vn -0.603569 0.2723528 0.749352
vn -0.603569 0.2723528 0.749352
vn -0.603569 0.2723528 0.749352
vn -0.603569 0.2723528 0.749352
vn -0.603569 0.2723528 0.749352
vn -0.603569 0.2723528 0.749352
vn -0.603569 0.2723528 0.749352
vn -0.603569 0.2723528 0.749352
vn -0.603569 0.2723528 0.749352
vn -0.603569 0.2723528 0.749352
vn -0.603569 0.2723528 0.749352
vn -0.603569 0.2723528 0.749352
vn -0.603569 0.2723528 0.749352
vn -0.603569 0.2723528 0.749352
vn -0.603569 0.2723528 0.749352
vn -0.603569 0.2723528 0.749352
vn -0.603569 0.2723528 0.749352
vn -0.603569 0.2723528 0.749352
vn -0.603569 0.2723528 0.749352
vn -0.603569 0.2723528 0.749352
vn -0.603569 0.2723528 0.749352
vn -0.603569 0.2723528 0.749352
vn -0.603569 0.2723528 0.749352
vn -0.603569 0.2723528 0.749352
vn -0.603569 0.2723528 0.749352
vn -0.603569 0.2723528 0.749352
vn -0.603569 0.2723528 0.749352
vn -0.603569 0.2723528 0.749352
vn -0.603569 0.2723528 0.749352
vn -0.603569 0.2723528 0.749352
vn -0.603569 0.2723528 0.749352
vn -0.603569 0.2723528 0.749352
vn -0.603569 0.2723528 0.749352
vn -0.603569 0.2723528 0.749352
vn -0.603569 0.2723528 0.749352
vn -0.603569 0.2723528 0.749352
vn -0.603569 0.2723528 0.749352
vn 0.603569 -0.2723528 -0.749352
vn 0.603569 -0.2723528 -0.749352
vn 0.603569 -0.2723528 -0.749352
vn 0.603569 -0.2723528 -0.749352
vn 0.603569 -0.2723528 -0.749352
vn 0.603569 -0.2723528 -0.749352
vn 0.603569 -0.2723528 -0.749352
vn 0.603569 -0.2723528 -0.749352
vn 0.603569 -0.2723528 -0.749352
vn 0.603569 -0.2723528 -0.749352
vn 0.603569 -0.2723528 -0.749352
vn 0.603569 -0.2723528 -0.749352
vn 0.603569 -0.2723528 -0.749352
vn 0.603569 -0.2723528 -0.749352
vn 0.603569 -0.2723528 -0.749352
vn 0.603569 -0.2723528 -0.749352
vn 0.603569 -0.2723528 -0.749352
vn 0.603569 -0.2723528 -0.749352
vn 0.603569 -0.2723528 -0.749352
vn 0.603569 -0.2723528 -0.749352
vn 0.603569 -0.2723528 -0.749352
vn 0.603569 -0.2723528 -0.749352
vn 0.603569 -0.2723528 -0.749352
vn 0.603569 -0.2723528 -0.749352
vn 0.603569 -0.2723528 -0.749352
vn 0.603569 -0.2723528 -0.749352
vn 0.603569 -0.2723528 -0.749352
vn 0.603569 -0.2723528 -0.749352
vn 0.603569 -0.2723528 -0.749352
vn 0.603569 -0.2723528 -0.749352
vn 0.603569 -0.2723528 -0.749352
vn 0.603569 -0.2723528 -0.749352
vn 0.603569 -0.2723528 -0.749352
vn 0.603569 -0.2723528 -0.749352
vn 0.603569 -0.2723528 -0.749352
vn 0.603569 -0.2723528 -0.749352
vn 0.603569 -0.2723528 -0.749352
vn 0.603569 -0.2723528 -0.749352
vn 0.603569 -0.2723528 -0.749352
vn 0.603569 -0.2723528 -0.749352
vn 0.603569 -0.2723528 -0.749352
vn 0.603569 -0.2723528 -0.749352
vn 0.603569 -0.2723528 -0.749352
vn 0.603569 -0.2723528 -0.749352
vn 0.603569 -0.2723528 -0.749352
vn 0.603569 -0.2723528 -0.749352
vn 0.603569 -0.2723528 -0.749352
vn 0.603569 -0.2723528 -0.749352
vn 0.603569 -0.2723528 -0.749352
vn 0.603569 -0.2723528 -0.749352
vn 0.603569 -0.2723528 -0.749352
vn 0.603569 -0.2723528 -0.749352
vn 0.603569 -0.2723528 -0.749352
vn 0.603569 -0.2723528 -0.749352
vn 0.603569 -0.2723528 -0.749352
vn 0.603569 -0.2723528 -0.749352
vn 0.603569 -0.2723528 -0.749352
vn 0.603569 -0.2723528 -0.749352
vn 0.603569 -0.2723528 -0.749352
vn 0.603569 -0.2723528 -0.749352
vn 0.603569 -0.2723528 -0.749352
vn 0.603569 -0.2723528 -0.749352
vn 0.603569 -0.2723528 -0.749352
vn 0.603569 -0.2723528 -0.749352
vn 0.603569 -0.2723528 -0.749352
vn 0.603569 -0.2723528 -0.749352
vn 0.603569 -0.2723528 -0.749352
vn 0.603569 -0.2723528 -0.749352
vn 0.603569 -0.2723528 -0.749352
vn 0.603569 -0.2723528 -0.749352
vn 0.603569 -0.2723528 -0.749352
vn 0.603569 -0.2723528 -0.749352
vn 0.603569 -0.2723528 -0.749352
vn 0.603569 -0.2723528 -0.749352
vn 0.603569 -0.2723528 -0.749352
vn 0.603569 -0.2723528 -0.749352
vn 0.603569 -0.2723528 -0.749352
vn 0.603569 -0.2723528 -0.749352
vn 0.603569 -0.2723528 -0.749352
vn 0.603569 -0.2723528 -0.749352
vn 0.603569 -0.2723528 -0.749352
vn 0.603569 -0.2723528 -0.749352
vn 0.603569 -0.2723528 -0.749352
vn 0.603569 -0.2723528 -0.749352
vn 0.603569 -0.2723528 -0.749352
vn 0.603569 -0.2723528 -0.749352
vn 0.603569 -0.2723528 -0.749352
vn 0.603569 -0.2723528 -0.749352
vn 0.603569 -0.2723528 -0.749352
vn 0.603569 -0.2723528 -0.749352
vn 0.603569 -0.2723528 -0.749352
vn 0.603569 -0.2723528 -0.749352
vn 0.603569 -0.2723528 -0.749352
vn 0.603569 -0.2723528 -0.749352
vn 0.603569 -0.2723528 -0.749352
vn 0.603569 -0.2723528 -0.749352
vn 0.603569 -0.2723528 -0.749352
vn 0.603569 -0.2723528 -0.749352
vn 0.603569 -0.2723528 -0.749352
vn 0.603569 -0.2723528 -0.749352
vn 0.603569 -0.2723528 -0.749352
vn 0.603569 -0.2723528 -0.749352
vn 0.603569 -0.2723528 -0.749352
vn 0.603569 -0.2723528 -0.749352
vn 0.603569 -0.2723528 -0.749352
vn 0.603569 -0.2723528 -0.749352
vn 0.603569 -0.2723528 -0.749352
vn 0.603569 -0.2723528 -0.749352
vn 0.603569 -0.2723528 -0.749352
vn 0.603569 -0.2723528 -0.749352
vn 0.603569 -0.2723528 -0.749352
vn 0.603569 -0.2723528 -0.749352
vn 0.603569 -0.2723528 -0.749352
vn 0.603569 -0.2723528 -0.749352
vn 0.603569 -0.2723528 -0.749352
vn 0.603569 -0.2723528 -0.749352
vn 0.603569 -0.2723528 -0.749352
vn 0.603569 -0.2723528 -0.749352
vn 0.603569 -0.2723528 -0.749352
vn 0.603569 -0.2723528 -0.749352
vn 0.603569 -0.2723528 -0.749352
vn 0.603569 -0.2723528 -0.749352
vn 0.603569 -0.2723528 -0.749352
vn 0.603569 -0.2723528 -0.749352
vn 0.603569 -0.2723528 -0.749352
vn 0.603569 -0.2723528 -0.749352
vn 0.603569 -0.2723528 -0.749352
vn 0.603569 -0.2723528 -0.749352
vn 0.603569 -0.2723528 -0.749352
vn 0.603569 -0.2723528 -0.749352
vn 0.603569 -0.2723528 -0.749352
vn 0.603569 -0.2723528 -0.749352
vn 0.603569 -0.2723528 -0.749352
vn 0.603569 -0.2723528 -0.749352
vn 0.603569 -0.2723528 -0.749352
vn 0.603569 -0.2723528 -0.749352
vn 0.603569 -0.2723528 -0.749352
vn 0.603569 -0.2723528 -0.749352
vn 0.603569 -0.2723528 -0.749352
vn 0.603569 -0.2723528 -0.749352
vt -0.05 0
vt -0.05 0.5
vt 0 0.5
vt 0 0
vt -0.05 0.5
vt -0.05 1
vt 0 1
vt 0 0.5
vt -0.1 0
vt -0.1 0.5
vt -0.05 0.5
vt -0.05 0
vt -0.1 0.5
vt -0.1 1
vt -0.05 1
vt -0.05 0.5
vt -0.15 0
vt -0.15 0.5
vt -0.1 0.5
vt -0.1 0
vt -0.15 0.5
vt -0.15 1
vt -0.1 1
vt -0.1 0.5
vt -0.2 0
vt -0.2 0.5
vt -0.15 0.5
vt -0.15 0
vt -0.2 0.5
vt -0.2 1
vt -0.15 1
vt -0.15 0.5
vt -0.25 0
vt -0.25 0.5
vt -0.2 0.5
vt -0.2 0
vt -0.25 0.5
vt -0.25 1
vt -0.2 1
vt -0.2 0.5
vt -0.3 0
vt -0.3 0.5
vt -0.25 0.5
vt -0.25 0
vt -0.3 0.5
vt -0.3 1
vt -0.25 1
vt -0.25 0.5
vt -0.35 0
vt -0.35 0.5
vt -0.3 0.5
vt -0.3 0
vt -0.35 0.5
vt -0.35 1
vt -0.3 1
vt -0.3 0.5
vt -0.4 0
vt -0.4 0.5
vt -0.35 0.5
vt -0.35 0
vt -0.4 0.5
vt -0.4 1
vt -0.35 1
vt -0.35 0.5
vt -0.45 0
vt -0.45 0.5
vt -0.4 0.5
vt -0.4 0
vt -0.45 0.5
vt -0.45 1
vt -0.4 1
vt -0.4 0.5
vt -0.5 0
vt -0.5 0.5
vt -0.45 0.5
vt -0.45 0
vt -0.5 0.5
vt -0.5 1
vt -0.45 1
vt -0.45 0.5
vt -0.55 0
vt -0.55 0.5
vt -0.5 0.5
vt -0.5 0
vt -0.55 0.5
vt -0.55 1
vt -0.5 1
vt -0.5 0.5
vt -0.6 0
vt -0.6 0.5
vt -0.55 0.5
vt -0.55 0
vt -0.6 0.5
vt -0.6 1
vt -0.55 1
vt -0.55 0.5
vt -0.65 0
vt -0.65 0.5
vt -0.6 0.5
vt -0.6 0
vt -0.65 0.5
vt -0.65 1
vt -0.6 1
vt -0.6 0.5
vt -0.7 0
vt -0.7 0.5
vt -0.65 0.5
vt -0.65 0
vt -0.7 0.5
vt -0.7 1
vt -0.65 1
vt -0.65 0.5
vt -0.75 0
vt -0.75 0.5
vt -0.7 0.5
vt -0.7 0
vt -0.75 0.5
vt -0.75 1
vt -0.7 1
vt -0.7 0.5
vt -0.8 0
vt -0.8 0.5
vt -0.75 0.5
vt -0.75 0
vt -0.8 0.5
vt -0.8 1
vt -0.75 1
vt -0.75 0.5
vt -0.85 0
vt -0.85 0.5
vt -0.8 0.5
vt -0.8 0
vt -0.85 0.5
vt -0.85 1
vt -0.8 1
vt -0.8 0.5
vt -0.9 0
vt -0.9 0.5
vt -0.85 0.5
vt -0.85 0
vt -0.9 0.5
vt -0.9 1
vt -0.85 1
vt -0.85 0.5
vt -0.95 0
vt -0.95 0.5
vt -0.9 0.5
vt -0.9 0
vt -0.95 0.5
vt -0.95 1
vt -0.9 1
vt -0.9 0.5
vt -1 0
vt -1 0.5
vt -0.95 0.5
vt -0.95 0
vt -1 0.5
vt -1 1
vt -0.95 1
vt -0.95 0.5
vt 0.5 0.5
vt 0.5 0.75
vt 0.5772542 0.7377641
vt 0.5 0.75
vt 0.5 1
vt 0.6545085 0.9755282
vt 0.5772542 0.7377641
vt 0.5 0.5
vt 0.5772542 0.7377641
vt 0.6469463 0.7022542
vt 0.5772542 0.7377641
vt 0.6545085 0.9755282
vt 0.7938926 0.9045085
vt 0.6469463 0.7022542
vt 0.5 0.5
vt 0.6469463 0.7022542
vt 0.7022542 0.6469463
vt 0.6469463 0.7022542
vt 0.7938926 0.9045085
vt 0.9045085 0.7938926
vt 0.7022542 0.6469463
vt 0.5 0.5
vt 0.7022542 0.6469463
vt 0.7377641 0.5772542
vt 0.7022542 0.6469463
vt 0.9045085 0.7938926
vt 0.9755282 0.6545085
vt 0.7377641 0.5772542
vt 0.5 0.5
vt 0.7377641 0.5772542
vt 0.75 0.5
vt 0.7377641 0.5772542
vt 0.9755282 0.6545085
vt 1 0.5
vt 0.75 0.5
vt 0.5 0.5
vt 0.75 0.5
vt 0.7377641 0.4227457
vt 0.75 0.5
vt 1 0.5
vt 0.9755282 0.3454915
vt 0.7377641 0.4227457
vt 0.5 0.5
vt 0.7377641 0.4227457
vt 0.7022542 0.3530537
vt 0.7377641 0.4227457
vt 0.9755282 0.3454915
vt 0.9045085 0.2061074
vt 0.7022542 0.3530537
vt 0.5 0.5
vt 0.7022542 0.3530537
vt 0.6469463 0.2977457
vt 0.7022542 0.3530537
vt 0.9045085 0.2061074
vt 0.7938926 0.09549147
vt 0.6469463 0.2977457
vt 0.5 0.5
vt 0.6469463 0.2977457
vt 0.5772542 0.2622359
vt 0.6469463 0.2977457
vt 0.7938926 0.09549147
vt 0.6545084 0.0244717
vt 0.5772542 0.2622359
vt 0.5 0.5
vt 0.5772542 0.2622359
vt 0.5 0.25
vt 0.5772542 0.2622359
vt 0.6545084 0.0244717
vt 0.5 0
vt 0.5 0.25
vt 0.5 0.5
vt 0.5 0.25
vt 0.4227458 0.2622359
vt 0.5 0.25
vt 0.5 0
vt 0.3454915 0.02447173
vt 0.4227458 0.2622359
vt 0.5 0.5
vt 0.4227458 0.2622359
vt 0.3530537 0.2977458
vt 0.4227458 0.2622359
vt 0.3454915 0.02447173
vt 0.2061073 0.09549153
vt 0.3530537 0.2977458
vt 0.5 0.5
vt 0.3530537 0.2977458
vt 0.2977457 0.3530537
vt 0.3530537 0.2977458
vt 0.2061073 0.09549153
vt 0.09549144 0.2061075
vt 0.2977457 0.3530537
vt 0.5 0.5
vt 0.2977457 0.3530537
vt 0.2622359 0.4227457
vt 0.2977457 0.3530537
vt 0.09549144 0.2061075
vt 0.02447176 0.3454915
vt 0.2622359 0.4227457
vt 0.5 0.5
vt 0.2622359 0.4227457
vt 0.25 0.5
vt 0.2622359 0.4227457
vt 0.02447176 0.3454915
vt 0 0.5
vt 0.25 0.5
vt 0.5 0.5
vt 0.25 0.5
vt 0.2622359 0.5772543
vt 0.25 0.5
vt 0 0.5
vt 0.02447176 0.6545086
vt 0.2622359 0.5772543
vt 0.5 0.5
vt 0.2622359 0.5772543
vt 0.2977458 0.6469464
vt 0.2622359 0.5772543
vt 0.02447176 0.6545086
vt 0.09549159 0.7938927
vt 0.2977458 0.6469464
vt 0.5 0.5
vt 0.2977458 0.6469464
vt 0.3530537 0.7022543
vt 0.2977458 0.6469464
vt 0.09549159 0.7938927
vt 0.2061075 0.9045086
vt 0.3530537 0.7022543
vt 0.5 0.5
vt 0.3530537 0.7022543
vt 0.4227458 0.7377641
vt 0.3530537 0.7022543
vt 0.2061075 0.9045086
vt 0.3454915 0.9755282
vt 0.4227458 0.7377641
vt 0.5 0.5
vt 0.4227458 0.7377641
vt 0.5000001 0.75
vt 0.4227458 0.7377641
vt 0.3454915 0.9755282
vt 0.5000001 1
vt 0.5000001 0.75
vt 0.5 0.5
vt 0.5000001 0.75
vt 0.4227458 0.7377641
vt 0.5000001 0.75
vt 0.5000001 1
vt 0.3454915 0.9755282
vt 0.4227458 0.7377641
vt 0.5 0.5
vt 0.4227458 0.7377641
vt 0.3530537 0.7022543
vt 0.4227458 0.7377641
vt 0.3454915 0.9755282
vt 0.2061075 0.9045086
vt 0.3530537 0.7022543
vt 0.5 0.5
vt 0.3530537 0.7022543
vt 0.2977458 0.6469464
vt 0.3530537 0.7022543
vt 0.2061075 0.9045086
vt 0.09549159 0.7938927
vt 0.2977458 0.6469464
vt 0.5 0.5
vt 0.2977458 0.6469464
vt 0.2622359 0.5772543
vt 0.2977458 0.6469464
vt 0.09549159 0.7938927
vt 0.02447176 0.6545086
vt 0.2622359 0.5772543
vt 0.5 0.5
vt 0.2622359 0.5772543
vt 0.25 0.5
vt 0.2622359 0.5772543
vt 0.02447176 0.6545086
vt 0 0.5
vt 0.25 0.5
vt 0.5 0.5
vt 0.25 0.5
vt 0.2622359 0.4227457
vt 0.25 0.5
vt 0 0.5
vt 0.02447176 0.3454915
vt 0.2622359 0.4227457
vt 0.5 0.5
vt 0.2622359 0.4227457
vt 0.2977457 0.3530537
vt 0.2622359 0.4227457
vt 0.02447176 0.3454915
vt 0.09549144 0.2061075
vt 0.2977457 0.3530537
vt 0.5 0.5
vt 0.2977457 0.3530537
vt 0.3530537 0.2977458
vt 0.2977457 0.3530537
vt 0.09549144 0.2061075
vt 0.2061073 0.09549153
vt 0.3530537 0.2977458
vt 0.5 0.5
vt 0.3530537 0.2977458
vt 0.4227458 0.2622359
vt 0.3530537 0.2977458
vt 0.2061073 0.09549153
vt 0.3454915 0.02447173
vt 0.4227458 0.2622359
vt 0.5 0.5
vt 0.4227458 0.2622359
vt 0.5 0.25
vt 0.4227458 0.2622359
vt 0.3454915 0.02447173
vt 0.5 0
vt 0.5 0.25
vt 0.5 0.5
vt 0.5 0.25
vt 0.5772542 0.2622359
vt 0.5 0.25
vt 0.5 0
vt 0.6545084 0.0244717
vt 0.5772542 0.2622359
vt 0.5 0.5
vt 0.5772542 0.2622359
vt 0.6469463 0.2977457
vt 0.5772542 0.2622359
vt 0.6545084 0.0244717
vt 0.7938926 0.09549147
vt 0.6469463 0.2977457
vt 0.5 0.5
vt 0.6469463 0.2977457
vt 0.7022542 0.3530537
vt 0.6469463 0.2977457
vt 0.7938926 0.09549147
vt 0.9045085 0.2061074
vt 0.7022542 0.3530537
vt 0.5 0.5
vt 0.7022542 0.3530537
vt 0.7377641 0.4227457
vt 0.7022542 0.3530537
vt 0.9045085 0.2061074
vt 0.9755282 0.3454915
vt 0.7377641 0.4227457
vt 0.5 0.5
vt 0.7377641 0.4227457
vt 0.75 0.5
vt 0.7377641 0.4227457
vt 0.9755282 0.3454915
vt 1 0.5
vt 0.75 0.5
vt 0.5 0.5
vt 0.75 0.5
vt 0.7377641 0.5772542
vt 0.75 0.5
vt 1 0.5
vt 0.9755282 0.6545085
vt 0.7377641 0.5772542
vt 0.5 0.5
vt 0.7377641 0.5772542
vt 0.7022542 0.6469463
vt 0.7377641 0.5772542
vt 0.9755282 0.6545085
vt 0.9045085 0.7938926
vt 0.7022542 0.6469463
vt 0.5 0.5
vt 0.7022542 0.6469463
vt 0.6469463 0.7022542
vt 0.7022542 0.6469463
vt 0.9045085 0.7938926
vt 0.7938926 0.9045085
vt 0.6469463 0.7022542
vt 0.5 0.5
vt 0.6469463 0.7022542
vt 0.5772542 0.7377641
vt 0.6469463 0.7022542
vt 0.7938926 0.9045085
vt 0.6545085 0.9755282
vt 0.5772542 0.7377641
vt 0.5 0.5
vt 0.5772542 0.7377641
vt 0.5 0.75
vt 0.5772542 0.7377641
vt 0.6545085 0.9755282
vt 0.5 1
vt 0.5 0.75
usemtl Material 4
f 2891/2891/2891 2890/2890/2890 2889/2889/2889
f 2891/2891/2891 2889/2889/2889 2892/2892/2892
f 2895/2895/2895 2894/2894/2894 2893/2893/2893
f 2895/2895/2895 2893/2893/2893 2896/2896/2896
f 2899/2899/2899 2898/2898/2898 2897/2897/2897
f 2899/2899/2899 2897/2897/2897 2900/2900/2900
f 2903/2903/2903 2902/2902/2902 2901/2901/2901
f 2903/2903/2903 2901/2901/2901 2904/2904/2904
f 2907/2907/2907 2906/2906/2906 2905/2905/2905
f 2907/2907/2907 2905/2905/2905 2908/2908/2908
f 2911/2911/2911 2910/2910/2910 2909/2909/2909
f 2911/2911/2911 2909/2909/2909 2912/2912/2912
f 2915/2915/2915 2914/2914/2914 2913/2913/2913
f 2915/2915/2915 2913/2913/2913 2916/2916/2916
f 2919/2919/2919 2918/2918/2918 2917/2917/2917
f 2919/2919/2919 2917/2917/2917 2920/2920/2920
f 2923/2923/2923 2922/2922/2922 2921/2921/2921
f 2923/2923/2923 2921/2921/2921 2924/2924/2924
f 2927/2927/2927 2926/2926/2926 2925/2925/2925
f 2927/2927/2927 2925/2925/2925 2928/2928/2928
f 2931/2931/2931 2930/2930/2930 2929/2929/2929
f 2931/2931/2931 2929/2929/2929 2932/2932/2932
f 2935/2935/2935 2934/2934/2934 2933/2933/2933
f 2935/2935/2935 2933/2933/2933 2936/2936/2936
f 2939/2939/2939 2938/2938/2938 2937/2937/2937
f 2939/2939/2939 2937/2937/2937 2940/2940/2940
f 2943/2943/2943 2942/2942/2942 2941/2941/2941
f 2943/2943/2943 2941/2941/2941 2944/2944/2944
f 2947/2947/2947 2946/2946/2946 2945/2945/2945
f 2947/2947/2947 2945/2945/2945 2948/2948/2948
f 2951/2951/2951 2950/2950/2950 2949/2949/2949
f 2951/2951/2951 2949/2949/2949 2952/2952/2952
f 2955/2955/2955 2954/2954/2954 2953/2953/2953
f 2955/2955/2955 2953/2953/2953 2956/2956/2956
f 2959/2959/2959 2958/2958/2958 2957/2957/2957
f 2959/2959/2959 2957/2957/2957 2960/2960/2960
f 2963/2963/2963 2962/2962/2962 2961/2961/2961
f 2963/2963/2963 2961/2961/2961 2964/2964/2964
f 2967/2967/2967 2966/2966/2966 2965/2965/2965
f 2967/2967/2967 2965/2965/2965 2968/2968/2968
f 2971/2971/2971 2970/2970/2970 2969/2969/2969
f 2971/2971/2971 2969/2969/2969 2972/2972/2972
f 2975/2975/2975 2974/2974/2974 2973/2973/2973
f 2975/2975/2975 2973/2973/2973 2976/2976/2976
f 2979/2979/2979 2978/2978/2978 2977/2977/2977
f 2979/2979/2979 2977/2977/2977 2980/2980/2980
f 2983/2983/2983 2982/2982/2982 2981/2981/2981
f 2983/2983/2983 2981/2981/2981 2984/2984/2984
f 2987/2987/2987 2986/2986/2986 2985/2985/2985
f 2987/2987/2987 2985/2985/2985 2988/2988/2988
f 2991/2991/2991 2990/2990/2990 2989/2989/2989
f 2991/2991/2991 2989/2989/2989 2992/2992/2992
f 2995/2995/2995 2994/2994/2994 2993/2993/2993
f 2995/2995/2995 2993/2993/2993 2996/2996/2996
f 2999/2999/2999 2998/2998/2998 2997/2997/2997
f 2999/2999/2999 2997/2997/2997 3000/3000/3000
f 3003/3003/3003 3002/3002/3002 3001/3001/3001
f 3003/3003/3003 3001/3001/3001 3004/3004/3004
f 3007/3007/3007 3006/3006/3006 3005/3005/3005
f 3007/3007/3007 3005/3005/3005 3008/3008/3008
f 3011/3011/3011 3010/3010/3010 3009/3009/3009
f 3011/3011/3011 3009/3009/3009 3012/3012/3012
f 3015/3015/3015 3014/3014/3014 3013/3013/3013
f 3015/3015/3015 3013/3013/3013 3016/3016/3016
f 3019/3019/3019 3018/3018/3018 3017/3017/3017
f 3019/3019/3019 3017/3017/3017 3020/3020/3020
f 3023/3023/3023 3022/3022/3022 3021/3021/3021
f 3023/3023/3023 3021/3021/3021 3024/3024/3024
f 3027/3027/3027 3026/3026/3026 3025/3025/3025
f 3027/3027/3027 3025/3025/3025 3028/3028/3028
f 3031/3031/3031 3030/3030/3030 3029/3029/3029
f 3031/3031/3031 3029/3029/3029 3032/3032/3032
f 3035/3035/3035 3034/3034/3034 3033/3033/3033
f 3035/3035/3035 3033/3033/3033 3036/3036/3036
f 3039/3039/3039 3038/3038/3038 3037/3037/3037
f 3039/3039/3039 3037/3037/3037 3040/3040/3040
f 3043/3043/3043 3042/3042/3042 3041/3041/3041
f 3043/3043/3043 3041/3041/3041 3044/3044/3044
f 3047/3047/3047 3046/3046/3046 3045/3045/3045
f 3047/3047/3047 3045/3045/3045 3048/3048/3048
f 3051/3051/3051 3050/3050/3050 3049/3049/3049
f 3054/3054/3054 3053/3053/3053 3052/3052/3052
f 3054/3054/3054 3052/3052/3052 3055/3055/3055
f 3058/3058/3058 3057/3057/3057 3056/3056/3056
f 3061/3061/3061 3060/3060/3060 3059/3059/3059
f 3061/3061/3061 3059/3059/3059 3062/3062/3062
f 3065/3065/3065 3064/3064/3064 3063/3063/3063
f 3068/3068/3068 3067/3067/3067 3066/3066/3066
f 3068/3068/3068 3066/3066/3066 3069/3069/3069
f 3072/3072/3072 3071/3071/3071 3070/3070/3070
f 3075/3075/3075 3074/3074/3074 3073/3073/3073
f 3075/3075/3075 3073/3073/3073 3076/3076/3076
f 3079/3079/3079 3078/3078/3078 3077/3077/3077
f 3082/3082/3082 3081/3081/3081 3080/3080/3080
f 3082/3082/3082 3080/3080/3080 3083/3083/3083
f 3086/3086/3086 3085/3085/3085 3084/3084/3084
f 3089/3089/3089 3088/3088/3088 3087/3087/3087
f 3089/3089/3089 3087/3087/3087 3090/3090/3090
f 3093/3093/3093 3092/3092/3092 3091/3091/3091
f 3096/3096/3096 3095/3095/3095 3094/3094/3094
f 3096/3096/3096 3094/3094/3094 3097/3097/3097
f 3100/3100/3100 3099/3099/3099 3098/3098/3098
f 3103/3103/3103 3102/3102/3102 3101/3101/3101
f 3103/3103/3103 3101/3101/3101 3104/3104/3104
f 3107/3107/3107 3106/3106/3106 3105/3105/3105
f 3110/3110/3110 3109/3109/3109 3108/3108/3108
f 3110/3110/3110 3108/3108/3108 3111/3111/3111
f 3114/3114/3114 3113/3113/3113 3112/3112/3112
f 3117/3117/3117 3116/3116/3116 3115/3115/3115
f 3117/3117/3117 3115/3115/3115 3118/3118/3118
f 3121/3121/3121 3120/3120/3120 3119/3119/3119
f 3124/3124/3124 3123/3123/3123 3122/3122/3122
f 3124/3124/3124 3122/3122/3122 3125/3125/3125
f 3128/3128/3128 3127/3127/3127 3126/3126/3126
f 3131/3131/3131 3130/3130/3130 3129/3129/3129
f 3131/3131/3131 3129/3129/3129 3132/3132/3132
f 3135/3135/3135 3134/3134/3134 3133/3133/3133
f 3138/3138/3138 3137/3137/3137 3136/3136/3136
f 3138/3138/3138 3136/3136/3136 3139/3139/3139
f 3142/3142/3142 3141/3141/3141 3140/3140/3140
f 3145/3145/3145 3144/3144/3144 3143/3143/3143
f 3145/3145/3145 3143/3143/3143 3146/3146/3146
f 3149/3149/3149 3148/3148/3148 3147/3147/3147
f 3152/3152/3152 3151/3151/3151 3150/3150/3150
f 3152/3152/3152 3150/3150/3150 3153/3153/3153
f 3156/3156/3156 3155/3155/3155 3154/3154/3154
f 3159/3159/3159 3158/3158/3158 3157/3157/3157
f 3159/3159/3159 3157/3157/3157 3160/3160/3160
f 3163/3163/3163 3162/3162/3162 3161/3161/3161
f 3166/3166/3166 3165/3165/3165 3164/3164/3164
f 3166/3166/3166 3164/3164/3164 3167/3167/3167
f 3170/3170/3170 3169/3169/3169 3168/3168/3168
f 3173/3173/3173 3172/3172/3172 3171/3171/3171
f 3173/3173/3173 3171/3171/3171 3174/3174/3174
f 3177/3177/3177 3176/3176/3176 3175/3175/3175
f 3180/3180/3180 3179/3179/3179 3178/3178/3178
f 3180/3180/3180 3178/3178/3178 3181/3181/3181
f 3184/3184/3184 3183/3183/3183 3182/3182/3182
f 3187/3187/3187 3186/3186/3186 3185/3185/3185
f 3187/3187/3187 3185/3185/3185 3188/3188/3188
f 3191/3191/3191 3190/3190/3190 3189/3189/3189
f 3194/3194/3194 3193/3193/3193 3192/3192/3192
f 3194/3194/3194 3192/3192/3192 3195/3195/3195
f 3198/3198/3198 3197/3197/3197 3196/3196/3196
f 3201/3201/3201 3200/3200/3200 3199/3199/3199
f 3201/3201/3201 3199/3199/3199 3202/3202/3202
f 3205/3205/3205 3204/3204/3204 3203/3203/3203
f 3208/3208/3208 3207/3207/3207 3206/3206/3206
f 3208/3208/3208 3206/3206/3206 3209/3209/3209
f 3212/3212/3212 3211/3211/3211 3210/3210/3210
f 3215/3215/3215 3214/3214/3214 3213/3213/3213
f 3215/3215/3215 3213/3213/3213 3216/3216/3216
f 3219/3219/3219 3218/3218/3218 3217/3217/3217
f 3222/3222/3222 3221/3221/3221 3220/3220/3220
f 3222/3222/3222 3220/3220/3220 3223/3223/3223
f 3226/3226/3226 3225/3225/3225 3224/3224/3224
f 3229/3229/3229 3228/3228/3228 3227/3227/3227
f 3229/3229/3229 3227/3227/3227 3230/3230/3230
f 3233/3233/3233 3232/3232/3232 3231/3231/3231
f 3236/3236/3236 3235/3235/3235 3234/3234/3234
f 3236/3236/3236 3234/3234/3234 3237/3237/3237
f 3240/3240/3240 3239/3239/3239 3238/3238/3238
f 3243/3243/3243 3242/3242/3242 3241/3241/3241
f 3243/3243/3243 3241/3241/3241 3244/3244/3244
f 3247/3247/3247 3246/3246/3246 3245/3245/3245
f 3250/3250/3250 3249/3249/3249 3248/3248/3248
f 3250/3250/3250 3248/3248/3248 3251/3251/3251
f 3254/3254/3254 3253/3253/3253 3252/3252/3252
f 3257/3257/3257 3256/3256/3256 3255/3255/3255
f 3257/3257/3257 3255/3255/3255 3258/3258/3258
f 3261/3261/3261 3260/3260/3260 3259/3259/3259
f 3264/3264/3264 3263/3263/3263 3262/3262/3262
f 3264/3264/3264 3262/3262/3262 3265/3265/3265
f 3268/3268/3268 3267/3267/3267 3266/3266/3266
f 3271/3271/3271 3270/3270/3270 3269/3269/3269
f 3271/3271/3271 3269/3269/3269 3272/3272/3272
f 3275/3275/3275 3274/3274/3274 3273/3273/3273
f 3278/3278/3278 3277/3277/3277 3276/3276/3276
f 3278/3278/3278 3276/3276/3276 3279/3279/3279
f 3282/3282/3282 3281/3281/3281 3280/3280/3280
f 3285/3285/3285 3284/3284/3284 3283/3283/3283
f 3285/3285/3285 3283/3283/3283 3286/3286/3286
f 3289/3289/3289 3288/3288/3288 3287/3287/3287
f 3292/3292/3292 3291/3291/3291 3290/3290/3290
f 3292/3292/3292 3290/3290/3290 3293/3293/3293
f 3296/3296/3296 3295/3295/3295 3294/3294/3294
f 3299/3299/3299 3298/3298/3298 3297/3297/3297
f 3299/3299/3299 3297/3297/3297 3300/3300/3300
f 3303/3303/3303 3302/3302/3302 3301/3301/3301
f 3306/3306/3306 3305/3305/3305 3304/3304/3304
f 3306/3306/3306 3304/3304/3304 3307/3307/3307
f 3310/3310/3310 3309/3309/3309 3308/3308/3308
f 3313/3313/3313 3312/3312/3312 3311/3311/3311
f 3313/3313/3313 3311/3311/3311 3314/3314/3314
f 3317/3317/3317 3316/3316/3316 3315/3315/3315
f 3320/3320/3320 3319/3319/3319 3318/3318/3318
f 3320/3320/3320 3318/3318/3318 3321/3321/3321
f 3324/3324/3324 3323/3323/3323 3322/3322/3322
f 3327/3327/3327 3326/3326/3326 3325/3325/3325
f 3327/3327/3327 3325/3325/3325 3328/3328/3328
